<?xml version="1.0" encoding="utf-8"?>
<!DOCTYPE article PUBLIC "-//NLM//DTD JATS (Z39.96) Journal Publishing DTD v1.0 20120330//EN" "JATS-journalpublishing1.dtd">
<article xmlns:xlink="http://www.w3.org/1999/xlink" xmlns:mml="http://www.w3.org/1998/Math/MathML"
   dtd-version="1.0" specific-use="sps-1.1" article-type="review-article" xml:lang="en">
   <front>
      <journal-meta>
         <journal-id journal-id-type="nlm-ta">Rev Soc Bras Med Trop</journal-id>
         <journal-title-group>
            <journal-title>Revista da Sociedade Brasileira de Medicina Tropical</journal-title>
            <abbrev-journal-title abbrev-type="publisher">Rev. Soc. Bras. Med.
               Trop.</abbrev-journal-title>
         </journal-title-group>
         <issn pub-type="ppub">0037-8682</issn>
         <publisher>
            <publisher-name>Sociedade Brasileira de Medicina Tropical - SBMT</publisher-name>
         </publisher>
      </journal-meta>
      <article-meta>
         <article-id pub-id-type="doi">10.1590/0037-8682-0244-2014</article-id>
         <article-categories>
            <subj-group subj-group-type="heading">
               <subject>Review Article</subject>
            </subj-group>
         </article-categories>
         <title-group>
            <article-title>Health-related quality of life in patients with Chagas disease: a review
               of the evidence</article-title>
         </title-group>
         <contrib-group>
            <contrib contrib-type="author">
               <name>
                  <surname>Sousa</surname>
                  <given-names>Giovane Rodrigo</given-names>
               </name>
               <xref ref-type="aff" rid="aff1">
                  <sup>1</sup>
               </xref>
            </contrib>
            <contrib contrib-type="author">
               <name>
                  <surname>Costa</surname>
                  <given-names>Henrique Silveira</given-names>
               </name>
               <xref ref-type="aff" rid="aff1">
                  <sup>1</sup>
               </xref>
            </contrib>
            <contrib contrib-type="author">
               <name>
                  <surname>Souza</surname>
                  <given-names>Aline Cristina</given-names>
               </name>
               <xref ref-type="aff" rid="aff1">
                  <sup>1</sup>
               </xref>
            </contrib>
            <contrib contrib-type="author">
               <name>
                  <surname>Nunes</surname>
                  <given-names>Maria Carmo Pereira</given-names>
               </name>
               <xref ref-type="aff" rid="aff1">
                  <sup>1</sup>
               </xref>
            </contrib>
            <contrib contrib-type="author">
               <name>
                  <surname>Lima</surname>
                  <given-names>Márcia Maria Oliveira</given-names>
               </name>
               <xref ref-type="aff" rid="aff2">
                  <sup>2</sup>
               </xref>
            </contrib>
            <contrib contrib-type="author">
               <name>
                  <surname>Rocha</surname>
                  <given-names>Manoel Otávio da Costa</given-names>
               </name>
               <xref ref-type="aff" rid="aff1">
                  <sup>1</sup>
               </xref>
            </contrib>
         </contrib-group>
         <aff id="aff1">
            <label>1</label>
            <institution content-type="original">Programa de Pós-Graduação em Ciências da Saúde:
               Infectologia e Medicina Tropical, Departamento de Clínica Médica, Faculdade de
               Medicina, Universidade Federal de Minas Gerais, Belo Horizonte, Minas Gerais,
               Brasil.</institution>
            <institution content-type="normalized">Universidade Federal de Minas
               Gerais</institution>
            <institution content-type="orgdiv2">Programa de Pós-Graduação em Ciências da Saúde:
               Infectologia e Medicina Tropical</institution>
            <institution content-type="orgdiv1">Faculdade de Medicina</institution>
            <institution content-type="orgname">Universidade Federal de Minas Gerais</institution>
            <addr-line>
               <named-content content-type="city">Belo Horizonte</named-content>
               <named-content content-type="state">Minas Gerais</named-content>
            </addr-line>
            <country>Brazil</country>
         </aff>
         <aff id="aff2">
            <label>2</label>
            <institution content-type="original">Faculdade Ciências Biológicas e da Saúde,
               Departamento de Fisioterapia, Universidade Federal dos Vales do Jequitinhonha e
               Mucuri, Diamantina, Minas Gerais, Brasil.</institution>
            <institution content-type="normalized">Universidade Federal dos Vales do Jequitinhonha e
               Mucuri</institution>
            <institution content-type="orgdiv1">Faculdade Ciências Biológicas e da
               Saúde</institution>
            <institution content-type="orgdiv2">Departamento de Fisioterapia</institution>
            <institution content-type="orgname">Universidade Federal dos Vales do Jequitinhonha e
               Mucuri</institution>
            <addr-line>
               <named-content content-type="city">Diamantina</named-content>
               <named-content content-type="state">Minas Gerais</named-content>
            </addr-line>
            <country>Brazil</country>
         </aff>
         <author-notes>
            <corresp id="c1">
               <bold>Corresponding author:</bold> Dr. Giovane Rodrigo Sousa. FM/UFMG. Av. Prof.
               Alfredo Balena, 190/5º andar, Centro, 30130-100 Belo Horizonte, MG, Brasil.
                  <bold>Phone:</bold> 55 31 3409-9641; <bold>Fax:</bold> 55 31 3409-9640.
                  <bold>e-mail:</bold>
               <email>giovane.sousa@gmail.com</email>
            </corresp>
            <fn id="fn1" fn-type="conflict">
               <p>The authors declare that there is no conflict of interest.</p>
            </fn>
         </author-notes>
         <pub-date pub-type="epub-ppub">
            <season>mar-apr</season>
            <year>2015</year>
         </pub-date>
         <volume>48</volume>
         <issue>2</issue>
         <fpage>121</fpage>
         <lpage>128</lpage>
         <history>
            <date date-type="received">
               <day>15</day>
               <month>10</month>
               <year>2014</year>
            </date>
            <date date-type="accepted">
               <day>13</day>
               <month>01</month>
               <year>2015</year>
            </date>
         </history>
         <permissions>
            <license license-type="open-access"
               xlink:href="http://creativecommons.org/licenses/by-nc/3.0/">
               <license-p>This is an open-access article distributed under the terms of the Creative
                  Commons Attribution License</license-p>
            </license>
         </permissions>
         <abstract>
            <p>Chagas disease (ChD), a neglected tropical disease caused by infection with the
               parasite <italic>Trypanosoma cruzi </italic>(<italic>T. cruzi</italic>), remains a
               serious public health issue in Latin America and is an emerging disease in several
               non-endemic countries, where knowledge of the condition and experience with its
               clinical management are limited. Regionally, the disease is the major cause of
               disability secondary to tropical diseases in young adults. Health-related quality of
               life (HRQoL) impairment is common in patients with ChD, especially in those with
               Chagas dilated cardiomyopathy, the most severe manifestation of the disease, which
               frequently leads to heart failure. The aim of this review was to conduct a literature
               search for studies that have evaluated the determining factors of HRQoL in ChD
               patients. We included cross-sectional, case-control, cohort, and experimental
               studies, as well as clinical trials that evaluated the HRQoL in ChD patients aged 18
               to 60 years and are presenting an explicit description of statistical analysis. Using
               a combination of keywords based on Descriptors in Health Sciences (DeCS) and Medical
               Subject Headings (MeSH) for searches in PubMed and the Scientific Electronic Library
               Online (SciELO), 148 studies were found. After exclusions, 12 studies were selected
               for analysis. Three main findings were extracted from these studies: 1) cardiac
               involvement is associated with a worse HRQoL in ChD patients; 2) HRQoL is associated
               with the patients' functional capacity; and 3) simple and inexpensive therapeutic
               measures are effective for improving HRQoL in ChD patients. Hence, ChD patients'
               functional capacity, the effectiveness of non-surgical conservative treatment, and
               cardiac involvement are important determining factors for the HRQoL in ChD
               patients.</p>
         </abstract>
         <kwd-group xml:lang="en">
            <kwd>Chagas disease</kwd>
            <kwd>Quality of life</kwd>
            <kwd>Health-related quality of life</kwd>
            <kwd>Cardiomyopathy</kwd>
            <kwd>Determining factors</kwd>
         </kwd-group>
         <counts>
            <fig-count count="1"/>
            <table-count count="3"/>
            <equation-count count="0"/>
            <ref-count count="35"/>
            <page-count count="08"/>
         </counts>
      </article-meta>
   </front>
   <body>
      <sec sec-type="intro">
         <title>INTRODUCTION</title>
         <p>Chagas disease (ChD), a neglected tropical disease caused by infection with the parasite
               <italic>Trypanosoma cruzi </italic>(<italic>T. cruzi</italic>)<xref ref-type="bibr"
               rid="B1">(1)</xref>
            <xref ref-type="bibr" rid="B2">(2)</xref>, remains a serious health problem issue in
            Latin America and is an emerging disease in several non-endemic countries, where
            knowledge of the condition and experience with its clinical management are limited. If
            ChD is not recognized and treated appropriately, patient care can be compromised. The
            World Health Organization (WHO) estimates that 7 to 8 million people are infected
            worldwide, with the majority of infections seen in Latin America where the disease is
               endemic<xref ref-type="bibr" rid="B3">(3)</xref>. Regionally, the disease is the
            major cause of disability secondary to tropical diseases in young adults<xref
               ref-type="bibr" rid="B4">(4)</xref>. In recent decades, the epidemiological profile
            of the disease has changed due to new patterns of immigration and successful control in
            its transmission, leading to the urbanization and globalization of the disease. Cases of
            ChD have been increasingly detected in the US, Canada, as well as in many European and
            some Western Pacific countries<xref ref-type="bibr" rid="B5">(5)</xref>. </p>
         <p>Dilated cardiomyopathy with heart failure is often a late manifestation of the chronic
            phase of ChD and is characterized by chronic myocarditis involving all cardiac chambers
            and damage to the excitation-conducting system of the intrinsic autonomic
               innervation<xref ref-type="bibr" rid="B5">(5)</xref>
            <xref ref-type="bibr" rid="B6">(6)</xref>
            <xref ref-type="bibr" rid="B7">(7)</xref>. This severe and frequently seen manifestation
            of human chronic ChD is characterized by heart failure, cardiac arrhythmia, heart
            blocks, thromboembolic phenomena, and sudden death<xref ref-type="bibr" rid="B7"
               >(7)</xref>. </p>
         <p>Despite having a similar clinical presentation, Chagas dilated cardiomyopathy has some
            peculiar and unique characteristics (such as more extensive inflammation and fibrosis)
            compared to idiopathic dilated cardiomyopathy<xref ref-type="bibr" rid="B7">(7)</xref>
            <xref ref-type="bibr" rid="B8">(8)</xref>
            <xref ref-type="bibr" rid="B9">(9)</xref>. The pathogenesis of ChD is complex, and the
            reason why ChD has a worse prognosis than idiopathic dilated cardiomyopathy has yet to
            be established.</p>
         <p>Impairment of the health-related quality of life (HRQoL) is common in ChD patients,
            especially among those presenting with dilated cardiomyopathy, which frequently leads to
            heart failure. However, the mechanisms involved in this HRQoL impairment are not well
               understood<xref ref-type="bibr" rid="B10">(10)</xref>. HRQoL is a broad concept
            derived from a school of thought within the human and biological sciences that values
            parameters that go beyond the control of symptoms of a disease, decrease mortality, and
            increased life expectancy<xref ref-type="bibr" rid="B11">(11)</xref>. An ideal health
            assessment should include a measure of the person's physical health, a measure of
            physical, social and psychological functioning, and a measure of quality of life. Such
            an assessment should cover key physical, psychological, social and spiritual domains of
               life<xref ref-type="bibr" rid="B12">(12)</xref>. The assessment of HRQoL in ChD
            patients is important due to the complex interplay of biological, cultural, and
            socioeconomic factors that have strong medical-labor impacts and the stigmatizing nature
            of the disease. Therefore, the aim of this review was to conduct a literature search for
            studies that have evaluated the determining factors of HRQoL in ChD patients. </p>
      </sec>
      <sec sec-type="methods">
         <title>METHODS</title>
         <p>This review is a summary of the evidence on the evaluation of HRQoL in ChD patients. Our
            inclusion criteria were: a) studies that evaluated HRQoL in ChD patients; b)
            cross-sectional, case-control, cohort, and experimental studies, as well as clinical
            trials; c) studies in ChD patients ranging from 18 to 60 years of age. We excluded
            duplicate articles, studies on pregnant women, those that evaluated HRQoL after surgical
            procedures, articles that did not fit the objective of this review, and papers that were
            published before the year 2000. There were no restrictions regarding the language of the
            papers.</p>
         <p>We conducted the main literature search in PubMed. Secondary sources of information from
            the Scientific Electronic Library Online (SciELO) were also consulted. The keywords used
            in our search strategy were based on Descriptors in Health Sciences (DeCS) and Medical
            Subject Headings (MeSH) and included <italic>Chagas, Chagas disease, Chagas heart
               disease, Chagas cardiomyopathy, quality of life</italic>, and <italic>health-related
               quality of life</italic>. The keywords were matched between the two groups (Chagas
            heart disease and quality of life) using search operators (quotes, parentheses,
               <italic>AND</italic>, and <italic>OR</italic>). To verify the methodological quality
            of the studies, the PEDro score<xref ref-type="bibr" rid="B13">(13)</xref> was used. The
            literature search was performed by two authors (GRS and HSC) between August and October
            2014.</p>
      </sec>
      <sec sec-type="results">
         <title>RESULTS</title>
         <p>Using pre-established descriptors, a total of 148 studies were found <bold>(</bold>
            <xref ref-type="fig" rid="f1">Figure 1</xref>
            <bold>)</bold>. Of these, we excluded 76 because they appeared in duplicate and 29
            because we determined that they did not match the objective of the study after reading
            the titles and abstracts. Another 31 studies were considered ineligible based on our
            inclusion criteria. The main reasons for exclusion were the absence of a group of
            patients with ChD (n = 18), the evaluation of HRQoL after surgical treatments (n = 9),
            review studies (n = 2), and studies conducted before the year 2000 (n = 2).</p>
         <p>
            <fig id="f1">
               <label>Figure 1:</label>
               <caption>
                  <title>Search results and selection of studies.</title>
               </caption>
               <graphic xlink:href="../assets/images/0037-8682-rsbmt-48-02-00121-gf1.png"/>
            </fig>
         </p>
         <p>Thus, after all exclusions, 12 studies were selected for analysis. Of these, 10 were
            published in international journals, and 2 were published in Brazilian journals. Six
            cross-sectional studies evaluated HRQoL in ChD patients <bold>(</bold>
            <xref ref-type="table" rid="t1">Table 1</xref>
            <bold>)</bold>
            <xref ref-type="bibr" rid="B5">(5)</xref>
            <xref ref-type="bibr" rid="B10">(10)</xref>
            <xref ref-type="bibr" rid="B14">(14)</xref>
            <xref ref-type="bibr" rid="B15">(15)</xref>
            <xref ref-type="bibr" rid="B16">(16)</xref>
            <xref ref-type="bibr" rid="B17">(17)</xref>, two verified the effect of non-surgical
            conservative treatments on HRQoL in Chagas dilated cardiomyopathy patients
               <bold>(</bold>
            <xref ref-type="table" rid="t2">Table 2</xref>
            <bold>)</bold>
            <xref ref-type="bibr" rid="B18">(18)</xref>
            <xref ref-type="bibr" rid="B19">(19)</xref>, and 4 correlated HRQoL with functional
            capacity in ChD patients <bold>(</bold>
            <xref ref-type="table" rid="t3">Table 3</xref>
            <bold>)</bold>
            <xref ref-type="bibr" rid="B20">(20)</xref>
            <xref ref-type="bibr" rid="B21">(21)</xref>
            <xref ref-type="bibr" rid="B22">(22)</xref>
            <xref ref-type="bibr" rid="B23">(23)</xref>. The studies found in our literature search
            showed heterogeneity in the patient samples: one article included patients presenting
            with all clinical forms of ChD (8.3%), two (16.7%) included patients with pacemakers,
            two (16.7%) did not mention the presence of cardiopathy, and 7 (58.3%) included patients
            with cardiopathy.</p>
         <p>
            <table-wrap id="t1">
               <label>Table 1:</label>
               <caption>
                  <title>Health-related quality of life in Chagas disease patients.</title>
               </caption>
               <graphic xlink:href="../assets/images/0037-8682-rsbmt-48-02-00121-gt1.png"/>
               <table-wrap-foot>
                  <fn id="TFN1">
                     <p>AQUAREL: assessment of quality of life and related events; ChD: Chagas
                        disease; HRQoL: health-related quality of life; MLwHFQ: Minnesota living
                        with heart failure questionnaire; PEDro: physiotherapy evidence database;
                        SF-36: short-form of health survey; WHOQOL-BREF: WHO quality of
                        life-BREF.</p>
                  </fn>
               </table-wrap-foot>
            </table-wrap>
         </p>
         <p>
            <table-wrap id="t2">
               <label>Table 2:</label>
               <caption>
                  <title>Effect of non-surgical treatment on health-related quality of life in
                     Chagas dilated cardiomyopathy patients</title>
               </caption>
               <graphic xlink:href="../assets/images/0037-8682-rsbmt-48-02-00121-gt2.png"/>
               <table-wrap-foot>
                  <fn id="TFN2">
                     <p> HRQoL: health-related quality of life; PEDro: physiotherapy evidence
                        database; RAS: renin-angiotensin system; SF-36: short-form of health
                        Survey.</p>
                  </fn>
               </table-wrap-foot>
            </table-wrap>
         </p>
         <p>
            <table-wrap id="t3">
               <label>TABLE 3:</label>
               <caption>
                  <title>Correlation between functional capacity and health-related quality of life
                     in Chagas disease patients.</title>
               </caption>
               <graphic xlink:href="../assets/images/0037-8682-rsbmt-48-02-00121-gt3.png"/>
               <table-wrap-foot>
                  <fn id="TFN3">
                     <p> ChD: Chagas disease; HRQoL: health-related quality of life; MLwHFQ:
                        Minnesota living with heart failure questionnaire; PEDro: physiotherapy
                        evidence database; QoL: quality of life; SF-36: Short-form of health
                        survey.</p>
                  </fn>
               </table-wrap-foot>
            </table-wrap>
         </p>
         <p>The instruments used for the evaluation of HRQoL include both generic and specific
            questionnaires. The Short-form of Health Survey (SF-36) was the most commonly used
            questionnaire (in 7 studies). The SF-36 is a generic questionnaire containing 36 items
            in 8 domains (vitality, physical functioning, bodily pain, general health, role
            physical, role emotional, social functioning, and mental health) and has been validated
            in the Brazilian Portuguese population<xref ref-type="bibr" rid="B24">(24)</xref>. The
            WHO Quality of Life-BREF (WHOQOL-BREF) is another generic questionnaire that was used in
            two studies<xref ref-type="bibr" rid="B5">(5)</xref>
            <xref ref-type="bibr" rid="B14">(14)</xref>. The WHOQOL-BREF is considered an important
            tool for health professionals in the assessment of treatment efficacy<xref
               ref-type="bibr" rid="B25">(25)</xref>.</p>
         <p>Among the specific questionnaires, the Minnesota Living with Heart Failure Questionnaire
            (MLwHFQ) was used in 5 studies included in this review and consists of 21 questions on
            functionality and disabilities related to heart failure. The MLwHFQ has also been
            validated in the Brazilian Portuguese population<xref ref-type="bibr" rid="B26"
               >(26)</xref>. For a better interpretation of the results, it is important to
            emphasize that the score obtained by the MLwHFQ is inversely proportional to HRQoL.
            Thus, higher scores represent a worse HRQoL. Another instrument, the Assessment of
            QUAlity of life and RELated events (AQUAREL) is a specific questionnaire for evaluating
            HRQoL in pacemaker patients<xref ref-type="bibr" rid="B27">(27)</xref> and was used in
            one study<xref ref-type="bibr" rid="B28">(28)</xref>.</p>
      </sec>
      <sec sec-type="discussion">
         <title>DISCUSSION</title>
         <p>Chagas disease is not understood by the population in the same way as it is by the
            scientific community<xref ref-type="bibr" rid="B29">(29)</xref>. Regardless of the
            clinical presentation, ChD patients are surrounded by discrimination that affects their
            social, cultural, and economic relations, which may limit their quality of life<xref
               ref-type="bibr" rid="B1">(1)</xref>
            <xref ref-type="bibr" rid="B30">(30)</xref>.</p>
         <p>The main findings of the papers identified in this review can be summarized as the
            following 3 key points. In ChD patients, 1) cardiac involvement is associated with worse
            HRQoL; 2) HRQoL is associated with the patients' functional capacity; and 3) simple and
            inexpensive therapeutic measures are effective for improving HRQoL in ChD patients. A
            detailed discussion of these 3 key findings is provided below.</p>
         <sec>
            <title>Health-related quality of life in patients with Chagas disease</title>
            <p>Seven studies that evaluated the HRQoL in ChD patients who did not receive any
               intervention or comparison with clinical parameters were identified. Oliveira et
                  al.<xref ref-type="bibr" rid="B10">(10)</xref> evaluated the HRQoL by using the
               SF-36 and MLwHFQ in ChD patients (n = 125) and compared their scores to those of a
               healthy control group (n = 21). The authors found that HRQoL was significantly worse
               in ChD patients when evaluated by the MLwHFQ (p = 0.028). Moreover, ChD patients had
               worse scores in the physical functioning (p = 0.011) and role emotional (p = 0.010)
               domains of the SF-36 when compared to the control group. In the authors' multivariate
               analysis, a worse HRQoL in ChD patients was associated with the female sex, fewer
               years of education, unmarried status, worst functional class, presence of
               cardiovascular and gastrointestinal symptoms, comorbidities, Doppler
               echocardiographic abnormalities, and ventricular arrhythmia detected during Holter
               monitoring.</p>
            <p>Ozaki et al.<xref ref-type="bibr" rid="B14">(14)</xref> assessed the HRQoL in
               patients with different forms of ChD and found that patients with the digestive form
               had the worst HRQoL scores when evaluated by the WHOQOL and reported more depressive
               symptoms in the Beck Depression Inventory (BDI). Other studies indicated however that
               the presence of cardiac involvement in the disease seemed to have a negative effect
               on the patients' HRQoL. Vieira et al.<xref ref-type="bibr" rid="B23">(23)</xref>
               compared the HRQoL between ChD patients with cardiopathy (n = 16, aged 53.5 ± 9.2
               years) and those with no apparent heart disease (n = 16, aged 51.9 ± 11.9 years)
               using the MLwHFQ. They detected worse HRQoL values in ChD patients with
               cardiomyopathy for the total score of the MLwHFQ (p = 0.001) as well as for physical
               (p = 0.002), emotional (p = 0.031), and general factors (p &lt; 0.001).</p>
            <p>Regarding the cardiac form of the disease, Pelegrino et al.<xref ref-type="bibr"
                  rid="B15">(15)</xref> compared the HRQoL between patients with Chagas dilated
               cardiomyopathy (n = 43) and a non-ChD control group (n = 59) that was matched for
               age, sex, and left ventricular ejection fraction. The lowest HRQoL scores were found
               for the physical functioning (p = 0.01) and role physical (p = 0.002) domains of the
               SF-36 in patients with Chagas dilated cardiomyopathy. Moreover, even when similar
               degrees of systolic dysfunction were present, ChD patients were found to be in a
               lower functional class than the control group (p = 0.02).</p>
            <p>The HRQoL of cardiac pacemaker patients was evaluated by two studies. One showed that
               the presence of ChD was not associated with SF-36 scores although the patients (n =
               92, aged 65.3 ± 12.4 years) had a higher mortality rate resulting from cardiac causes
               (p = 0.04)<xref ref-type="bibr" rid="B18">(18)</xref>. Likewise, Oliveira et al.<xref
                  ref-type="bibr" rid="B28">(28)</xref> showed no difference in HRQoL between ChD (n
               = 77) and non-ChD (n = 31) pacemaker patients in the physical (p = 0.094) and mental
               (p = 0.51) domains of the SF-36. However, ChD pacemaker patients had worse scores in
               the chest discomfort (p = 0.030) and arrhythmia (p = 0.004) domains of the AQUAREL.
               It can be hypothesized that the SF-36 may not be the most appropriate tool for the
               evaluation of HRQoL in ChD patients as it is a generic instrument.</p>
            <p>Stroke is a serious complication of ChD that can lead to significant long-term
               disability. A recent study conducted by Souza et al.<xref ref-type="bibr" rid="B5"
                  >(5)</xref> evaluated the HRQoL in 21 ChD patients (aged 50.2 ± 13.9 years) with
               stroke sequelae using the WHOQOL-BREF and correlated it with depressive symptoms
               assessed by the BDI and functional performance by the Barthel Index (BI). They found
               a significant negative correlation between depressive symptoms and physical (r =
               −0.733, p = 0.001), psychological (r = −0.581, p = 0.012), environmental (r = −0.713,
               p = 0.001), and social (r = −0.659, p = 0.003) aspects of the patients' quality of
               life. However, functional performance was not associated with any aspects of the
               HRQoL. The authors suggest that the HRQoL of ChD patients after suffering a stroke is
               influenced to a higher degree by depressive symptoms than by the motor disability
               caused by the stroke sequelae.</p>
         </sec>
         <sec>
            <title>Health-related quality of life and functional capacity in patients with Chagas
               heart disease</title>
            <p>Regardless of the etiology, the main symptoms of heart failure are fatigue, dyspnea,
               and progressive impairment of functional capacity. All these factors contribute to a
               poor HRQoL<xref ref-type="bibr" rid="B17">(17)</xref>.</p>
            <p>The six-minute walk test (6MWT) is a simple and inexpensive submaximal test to
               evaluate functional capacity<xref ref-type="bibr" rid="B31">(31)</xref> and is widely
               used in ChD patients<xref ref-type="bibr" rid="B20">(20)</xref>
               <xref ref-type="bibr" rid="B21">(21)</xref>
               <xref ref-type="bibr" rid="B23">(23)</xref>
               <xref ref-type="bibr" rid="B32">(32)</xref>
               <xref ref-type="bibr" rid="B33">(33)</xref>
               <xref ref-type="bibr" rid="B34">(34)</xref>. We identified two studies that aimed to
               verify the correlation between HRQoL and the distance walked in the 6MWT in ChD
               patients. Dourado et al.<xref ref-type="bibr" rid="B20">(20)</xref> showed that the
               6MWT distance was associated with the MLwHFQ score (r = −0.4; p &lt; 0.001) in 61
               patients with Chagas dilated cardiomyopathy (aged 51 ± 14 years). Similar results
               were found by Ritt et al.<xref ref-type="bibr" rid="B21">(21)</xref> who showed a
               significant negative correlation (r = −0.375; p = 0.007) between better quality of
               life and higher 6MWT distance in a study involving 55 Chagas dilated cardiomyopathy
               patients with heart failure. The association between a submaximal functional capacity
               and quality of life found in these studies suggests that the evaluation of a
               patient's HRQoL is a useful tool for to detect any disabilities in the daily
               activities of ChD patients.</p>
            <p>Another field test used to evaluate functional capacity is the Incremental Shuttle
               Walk Test, a symptom-limited test that was described by Singh et al.<xref
                  ref-type="bibr" rid="B35">(35)</xref>. The study of Costa et al.<xref
                  ref-type="bibr" rid="B22">(22)</xref> was the first to correlate results from the
               Incremental Shuttle Walk Test with the HRQoL in ChD (evaluated by the SF-36 and
               MLwHFQ). The authors reported that the distance walked during this field test showed
               a significant positive correlation with MLwHFQ scores (r = −0.460; p = 0.006) and
               with the physical functioning (r = 0.435; p = 0.009), role physical (r = 0.447; p =
               0.008), and mental health (r = 0.430; p = 0.011) domains of the SF-36. The authors
               also demonstrated that the peak oxygen uptake that was assessed by cardiopulmonary
               exercise testing, the gold standard in the evaluation of functional capacity, only
               showed a statistically significant association with the physical functioning domain
               of the SF-36 (r = 0.383; p = 0.025). Hence, it seems that the perceived effect of ChD
               by the patient is more related to their daily activities than those that require
               intense effort.</p>
         </sec>
         <sec>
            <title>Effect of conservative treatment strategies on the health-related quality of life
               in Chagas heart disease patients</title>
            <p>In our literature search, two randomized trials that verified the effect of
               non-surgical treatment on the HRQoL of ChD patients were identified - one study
               assessed the effect of drug treatment<xref ref-type="bibr" rid="B18">(18)</xref> on
               HRQoL, and the other one that of an exercise training program<xref ref-type="bibr"
                  rid="B19">(19)</xref>.</p>
            <p>Botoni et al.<xref ref-type="bibr" rid="B18">(18)</xref> conducted a
               placebo-controlled study in 42 patients with Chagas dilated cardiomyopathy (aged 47.8
               ± 10.4 years) and assessed their HRQoL by the SF-36. All patients received
               renin-angiotensin system (RAS) inhibition therapy. Subsequently, the sample was
               divided into a placebo (n = 20) and a carvedilol group (n = 19). After RAS inhibition
               treatment, improvements of the HRQoL were seen for the physical functioning (p =
               0.046), role physical (p = 0.002), bodily pain (p = 0.021), and general health (p
               &lt; 0.001) domains. However, after carvedilol treatment, no improvement in the HRQoL
               scores were observed in the carvedilol group when compared to the placebo group in
               any of the SF-36 domains.</p>
            <p>A study by Lima et al.<xref ref-type="bibr" rid="B19">(19)</xref> evaluated the
               effect of aerobic exercise training on the HRQoL in patients with Chagas dilated
               cardiomyopathy (divided into a control and an experimental group) using the SF-36.
               After 12 weeks of exercise training, the experimental group showed improvements in
               the vitality (p = 0.013), role emotional (p = 0.012), and mental health (p = 0.031)
               domains of the SF-36 when compared to the control group. Surprisingly, significant
               improvements were only observed in the psychosocial domain. The authors explained
               this finding by the absence of functional impairment in the majority (63%) of the
               patients. Thus, participation in exercise programs has positive effects on ChD
               patients' HRQoL, likely due to interpersonal contact and care provided by the health
               staff.</p>
            <p>The results of these randomized trials have great clinical meaning for the setting of
               ChD. Endemic areas are generally poor and with few resources. Therefore, the adoption
               of simple and inexpensive interventions is recommended to maximize the functionality
               and independence of these patients, reflecting a better HRQoL. </p>
            <p>In conclusion, the evidence reported in the 12 selected studies suggests that the
               patients' functional capacity, the effectiveness of non-surgical conservative
               treatment, and cardiac involvement are important determining factors of the HRQoL in
               ChD patients.</p>
         </sec>
      </sec>
   </body>
   <back>
      <ref-list>
         <ref id="B1">
            <element-citation publication-type="journal">
               <person-group person-group-type="author">
                  <name>
                     <surname>Dias</surname>
                     <given-names>JC</given-names>
                  </name>
                  <name>
                     <surname>Prata</surname>
                     <given-names>A</given-names>
                  </name>
                  <name>
                     <surname>Correia</surname>
                     <given-names>D</given-names>
                  </name>
               </person-group>
               <article-title>Problems and perspectives for Chagas disease control: in search of a
                  realistic analysis</article-title>
               <source>Rev Soc Bras Med Trop</source>
               <year>2008</year>
               <volume>41</volume>
               <fpage>193</fpage>
               <lpage>196</lpage>
            </element-citation>
         </ref>
         <ref id="B2">
            <element-citation publication-type="journal">
               <person-group person-group-type="author">
                  <name>
                     <surname>Dias</surname>
                     <given-names>JC</given-names>
                  </name>
               </person-group>
               <article-title>Elimination of Chagas disease transmission:
                  perspectives</article-title>
               <source>Mem Inst Oswaldo Cruz</source>
               <year>2009</year>
               <volume>104</volume>
               <supplement>supl 1</supplement>
               <fpage>41</fpage>
               <lpage>45</lpage>
            </element-citation>
         </ref>
         <ref id="B3">
            <element-citation publication-type="webpage">
               <article-title>Chagas disease (American trypanosomiasis)</article-title>
               <source>World Health Organization</source>
               <year>2014</year>
               <date-in-citation content-type="access-date" iso-8601-date="2014-07-30">2014 Jul
                  30</date-in-citation>
               <comment content-type="cited">Available at: <ext-link ext-link-type="uri"
                     xlink:href="http://www.who.int/mediacentre/factsheets/fs340/en/."
                     >http://www.who.int/mediacentre/factsheets/fs340/en/.</ext-link>
               </comment>
            </element-citation>
         </ref>
         <ref id="B4">
            <element-citation publication-type="journal">
               <person-group person-group-type="author">
                  <name>
                     <surname>Cubillos-Garzon</surname>
                     <given-names>LA</given-names>
                  </name>
                  <name>
                     <surname>Casas</surname>
                     <given-names>JP</given-names>
                  </name>
                  <name>
                     <surname>Morillo</surname>
                     <given-names>CA</given-names>
                  </name>
                  <name>
                     <surname>Bautista</surname>
                     <given-names>LE</given-names>
                  </name>
               </person-group>
               <article-title>Congestive heart failure in Latin America: the next
                  epidemic</article-title>
               <source>Am Heart J</source>
               <year>2004</year>
               <volume>147</volume>
               <fpage>412</fpage>
               <lpage>417</lpage>
            </element-citation>
         </ref>
         <ref id="B5">
            <element-citation publication-type="journal">
               <person-group person-group-type="author">
                  <name>
                     <surname>Souza</surname>
                     <given-names>AC</given-names>
                  </name>
                  <name>
                     <surname>Rocha</surname>
                     <given-names>MO</given-names>
                  </name>
                  <name>
                     <surname>Teixeira</surname>
                     <given-names>AL</given-names>
                  </name>
                  <name>
                     <surname>Dias</surname>
                     <given-names>JO</given-names>
                     <suffix>Junior</suffix>
                  </name>
                  <name>
                     <surname>Sousa</surname>
                     <given-names>LA</given-names>
                  </name>
                  <name>
                     <surname>Nunes</surname>
                     <given-names>MC</given-names>
                  </name>
               </person-group>
               <article-title>Depressive symptoms and disability in chagasic stroke patients: impact
                  on functionality and quality of life</article-title>
               <source>J Neurol Sci</source>
               <year>2013</year>
               <volume>324</volume>
               <fpage>34</fpage>
               <lpage>37</lpage>
            </element-citation>
         </ref>
         <ref id="B6">
            <element-citation publication-type="journal">
               <person-group person-group-type="author">
                  <name>
                     <surname>Marin-Neto</surname>
                     <given-names>JA</given-names>
                  </name>
                  <name>
                     <surname>Cunha-Neto</surname>
                     <given-names>E</given-names>
                  </name>
                  <name>
                     <surname>Maciel</surname>
                     <given-names>BC</given-names>
                  </name>
                  <name>
                     <surname>Simoes</surname>
                     <given-names>MV</given-names>
                  </name>
               </person-group>
               <article-title>Pathogenesis of chronic Chagas heart disease</article-title>
               <source>Circulation</source>
               <year>2007</year>
               <volume>115</volume>
               <fpage>1109</fpage>
               <lpage>1123</lpage>
            </element-citation>
         </ref>
         <ref id="B7">
            <element-citation publication-type="journal">
               <person-group person-group-type="author">
                  <name>
                     <surname>Ribeiro</surname>
                     <given-names>AL</given-names>
                  </name>
                  <name>
                     <surname>Nunes</surname>
                     <given-names>MP</given-names>
                  </name>
                  <name>
                     <surname>Teixeira</surname>
                     <given-names>MM</given-names>
                  </name>
                  <name>
                     <surname>Rocha</surname>
                     <given-names>MO</given-names>
                  </name>
               </person-group>
               <article-title>Diagnosis and management of Chagas disease and
                  cardiomyopathy</article-title>
               <source>Nat Rev Cardiol</source>
               <year>2012</year>
               <volume>9</volume>
               <fpage>576</fpage>
               <lpage>589</lpage>
            </element-citation>
         </ref>
         <ref id="B8">
            <element-citation publication-type="journal">
               <person-group person-group-type="author">
                  <name>
                     <surname>Dec</surname>
                     <given-names>GW</given-names>
                  </name>
                  <name>
                     <surname>Fuster</surname>
                     <given-names>V</given-names>
                  </name>
               </person-group>
               <article-title>Idiopathic dilated cardiomyopathy</article-title>
               <source>N Engl J Med</source>
               <year>1994</year>
               <volume>331</volume>
               <fpage>1564</fpage>
               <lpage>1575</lpage>
            </element-citation>
         </ref>
         <ref id="B9">
            <element-citation publication-type="journal">
               <person-group person-group-type="author">
                  <name>
                     <surname>Rocha</surname>
                     <given-names>MO</given-names>
                  </name>
                  <name>
                     <surname>Teixeira</surname>
                     <given-names>MM</given-names>
                  </name>
                  <name>
                     <surname>Ribeiro</surname>
                     <given-names>AL</given-names>
                  </name>
               </person-group>
               <article-title>An update on the management of Chagas cardiomyopathy</article-title>
               <source>Expert Rev Anti Infect Ther</source>
               <year>2007</year>
               <volume>5</volume>
               <fpage>727</fpage>
               <lpage>743</lpage>
            </element-citation>
         </ref>
         <ref id="B10">
            <element-citation publication-type="journal">
               <person-group person-group-type="author">
                  <name>
                     <surname>Oliveira</surname>
                     <given-names>BG</given-names>
                  </name>
                  <name>
                     <surname>Abreu</surname>
                     <given-names>MN</given-names>
                  </name>
                  <name>
                     <surname>Abreu</surname>
                     <given-names>CD</given-names>
                  </name>
                  <name>
                     <surname>Rocha</surname>
                     <given-names>MO</given-names>
                  </name>
                  <name>
                     <surname>Ribeiro</surname>
                     <given-names>AL</given-names>
                  </name>
               </person-group>
               <article-title>Health-related quality of life in patients with Chagas
                  disease</article-title>
               <source>Rev Soc Bras Med Trop</source>
               <year>2011</year>
               <volume>44</volume>
               <fpage>150</fpage>
               <lpage>156</lpage>
            </element-citation>
         </ref>
         <ref id="B11">
            <element-citation publication-type="journal">
               <person-group person-group-type="author">
                  <name>
                     <surname>Fleck</surname>
                     <given-names>MP</given-names>
                  </name>
                  <name>
                     <surname>Louzada</surname>
                     <given-names>S</given-names>
                  </name>
                  <name>
                     <surname>Xavier</surname>
                     <given-names>M</given-names>
                  </name>
                  <name>
                     <surname>Chachamovich</surname>
                     <given-names>E</given-names>
                  </name>
                  <name>
                     <surname>Vieira</surname>
                     <given-names>G</given-names>
                  </name>
                  <name>
                     <surname>Santos</surname>
                     <given-names>L</given-names>
                  </name>
                  <etal/>
               </person-group>
               <article-title>Application of the Portuguese version of the instrument for the
                  assessment of quality of life of the World Health Organization (WHOQOL-100) </article-title>
               <source>Rev Saude Publica</source>
               <year>1999</year>
               <volume>33</volume>
               <fpage>198</fpage>
               <lpage>205</lpage>
            </element-citation>
         </ref>
         <ref id="B12">
            <element-citation publication-type="journal">
               <person-group person-group-type="author">
                  <collab>The Whoqol Group</collab>
               </person-group>
               <article-title>The World Health Organization Quality of Life Assessment (WHOQOL):
                  development and general psychometric properties</article-title>
               <source>Soc Sci Med</source>
               <year>1998</year>
               <volume>46</volume>
               <fpage>1569</fpage>
               <lpage>1585</lpage>
            </element-citation>
         </ref>
         <ref id="B13">
            <element-citation publication-type="journal">
               <person-group person-group-type="author">
                  <name>
                     <surname>Moseley</surname>
                     <given-names>AM</given-names>
                  </name>
                  <name>
                     <surname>Herbert</surname>
                     <given-names>RD</given-names>
                  </name>
                  <name>
                     <surname>Sherrington</surname>
                     <given-names>C</given-names>
                  </name>
                  <name>
                     <surname>Maher</surname>
                     <given-names>CG</given-names>
                  </name>
               </person-group>
               <article-title>Evidence for physiotherapy practice: a survey of the Physiotherapy
                  Evidence Database (PEDro)</article-title>
               <source>Aust J Physiother</source>
               <year>2002</year>
               <volume>48</volume>
               <fpage>43</fpage>
               <lpage>49</lpage>
            </element-citation>
         </ref>
         <ref id="B14">
            <element-citation publication-type="journal">
               <person-group person-group-type="author">
                  <name>
                     <surname>Ozaki</surname>
                     <given-names>Y</given-names>
                  </name>
                  <name>
                     <surname>Guariento</surname>
                     <given-names>ME</given-names>
                  </name>
                  <name>
                     <surname>de Almeida</surname>
                     <given-names>EA</given-names>
                  </name>
               </person-group>
               <article-title>Quality of life and depressive symptoms in Chagas disease
                  patients</article-title>
               <source>Qual Life Res</source>
               <year>2011</year>
               <volume>20</volume>
               <fpage>133</fpage>
               <lpage>138</lpage>
            </element-citation>
         </ref>
         <ref id="B15">
            <element-citation publication-type="journal">
               <person-group person-group-type="author">
                  <name>
                     <surname>Pelegrino</surname>
                     <given-names>VM</given-names>
                  </name>
                  <name>
                     <surname>Dantas</surname>
                     <given-names>RA</given-names>
                  </name>
                  <name>
                     <surname>Ciol</surname>
                     <given-names>MA</given-names>
                  </name>
                  <name>
                     <surname>Clark</surname>
                     <given-names>AM</given-names>
                  </name>
                  <name>
                     <surname>Rossi</surname>
                     <given-names>LA</given-names>
                  </name>
                  <name>
                     <surname>Simoes</surname>
                     <given-names>MV</given-names>
                  </name>
               </person-group>
               <article-title>Health-related quality of life in Brazilian outpatients with Chagas
                  and non-Chagas cardiomyopathy</article-title>
               <source>Heart Lung</source>
               <year>2011</year>
               <volume>40</volume>
               <comment>e25-31</comment>
            </element-citation>
         </ref>
         <ref id="B16">
            <element-citation publication-type="journal">
               <person-group person-group-type="author">
                  <name>
                     <surname>Cardoso</surname>
                     <given-names>R</given-names>
                  </name>
                  <name>
                     <surname>Batista Sa</surname>
                     <given-names>L</given-names>
                  </name>
                  <name>
                     <surname>Garcia</surname>
                     <given-names>D</given-names>
                  </name>
                  <name>
                     <surname>Ansari</surname>
                     <given-names>M</given-names>
                  </name>
                  <name>
                     <surname>Macedo</surname>
                     <given-names>F</given-names>
                  </name>
                  <name>
                     <surname>Benjo</surname>
                     <given-names>A</given-names>
                  </name>
                  <etal/>
               </person-group>
               <article-title>Quality of life determinants in a population of pacemaker patients
                  with a high prevalence of Chagas disease</article-title>
               <source>Int J Cardiol</source>
               <year>2014</year>
               <volume>177</volume>
               <fpage>1137</fpage>
               <lpage>1139</lpage>
            </element-citation>
         </ref>
         <ref id="B17">
            <element-citation publication-type="journal">
               <person-group person-group-type="author">
                  <name>
                     <surname>Dickstein</surname>
                     <given-names>K</given-names>
                  </name>
                  <name>
                     <surname>Vardas</surname>
                     <given-names>PE</given-names>
                  </name>
                  <name>
                     <surname>Auricchio</surname>
                     <given-names>A</given-names>
                  </name>
                  <name>
                     <surname>Daubert</surname>
                     <given-names>JC</given-names>
                  </name>
                  <name>
                     <surname>Linde</surname>
                     <given-names>C</given-names>
                  </name>
                  <name>
                     <surname>McMurray</surname>
                     <given-names>J</given-names>
                  </name>
                  <etal/>
               </person-group>
               <article-title>2010 focused update of ESC Guidelines on device therapy in heart
                  failure: an update of the 2008 ESC Guidelines for the diagnosis and treatment of
                  acute and chronic heart failure and the 2007 ESC Guidelines for cardiac and
                  resynchronization therapy. Developed with the special contribution of the Heart
                  Failure Association and the European Heart Rhythm Association</article-title>
               <source>Eur J Heart Fail</source>
               <year>2010</year>
               <volume>12</volume>
               <fpage>1143</fpage>
               <lpage>1153</lpage>
            </element-citation>
         </ref>
         <ref id="B18">
            <element-citation publication-type="journal">
               <person-group person-group-type="author">
                  <name>
                     <surname>Botoni</surname>
                     <given-names>FA</given-names>
                  </name>
                  <name>
                     <surname>Poole-Wilson</surname>
                     <given-names>PA</given-names>
                  </name>
                  <name>
                     <surname>Ribeiro</surname>
                     <given-names>AL</given-names>
                  </name>
                  <name>
                     <surname>Okonko</surname>
                     <given-names>DO</given-names>
                  </name>
                  <name>
                     <surname>Oliveira</surname>
                     <given-names>BM</given-names>
                  </name>
                  <name>
                     <surname>Pinto</surname>
                     <given-names>AS</given-names>
                  </name>
                  <etal/>
               </person-group>
               <article-title>A randomized trial of carvedilol after renin-angiotensin system
                  inhibition in chronic Chagas cardiomyopathy</article-title>
               <source>Am Heart J</source>
               <year>2007</year>
               <volume>153</volume>
               <comment>544 e1-8</comment>
            </element-citation>
         </ref>
         <ref id="B19">
            <element-citation publication-type="journal">
               <person-group person-group-type="author">
                  <name>
                     <surname>Lima</surname>
                     <given-names>MM</given-names>
                  </name>
                  <name>
                     <surname>Rocha</surname>
                     <given-names>MO</given-names>
                  </name>
                  <name>
                     <surname>Nunes</surname>
                     <given-names>MC</given-names>
                  </name>
                  <name>
                     <surname>Sousa</surname>
                     <given-names>L</given-names>
                  </name>
                  <name>
                     <surname>Costa</surname>
                     <given-names>HS</given-names>
                  </name>
                  <name>
                     <surname>Alencar</surname>
                     <given-names>MC</given-names>
                  </name>
                  <etal/>
               </person-group>
               <article-title>A randomized trial of the effects of exercise training in Chagas
                  cardiomyopathy</article-title>
               <source>Eur J Heart Fail</source>
               <year>2010</year>
               <volume>12</volume>
               <fpage>866</fpage>
               <lpage>873</lpage>
            </element-citation>
         </ref>
         <ref id="B20">
            <element-citation publication-type="journal">
               <person-group person-group-type="author">
                  <name>
                     <surname>Dourado</surname>
                     <given-names>KC</given-names>
                  </name>
                  <name>
                     <surname>Bestetti</surname>
                     <given-names>RB</given-names>
                  </name>
                  <name>
                     <surname>Cordeiro</surname>
                     <given-names>JA</given-names>
                  </name>
                  <name>
                     <surname>Theodoropoulos</surname>
                     <given-names>TA</given-names>
                  </name>
               </person-group>
               <article-title>Assessment of quality of life in patients with chronic heart failure
                  secondary to Chagas' cardiomyopathy</article-title>
               <source>Int J Cardiol</source>
               <year>2006</year>
               <volume>108</volume>
               <fpage>412</fpage>
               <lpage>413</lpage>
            </element-citation>
         </ref>
         <ref id="B21">
            <element-citation publication-type="journal">
               <person-group person-group-type="author">
                  <name>
                     <surname>Ritt</surname>
                     <given-names>LE</given-names>
                  </name>
                  <name>
                     <surname>Carvalho</surname>
                     <given-names>AC</given-names>
                  </name>
                  <name>
                     <surname>Feitosa</surname>
                     <given-names>GS</given-names>
                  </name>
                  <name>
                     <surname>Pinho-Filho</surname>
                     <given-names>JA</given-names>
                  </name>
                  <name>
                     <surname>Andrade</surname>
                     <given-names>MV</given-names>
                  </name>
                  <name>
                     <surname>Feitosa-Filho</surname>
                     <given-names>GS</given-names>
                  </name>
                  <etal/>
               </person-group>
               <article-title>Cardiopulmonary exercise and 6-min walk tests as predictors of quality
                  of life and long-term mortality among patients with heart failure due to Chagas
                  disease</article-title>
               <source>Int J Cardiol</source>
               <year>2013</year>
               <volume>168</volume>
               <fpage>4584</fpage>
               <lpage>4585</lpage>
            </element-citation>
         </ref>
         <ref id="B22">
            <element-citation publication-type="journal">
               <person-group person-group-type="author">
                  <name>
                     <surname>Costa</surname>
                     <given-names>HS</given-names>
                  </name>
                  <name>
                     <surname>Alves</surname>
                     <given-names>RL</given-names>
                  </name>
                  <name>
                     <surname>Silva</surname>
                     <given-names>SA</given-names>
                  </name>
                  <name>
                     <surname>Alencar</surname>
                     <given-names>MC</given-names>
                  </name>
                  <name>
                     <surname>Nunes</surname>
                     <given-names>MC</given-names>
                  </name>
                  <name>
                     <surname>Lima</surname>
                     <given-names>MM</given-names>
                  </name>
                  <etal/>
               </person-group>
               <article-title>Assessment of Functional Capacity in Chagas Heart Disease by
                  Incremental Shuttle Walk Test and its Relation to Quality-of-Life</article-title>
               <source>Int J Prev Med</source>
               <year>2014</year>
               <volume>5</volume>
               <fpage>152</fpage>
               <lpage>158</lpage>
            </element-citation>
         </ref>
         <ref id="B23">
            <element-citation publication-type="journal">
               <person-group person-group-type="author">
                  <name>
                     <surname>Vieira</surname>
                     <given-names>FC</given-names>
                  </name>
                  <name>
                     <surname>de Melo Marinho</surname>
                     <given-names>PE</given-names>
                  </name>
                  <name>
                     <surname>Brandao</surname>
                     <given-names>DC</given-names>
                  </name>
                  <name>
                     <surname>Barbosae e Silva</surname>
                     <given-names>O</given-names>
                  </name>
               </person-group>
               <article-title>Respiratory muscle strength, the six-minute walk test and quality of
                  life in Chagas cardiomyopathy</article-title>
               <source>Physiother Res Int</source>
               <year>2014</year>
               <volume>19</volume>
               <fpage>8</fpage>
               <lpage>15</lpage>
            </element-citation>
         </ref>
         <ref id="B24">
            <element-citation publication-type="journal">
               <person-group person-group-type="author">
                  <name>
                     <surname>Ciconelli</surname>
                     <given-names>RM</given-names>
                  </name>
                  <name>
                     <surname>Ferraz</surname>
                     <given-names>MB</given-names>
                  </name>
                  <name>
                     <surname>Santos</surname>
                     <given-names>W</given-names>
                  </name>
                  <name>
                     <surname>Meinão</surname>
                     <given-names>I</given-names>
                  </name>
                  <name>
                     <surname>Quaresma</surname>
                     <given-names>MR</given-names>
                  </name>
               </person-group>
               <article-title>Tradução para a língua portuguesa e validação do questionário genérico
                  de avaliação de qualidade de vida SF-36 (Brasil SF-36)</article-title>
               <source>Rev Bras Reumatol</source>
               <year>1999</year>
               <volume>39</volume>
               <fpage>143</fpage>
               <lpage>150</lpage>
            </element-citation>
         </ref>
         <ref id="B25">
            <element-citation publication-type="journal">
               <person-group person-group-type="author">
                  <collab>The WHOQOL Group</collab>
               </person-group>
               <article-title>Development of the World Health Organization WHOQOL-BREF quality of
                  life assessment</article-title>
               <source>Psychol Med</source>
               <year>1998</year>
               <volume>28</volume>
               <fpage>551</fpage>
               <lpage>558</lpage>
            </element-citation>
         </ref>
         <ref id="B26">
            <element-citation publication-type="journal">
               <person-group person-group-type="author">
                  <name>
                     <surname>Carvalho</surname>
                     <given-names>VO</given-names>
                  </name>
                  <name>
                     <surname>Guimaraes</surname>
                     <given-names>GV</given-names>
                  </name>
                  <name>
                     <surname>Carrara</surname>
                     <given-names>D</given-names>
                  </name>
                  <name>
                     <surname>Bacal</surname>
                     <given-names>F</given-names>
                  </name>
                  <name>
                     <surname>Bocchi</surname>
                     <given-names>EA</given-names>
                  </name>
               </person-group>
               <article-title>Validation of the Portuguese version of the Minnesota Living with
                  Heart Failure Questionnaire</article-title>
               <source>Arq Bras Cardiol</source>
               <year>2009</year>
               <volume>93</volume>
               <fpage>39</fpage>
               <lpage>44</lpage>
            </element-citation>
         </ref>
         <ref id="B27">
            <element-citation publication-type="journal">
               <person-group person-group-type="author">
                  <name>
                     <surname>Oliveira</surname>
                     <given-names>BG</given-names>
                  </name>
                  <name>
                     <surname>Melendez</surname>
                     <given-names>JG</given-names>
                  </name>
                  <name>
                     <surname>Ciconelli</surname>
                     <given-names>RM</given-names>
                  </name>
                  <name>
                     <surname>Rincón</surname>
                     <given-names>LG</given-names>
                  </name>
                  <name>
                     <surname>Torres</surname>
                     <given-names>AA</given-names>
                  </name>
                  <name>
                     <surname>de Sousa</surname>
                     <given-names>LA</given-names>
                  </name>
                  <etal/>
               </person-group>
               <article-title>[The Portuguese version, cross-cultural adaptation and validation of
                  specific quality-of-life questionnaire -AQUAREL - for pacemaker
                  patients]</article-title>
               <source>Arq Bras Cardiol</source>
               <year>2006</year>
               <volume>87</volume>
               <fpage>75</fpage>
               <lpage>83</lpage>
            </element-citation>
         </ref>
         <ref id="B28">
            <element-citation publication-type="journal">
               <person-group person-group-type="author">
                  <name>
                     <surname>Oliveira</surname>
                     <given-names>BG</given-names>
                  </name>
                  <name>
                     <surname>Velasquez-Melendez</surname>
                     <given-names>G</given-names>
                  </name>
                  <name>
                     <surname>Rincon</surname>
                     <given-names>LG</given-names>
                  </name>
                  <name>
                     <surname>Ciconelli</surname>
                     <given-names>RM</given-names>
                  </name>
                  <name>
                     <surname>Sousa</surname>
                     <given-names>LA</given-names>
                  </name>
                  <name>
                     <surname>Ribeiro</surname>
                     <given-names>AL</given-names>
                  </name>
               </person-group>
               <article-title>Health-related quality of life in Brazilian pacemaker
                  patients</article-title>
               <source>Pacing Clin Electrophysiol</source>
               <year>2008</year>
               <volume>31</volume>
               <fpage>1178</fpage>
               <lpage>1183</lpage>
            </element-citation>
         </ref>
         <ref id="B29">
            <element-citation publication-type="journal">
               <person-group person-group-type="author">
                  <name>
                     <surname>Magnani</surname>
                     <given-names>C</given-names>
                  </name>
                  <name>
                     <surname>Oliveira</surname>
                     <given-names>BG</given-names>
                  </name>
                  <name>
                     <surname>Gontijo</surname>
                     <given-names>ED</given-names>
                  </name>
               </person-group>
               <article-title>[Representations, myths, and behaviors among Chagas disease patients
                  with pacemakers]</article-title>
               <source>Cad Saude Publica</source>
               <year>2007</year>
               <volume>23</volume>
               <fpage>1624</fpage>
               <lpage>1632</lpage>
            </element-citation>
         </ref>
         <ref id="B30">
            <element-citation publication-type="journal">
               <person-group person-group-type="author">
                  <name>
                     <surname>Dias</surname>
                     <given-names>JC</given-names>
                  </name>
               </person-group>
               <article-title>[Globalization, inequity and Chagas disease]</article-title>
               <source>Cad Saude Publica</source>
               <year>2007</year>
               <volume>23</volume>
               <supplement>supl 1</supplement>
               <comment>S13-22</comment>
            </element-citation>
         </ref>
         <ref id="B31">
            <element-citation publication-type="journal">
               <person-group person-group-type="author">
                  <collab>ATS Committee on Proficiency Standards for Clinical Pulmonary Function
                     Laboratories</collab>
               </person-group>
               <article-title>ATS statement: guidelines for the six-minute walk test</article-title>
               <source>Am J Respir Crit Care Med</source>
               <year>2002</year>
               <volume>166</volume>
               <fpage>111</fpage>
               <lpage>117</lpage>
            </element-citation>
         </ref>
         <ref id="B32">
            <element-citation publication-type="journal">
               <person-group person-group-type="author">
                  <name>
                     <surname>Dourado</surname>
                     <given-names>KC</given-names>
                  </name>
                  <name>
                     <surname>Bestetti</surname>
                     <given-names>RB</given-names>
                  </name>
                  <name>
                     <surname>Cardinalli-Neto</surname>
                     <given-names>A</given-names>
                  </name>
                  <name>
                     <surname>Cordeiro</surname>
                     <given-names>JA</given-names>
                  </name>
               </person-group>
               <article-title>Evaluation of the six-minute walk test in patients with chronic heart
                  failure associated with Chagas' disease and systemic arterial
                  hypertension</article-title>
               <source>Rev Soc Bras Med Trop</source>
               <year>2010</year>
               <volume>43</volume>
               <fpage>405</fpage>
               <lpage>408</lpage>
            </element-citation>
         </ref>
         <ref id="B33">
            <element-citation publication-type="journal">
               <person-group person-group-type="author">
                  <name>
                     <surname>Lima</surname>
                     <given-names>MM</given-names>
                  </name>
                  <name>
                     <surname>Nunes</surname>
                     <given-names>MC</given-names>
                  </name>
                  <name>
                     <surname>Nascimento</surname>
                     <given-names>B</given-names>
                  </name>
                  <name>
                     <surname>Costa</surname>
                     <given-names>HS</given-names>
                  </name>
                  <name>
                     <surname>Sousa</surname>
                     <given-names>LA</given-names>
                  </name>
                  <name>
                     <surname>Teixeira</surname>
                     <given-names>AL</given-names>
                  </name>
                  <etal/>
               </person-group>
               <article-title>Improvement of the functional capacity is associated with BDNF and
                  autonomic modulation in Chagas disease</article-title>
               <source>Int J Cardiol</source>
               <year>2013</year>
               <volume>167</volume>
               <fpage>2363</fpage>
               <lpage>2366</lpage>
            </element-citation>
         </ref>
         <ref id="B34">
            <element-citation publication-type="journal">
               <person-group person-group-type="author">
                  <name>
                     <surname>Sousa</surname>
                     <given-names>L</given-names>
                  </name>
                  <name>
                     <surname>Botoni</surname>
                     <given-names>FA</given-names>
                  </name>
                  <name>
                     <surname>Britto</surname>
                     <given-names>RR</given-names>
                  </name>
                  <name>
                     <surname>Rocha</surname>
                     <given-names>MO</given-names>
                  </name>
                  <name>
                     <surname>Teixeira</surname>
                     <given-names>AL</given-names>
                     <suffix>Jr</suffix>
                  </name>
                  <name>
                     <surname>Teixeira</surname>
                     <given-names>MM</given-names>
                  </name>
                  <etal/>
               </person-group>
               <article-title>Six-minute walk test in Chagas cardiomyopathy</article-title>
               <source>Int J Cardiol</source>
               <year>2008</year>
               <volume>125</volume>
               <fpage>139</fpage>
               <lpage>141</lpage>
            </element-citation>
         </ref>
         <ref id="B35">
            <element-citation publication-type="journal">
               <person-group person-group-type="author">
                  <name>
                     <surname>Singh</surname>
                     <given-names>SJ</given-names>
                  </name>
                  <name>
                     <surname>Morgan</surname>
                     <given-names>MD</given-names>
                  </name>
                  <name>
                     <surname>Scott</surname>
                     <given-names>S</given-names>
                  </name>
                  <name>
                     <surname>Walters</surname>
                     <given-names>D</given-names>
                  </name>
                  <name>
                     <surname>Hardman</surname>
                     <given-names>AE</given-names>
                  </name>
               </person-group>
               <article-title>Development of a shuttle walking test of disability in patients with
                  chronic airways obstruction</article-title>
               <source>Thorax</source>
               <year>1992</year>
               <volume>47</volume>
               <fpage>1019</fpage>
               <lpage>1024</lpage>
            </element-citation>
         </ref>
      </ref-list>
   </back>
</article>
