<?xml version="1.0" encoding="utf-8"?>
<!DOCTYPE article PUBLIC "-//NLM//DTD JATS (Z39.96) Journal Publishing DTD v1.0 20120330//EN" "JATS-journalpublishing1.dtd">
<article xmlns:xlink="http://www.w3.org/1999/xlink" xmlns:mml="http://www.w3.org/1998/Math/MathML" dtd-version="1.0" specific-use="sps-1.1" article-type="editorial" xml:lang="pt">
	<front>
		<journal-meta>
			<journal-id journal-id-type="publisher-id">rbci</journal-id>
			<journal-title-group>
				<journal-title>Revista Brasileira de Cardiologia Invasiva</journal-title>
				<abbrev-journal-title abbrev-type="publisher">Rev. Bras. Cardiol.
               Invasiva</abbrev-journal-title>
			</journal-title-group>
			<issn pub-type="ppub">0104-1843</issn>
			<issn pub-type="epub">2179-8397</issn>
			<publisher>
				<publisher-name>Sociedade Brasileira de Hemodinâmica e Cardiologia
               Intervencionista</publisher-name>
			</publisher>
		</journal-meta>
		<article-meta>
			<article-id pub-id-type="doi">10.1590/0104-1843000000051</article-id>
			<article-categories>
				<subj-group subj-group-type="heading">
					<subject>EDITORIAIS</subject>
				</subj-group>
			</article-categories>
			<title-group>
				<article-title>2015: Ano Novo, RBCI Nova!</article-title>
			</title-group>
			<contrib-group>
				<contrib contrib-type="editor">
					<name>
						<surname>Chaves</surname>
						<given-names>Áurea J.</given-names>
					</name>
					<role>Editora</role>
				</contrib>
			</contrib-group>
			<pub-date pub-type="epub-ppub">
				<season>Oct-Dec</season>
				<year>2015</year>
			</pub-date>
			<volume>22</volume>
			<issue>4</issue>
			<fpage>313</fpage>
			<lpage>313</lpage>
			<permissions>
				<license license-type="open-access" xlink:href="http://creativecommons.org/licenses/by-nc/3.0/">
					<license-p>Este é um artigo publicado em acesso aberto (Open Access) sob a licença
                  Creative Commons Attribution NonCommercial, que permite uso, distribuição e
                  reprodução em qualquer meio, sem restrições desde que sem fins comerciais e que o
                  trabalho original seja corretamente citado.</license-p>
				</license>
			</permissions>
			<counts>
				<fig-count count="0"/>
				<table-count count="0"/>
				<equation-count count="0"/>
				<ref-count count="0"/>
				<page-count count="1"/>
			</counts>
		</article-meta>
	</front>
	<body>
		<p>Ano Novo geralmente traz um grande número de expectativas. Entre elas, sempre estão a
         esperança de dias melhores e a realização dos nossos sonhos. Com a Revista Brasileira de
         Cardiologia Invasiva (RBCI) não será diferente e, de fato, esses desejos se concretizarão a
         partir do primeiro fascículo de 2015, com uma completa renovação do
         <italic>layout</italic>, sistemas operacionais e dinâmica de publicação.</p>
		<p>A Revista passará a ser inteiramente produzida pela Elsevier, editora internacional
         responsável pela publicação de inúmeras revistas científicas de grande impacto no cenário
         mundial. A primeira alteração visível será no <italic>layout</italic> da capa e do miolo,
         que são os mesmos desde meados de 2003. A RBCI terá um <italic>design</italic> produzido
         por profissionais dedicados da editora, conforme padrões internacionais de publicação
         científica.</p>
		<p>Disponibilizaremos um sistema de submissão de manuscritos, o <italic>Elsevier Editorial
            System</italic> (EES), utilizado em mais de 1.500 revistas publicadas pela editora, e
         que certamente não apresentará os inúmeros problemas técnicos que vínhamos enfrentando
         ultimamente. Esse sistema <italic>on-line</italic> gerenciará a submissão, a revisão pelos
         pares e a escolha de manuscritos, facilitando o processo de avaliação, que deve se tornar
         mais eficiente. O EES permitirá ainda que os autores acompanhem todo o processo de
         avaliação, até o momento da decisão do comitê editorial. O EES incluirá também um
            <italic>software</italic> para detecção de plagiarismo.</p>
		<p>As edições em português e inglês serão publicadas simultaneamente, e a Revista será
         hospedada no <italic>Open Access</italic> do <italic>ScienceDirect</italic>. Dessa maneira,
         a RBCI terá uma ampla exposição internacional, pois qualquer usuário do
            <italic>ScienceDirect</italic>, cujo número estimado de usuários é de 16 milhões, terá
         livre acesso às versões integrais dos artigos, sem a necessidade de assinaturas.</p>
		<p>
			<italic>Links</italic> para os artigos no <italic>ScienceDirect</italic> citados nos
         artigos da Revista também serão disponibilizados. Da mesma maneira, os artigos da RBCI
         estarão relacionados por <italic>links</italic> a outros artigos que tenham citado a
         Revista ou por meio da ferramenta <italic>Recommended Articles</italic>. Os autores também
         poderão se inscrever para receber alertas de citação, que os notificarão quando seu
         trabalho for citado. Além da presença no <italic>ScienceDirect</italic>, a RBCI terá uma
         página própria no <italic>site Elsevier.com</italic>, que é otimizado para ferramentas de
         busca na internet.</p>
		<p>Finalmente, a cada nova edição, será enviada uma <italic>newsletter</italic> aos
         cadastrados no <italic>site</italic> da RBCI, com o sumário e <italic>links</italic> para
         leitura do artigo na Revista.</p>
		<p>Enquanto tratamos da trabalhosa transição de sistemas e da inédita produção de três edições
         simultâneas, oferecemos aos leitores os excelentes artigos publicados nessa edição, que
         caracteristicamente abordam desde o tratamento da doença coronariana até os procedimentos
         endovasculares, passando pelas intervenções nas doenças estruturais.</p>
		<p>Feliz 2015!</p>
		<sig-block>
			<sig>
				<bold>Áurea J. Chaves</bold>
				<break/> Editora<break/>
			</sig>
		</sig-block>
	</body>
	<sub-article article-type="translation" id="SA1" xml:lang="en">
		<front-stub>
			<title-group>
				<article-title>2015: A New Year, A New BJIC!</article-title>
			</title-group>
			<contrib-group>
				<contrib contrib-type="editor">
					<name>
						<surname>Chaves</surname>
						<given-names>Áurea J.</given-names>
					</name>
					<role>Editor</role>
				</contrib>
			</contrib-group>
		</front-stub>
		<body>
			<p>The New Year usually brings a large number of expectations. Among them, we always find
            the hope for better days and the desire for our dreams coming true. With the Brazilian
            Journal of Invasive Cardiology (BJIC), it will be the very same, in fact, these wishes
            will come true from the very first issue of 2015, with a complete upgrade of the layout,
            operational systems, and publishing dynamics.</p>
			<p>The Journal will be entirely produced by Elsevier, an international publisher
            responsible for numerous scientific journals of great impact on the world. The first
            visible change is the layout of the Journal's cover and its core, which have been the
            same since mid-2003. >Elsevier will give BJIC a design produced by a team of dedicated
            professionals, according to international standards for scientific publication.</p>
			<p>We will make available a new manuscript submission system, the Elsevier Editorial System
            (EES), used in over 1,500 journals published by Elsevier, and that certainly will not be
            plagued with the many technical problems we have been experiencing lately. This online
            system will control submissions, the peer review process, and the selection of
            manuscripts, facilitating the process of evaluation, which will become markedly more
            efficient. ESS also will enable authors to monitor the entire process of evaluation,
            until a final decision is delivered by the Editorial Board. ESS will also include
            software to detect plagiarism.</p>
			<p>Editions in Portuguese and English will be published simultaneously, and the Journal
            will be hosted at Open Access on ScienceDirect. Thus, BJIC will enjoy a wide
            international exposure, as any ScienceDirect user (<italic>circa</italic> 16 million
            users) will have free access to full texts of articles, without the need for
            subscription.</p>
			<p>Links to the articles in Science Direct cited in BJIC articles will also be available.
            Likewise, all articles of our Journal will be linked to other articles that have cited
            the Journal, or that have been indicated by the Recommended Articles tool. Authors may
            also sign up to receive citation alerts, which will notify them when their work is
            cited. Besides the presence on Science-Direct, BJIC will have its own page on
            Elsevier.com, which is optimized for Internet search engines.</p>
			<p>Finally, at each new edition, a newsletter will be sent to all professionals registered
            on the BJIC site, with a summary and links to fully consult the article in the
            Journal.</p>
			<p>During this period, while we are engaged on the laborious transition of systems and with
            an unprecedented production of three simultaneous editions, we are glad to offer our
            readers the excellent articles published in this edition, addressing a range of issues
            from the treatment of coronary disease to endovascular procedures, and also featuring
            interventions in structural diseases.</p>
			<p>Happy New Year!</p>
		</body>
	</sub-article>
</article>
