<?xml version="1.0" encoding="utf-8"?>
<!DOCTYPE article PUBLIC "-//NLM//DTD JATS (Z39.96) Journal Publishing DTD v1.0 20120330//EN" "../JATS-journalpublishing1.dtd">
<article xmlns:xlink="http://www.w3.org/1999/xlink" xmlns:mml="http://www.w3.org/1998/Math/MathML" dtd-version="1.0" specific-use="sps-1.1" article-type="case-report" xml:lang="pt">
	<front>
		<journal-meta>
			<journal-id journal-id-type="publisher-id">rbci</journal-id>
			<journal-title-group>
				<journal-title>Revista Brasileira de Cardiologia Invasiva</journal-title>
				<abbrev-journal-title abbrev-type="publisher">Rev. Bras. Cardiol.
               Invasiva</abbrev-journal-title>
			</journal-title-group>
			<issn pub-type="ppub">0104-1843</issn>
			<issn pub-type="epub">2179-8397</issn>
			<publisher>
				<publisher-name>Sociedade Brasileira de Hemodinâmica e Cardiologia
               Intervencionista</publisher-name>
			</publisher>
		</journal-meta>
		<article-meta>
			<article-id pub-id-type="doi">10.1590/0104-1843000000066</article-id>
			<article-categories>
				<subj-group subj-group-type="heading">
					<subject>RELATOS DE CASO</subject>
				</subj-group>
			</article-categories>
			<title-group>
				<article-title>Infarto com Supradesnivelamento do Segmento ST e Trombo Coronariano Extenso em Paciente com Anemia Falciforme</article-title>
			</title-group>
			<contrib-group>
				<contrib contrib-type="author">
					<name>
						<surname>Pivatto</surname>
						<given-names>Fernando</given-names>
						<suffix>Jr.</suffix>
					</name>
					<xref ref-type="aff" rid="aff01"/>
					<xref ref-type="corresp" rid="c01"/>
				</contrib>
				<contrib contrib-type="author">
					<name>
						<surname>Krepsky</surname>
						<given-names>Ana Maria</given-names>
					</name>
					<xref ref-type="aff" rid="aff01"/>
				</contrib>
				<contrib contrib-type="author">
					<name>
						<surname>Piardi</surname>
						<given-names>Diogo Silva</given-names>
					</name>
					<xref ref-type="aff" rid="aff01"/>
				</contrib>
				<contrib contrib-type="author">
					<name>
						<surname>Mossmann</surname>
						<given-names>Márcio</given-names>
					</name>
					<xref ref-type="aff" rid="aff01"/>
				</contrib>
				<contrib contrib-type="author">
					<name>
						<surname>Gus</surname>
						<given-names>Miguel</given-names>
					</name>
					<xref ref-type="aff" rid="aff01"/>
				</contrib>
				<contrib contrib-type="author">
					<name>
						<surname>Wainstein</surname>
						<given-names>Marco Vugman</given-names>
					</name>
					<xref ref-type="aff" rid="aff01"/>
				</contrib>
			</contrib-group>
			<aff id="aff01">
				<institution content-type="orgname">Hospital de Clínicas de Porto Alegre</institution>
				<institution content-type="orgdiv1">Serviço de Cardiologia</institution>
				<addr-line>
					<named-content content-type="city">Porto Alegre</named-content>
					<named-content content-type="state">RS</named-content>
				</addr-line>
				<country country="BR">Brasil</country>
				<institution content-type="original">Serviço de Cardiologia, Hospital de Clínicas de Porto Alegre, Porto Alegre, RS, Brasil</institution>
			</aff>
			<author-notes>
				<corresp id="c01">
					<bold>Correspondência:</bold> Fernando Pivatto Jr. Hospital de Clínicas de Porto Alegre − Rua Ramiro Barcelos, 2.350, sala 2.060 − CEP: 90035-903 – Porto Alegre, RS, Brasil. E-mail: <email>fpivatto@gmail.com</email>
				</corresp>
				<fn fn-type="conflict">
					<p>CONFLITO DE INTERESSES</p>
					<p>Não há.</p>
				</fn>
			</author-notes>
			<pub-date pub-type="epub-ppub">
				<season>Oct-Dec</season>
				<year>2015</year>
			</pub-date>
			<volume>22</volume>
			<issue>4</issue>
			<fpage>390</fpage>
			<lpage>393</lpage>
			<history>
				<date date-type="received">
					<day>14</day>
					<month>07</month>
					<year>2014</year>
				</date>
				<date date-type="accepted">
					<day>29</day>
					<month>11</month>
					<year>2014</year>
				</date>
			</history>
			<permissions>
				<license license-type="open-access" xlink:href="http://creativecommons.org/licenses/by-nc/3.0/">
					<license-p>Este é um artigo publicado em acesso aberto (Open Access) sob a licença
                  Creative Commons Attribution NonCommercial, que permite uso, distribuição e
                  reprodução em qualquer meio, sem restrições desde que sem fins comerciais e que o
                  trabalho original seja corretamente citado.</license-p>
				</license>
			</permissions>
			<abstract>
				<p>O infarto agudo do miocárdio em pacientes com anemia falciforme é, muitas vezes, subdiagnosticado em virtude de fatores de confusão (por exemplo, doença vaso-oclusiva, levando a crises dolorosas). Na maioria dos casos relatados na literatura, as artérias coronárias estavam pérvias e sem lesões. Neste relato de caso, descrevemos a presença de trombo coronariano extenso em paciente com anemia falciforme, apresentando-se sob a forma de infarto agudo do miocárdio com supradesnivelamento do segmento ST, manejado satisfatoriamente com a associação de anticoagulantes e antiplaquetários.</p>
			</abstract>
			<kwd-group xml:lang="pt">
				<kwd>Anemia falciforme</kwd>
				<kwd>Infarto do miocárdio</kwd>
				<kwd>Anticoagulantes</kwd>
				<kwd>Cateterismo cardíaco</kwd>
			</kwd-group>
			<counts>
				<fig-count count="8"/>
				<table-count count="0"/>
				<equation-count count="0"/>
				<ref-count count="7"/>
				<page-count count="4"/>
			</counts>
		</article-meta>
	</front>
	<body>
		<p>A anemia falciforme é uma hemoglobinopatia hereditária atribuída a uma lesão molecular específica, que resulta na polimerização da hemoglobina em longas fibras, formando um gel, o que torna a hemácia rígida e em forma de foice, diminuindo sua flexibilidade e dificultando a passagem através da microcirculação.<xref ref-type="bibr" rid="B01">1</xref>
		</p>
		<p>O infarto agudo do miocárdio (IAM) em pacientes com anemia falciforme é, por muitas vezes, subdiagnosticado, em virtude de fatores de confusão (por exemplo, doença vaso-oclusiva, levando a crises dolorosas, como dores ósseas). Na maioria dos casos relatados, entretanto, as artérias coronárias estavam pérvias e sem lesões.<xref ref-type="bibr" rid="B02">2</xref> Neste relato de caso, descrevemos a ocorrência de IAM com supradesnivelamento de ST e trombo coronariano extenso em paciente com anemia falciforme, discutindo abordagens terapêuticas para essa situação.</p>
		<sec sec-type="cases">
			<title>RELATO DO CASO</title>
			<p>Paciente do sexo masculino, com 48 anos, tabagista e etilista, com diagnósticos de hipertensão arterial e anemia falciforme (hemoglobinopatia SS, com última crise álgica há 4 anos), em uso de enalapril e hidroxiureia. Procurou a emergência com queixa de dor retroesternal de forte intensidade, com irradiação para mandíbula e membro superior esquerdo de início há 1 hora, associada à sudorese.</p>
			<p>Na admissão, o eletrocardiograma (ECG) evidenciou supradesnivelamento do segmento ST em derivações inferiores (<xref ref-type="fig" rid="f01">Figura 1</xref>), encaminhando-se o paciente para estratificação invasiva, após administração de ácido acetilsalicílico (AAS) e clopidogrel. Não apresentava sinais de congestão pulmonar e encontrava-se estável hemodinamicamente (Killip I).</p>
			<fig id="f01">
				<label>Figura 1</label>
				<caption>
					<title>Eletrocardiograma da admissão: supradesnivelamento do segmento ST de 1 mm nas derivações DIII e AVF</title>
				</caption>
				<graphic xlink:href="0104-1843-rbci-22-04-0390-gf01.tif"/>
			</fig>
			<p>Coronariografia demonstrou coronária direita dominante com imagem sugestiva de trombo no segmento proximal, com fluxo distal TIMI 3, sem lesões estenóticas, e demais vasos livres de estenoses significativas (<xref ref-type="fig" rid="f02">Figura 2</xref>). Devido ao fato de o paciente estar hemodinamicamente estável e com fluxo distal preservado, além de ser um paciente de baixo risco para sangramento, estimado pelo escore CRUSADE (22 pontos, risco hospitalar de 5,5%), optou-se pela não intervenção percutânea naquele momento, sendo administrado abciximabe e mantida a anticoagulação com heparina não fracionada em bomba de infusão (anticoagulante inicialmente utilizado no cateterismo cardíaco), além do uso concomitante de AAS e clopidogrel, com plano de repetição do cateterismo em 48 a 96 horas.</p>
			<fig id="f02">
				<label>Figura 2</label>
				<caption>
					<title>Cinecoronariografia em projeção oblíqua anterior esquerda revelando trombo extenso em segmento proximal da coronária direita, livre de lesões estenóticas (A). Projeção oblíqua anterior direita caudal (B) e cranial (C), respectivamente, mostrando as coronárias descendente anterior e circunflexa sem lesões</title>
				</caption>
				<graphic xlink:href="0104-1843-rbci-22-04-0390-gf02.tif"/>
			</fig>
			<p>ECG prévio ao novo cateterismo (<xref ref-type="fig" rid="f03">Figura 3</xref>) apresentava alterações primárias da repolarização em parede inferior, com regressão completa do supradesnivelamento de ST. Paciente permaneceu clinicamente estável, sendo submetido a novo cateterismo 4 dias após, o qual mantinha imagem compatível com trombo no segmento proximal da coronária direita, mas de menor tamanho, em comparação com exame prévio, sem estenose residual e com fluxo distal TIMI 3 (<xref ref-type="fig" rid="f04">Figura 4</xref>). Ecocardiograma evidenciou funções sistólica global e segmentar preservadas do ventrículo esquerdo, com fração de ejeção de 72%. Visando descartar a associação da síndrome de Moyamoya, alteração vascular cerebral eventualmente presente em pacientes com anemia falciforme e que aumenta sobremaneira o risco de sangramento intracraniano nesses indivíduos, cuja presença poderia influir na estratégia de anticoagulação após a alta, o paciente realizou angiotomografia cerebral, que descartou tal diagnóstico. Apresentou boa evolução clínica, recebendo alta com prescrição de AAS, clopidogrel, varfarina e sinvastatina.</p>
			<fig id="f03">
				<label>Figura 3</label>
				<caption>
					<title>Eletrocardiograma 4 dias após, prévio ao novo cateterismo, com regressão completa do supradesnivelamento de ST e inversão da onda T em derivações DIII e aVF</title>
				</caption>
				<graphic xlink:href="0104-1843-rbci-22-04-0390-gf03.tif"/>
			</fig>
			<fig id="f04">
				<label>Figura 4</label>
				<caption>
					<title>Nova cineangiocoronariografia, na mesma projeção que a prévia, demonstrando redução do trombo em segmento proximal da coronária direita</title>
				</caption>
				<graphic xlink:href="0104-1843-rbci-22-04-0390-gf04.tif"/>
			</fig>
		</sec>
		<sec sec-type="discussions">
			<title>DISCUSSÃO</title>
			<p>Isquemia miocárdica e infarto devem ser considerados em pacientes com anemia falciforme e dor torácica. Relatos de casos de pacientes que se apresentam com crise torácica aguda demonstraram alterações no ECG, elevações de troponina sugestivas de IAM, defeitos de perfusão miocárdica na medicina nuclear e anormalidades na ressonância magnética cardíaca. Tais achados têm sido atribuídos à oclusão microvascular aguda e crônica, no contexto do dano endotelial crônico, do estado pró-coagulante e da vasculopatia sistêmica. A estratificação de risco desses pacientes deve considerar primariamente a existência de condições médicas associadas, como piora da anemia, hipóxia, <italic>cor pulmonale</italic>, insuficiência renal, infecção e acidose. Reversão das anormalidades cardíacas tem sido vista após a exsanguíneo transfusão e o suporte agressivo para isquemia.</p>
			<p>A angiografia coronária revela artérias coronárias normais na maioria dos casos, o que pesa contra seu uso rotineiro, principalmente em pacientes com anemia falciforme e dor torácica com perfil de baixo risco. No entanto, pacientes com anemia falciforme e dor torácica com suspeita de isquemia miocárdica (como no presente caso) devem ser admitidos em uma unidade de monitorização cardíaca, sendo outras condições médicas associadas prontamente manejadas, juntamente da hidratação e da oxigenação. No presente caso, a coronariografia mostrou extensa carga trombótica, e o perfil de risco do paciente (tabagista) provavelmente tenha contribuído para tal achado. Devido ao fluxo na artéria acometida ser, no momento do estudo, TIMI 3 e pelo baixo risco de eventos hemorrágicos, optou-se por uma estratégia sem o implante de stent coronário, com anticoagulação e antiagregação plaquetária agressivas. No entanto, para o embasamento de tal estratégia, são necessários mais estudos em pacientes com anemia falciforme, com o objetivo de avaliar o efeito de agentes antiplaquetários, transfusões e outras terapias convencionais da doença isquêmica do coração.<xref ref-type="bibr" rid="B02">2</xref>
				<sup>,</sup>
				<xref ref-type="bibr" rid="B03">3</xref>
			</p>
			<p>Em pacientes com síndrome coronariana aguda, a presença de trombo intracoronariano extenso aumenta o risco de embolização distal, oclusão abrupta, trombose do stent, necessidade de nova revascularização, infarto miocárdio e morte.<xref ref-type="bibr" rid="B04"> 4</xref> Além disso, a ocorrência de fluxo TIMI &#x2264; 1, sem sinais de oclusão distal ou embolização da artéria tratada (<italic>no-reflow</italic>), é considerada preditora independente de infarto do miocárdio e morte pós-procedimento.<xref ref-type="bibr" rid="B05">5</xref>Terapias antitrombóticas e antiplaquetárias podem reduzir a carga trombótica, e dispositivos de proteção embólica e trombectomia podem remover frações do trombo. No entanto, a eficácia dessas medidas não é, muitas vezes, ideal, sendo o tratamento adequado do trombo coronariano extenso um problema não bem definido, frequentemente enfrentado durante a intervenção coronária percutânea. No IAM com supradesnivelamento do segmento ST com presença de trombo extenso, a relação de risco/benefício de realizar a angioplastia <italic>ad-hoc</italic> nos pacientes clinicamente estáveis e sem necessidade urgente de revascularização não é bem definida. Estudo que comparou a intervenção coronariana percutânea imediata em relação à tardia, nesse contexto, após terapia antitrombótica intensiva (inibidores da glicoproteína IIb/IIIa, enoxaparina, aspirina e clopidogrel) por 60,0 &#x00B1; 30,8 horas, observou ser essa estratégia segura e associada à redução da carga trombótica, de complicações angiográficas e de necessidade de revascularização, sendo tais benefícios observados sem aumento da ocorrência de complicações hemorrágicas.<xref ref-type="bibr" rid="B05">5</xref> Essa abordagem foi semelhante a que adotamos no presente caso.</p>
			<p>No entanto, há relatos conflitantes sobre a terapia antiplaquetária na doença falciforme, sobretudo sobre o efeito do AAS. Uma limitação desses estudos é que o efeito <italic>in vivo</italic> dos fármacos na ativação plaquetária frequentemente não foi avaliado, sendo possível que a terapia antiplaquetária, na dose suficiente para inibir a ativação das plaquetas, tenha efeitos benéficos sobre as complicações vaso-oclusivas. Estudos com o uso da varfarina são igualmente controversos.<xref ref-type="bibr" rid="B06">6</xref>
			</p>
			<p>A síndrome de Moyamoya, investigada e descartada neste caso, é uma doença cerebrovascular que predispõe os pacientes afetados à ocorrência de acidente vascular cerebral em razão da estenose progressiva das porções distais das artérias carótidas internas intracranianas e seus ramos. A redução do fluxo sanguíneo, nos grandes vasos da circulação anterior do cérebro, acarreta o desenvolvimento de circulação colateral, com a formação de pequenos vasos. Pode ser idiopática (doença de Moyamoya) ou o resultado de uma doença subjacente específica, tal como a aterosclerose e a anemia falciforme, ou da radioterapia (síndrome de Moyamoya). Agentes antiplaquetários têm sido usados para prevenir embolização dos microtrombos formados nos locais de estenose arterial, e essas drogas, embora não empregadas universalmente, são utilizadas rotineiramente em pacientes em muitas séries. Anticoagulantes como a varfarina são raramente usados.<xref ref-type="bibr" rid="B07">7</xref> No presente caso, a exclusão dessa síndrome permitiu a anticoagulação do paciente, que seria, de outra maneira, contraindicada pelo potencial risco de acidente vascular cerebral hemorrágico.</p>
		</sec>
		<sec sec-type="conclusions">
			<title>CONCLUSÕES</title>
			<p>Em pacientes com síndrome coronariana aguda associada à anemia falciforme, evidenciando-se alta carga trombótica, a abordagem com anticoagulação e antiagregação agressivas pode ser uma estratégia bem-sucedida, como no presente caso. Uma maior casuística é necessária para replicação e confirmação dos resultados satisfatórios da abordagem adotada. No caso aqui relatado, optou-se pela manutenção na alta de ácido acetilsalicílico e clopidogrel, além de anticoagulação oral com varfarina por tempo indeterminado.</p>
		</sec>
	</body>
	<back>
		<fn-group>
			<fn fn-type="financial-disclosure">
				<p>FONTE DE FINANCIAMENTO</p>
				<p>Não há.</p>
			</fn>
		</fn-group>
		<ref-list>
			<title>REFERÊNCIAS</title>
			<ref id="B01">
				<label>1</label>
				<mixed-citation>Martins WA, Mesquita ET, Cunha DM, Ferrari AH, Pinheiro LA, Romêo Filho LJ, et al. Alterações cardiovasculares na anemia falciforme. Arq Bras Cardiol. 1998;70(5):365-70.</mixed-citation>
				<element-citation publication-type="journal">
					<person-group person-group-type="author">
						<name>
							<surname>Martins</surname>
							<given-names>WA</given-names>
						</name>
						<name>
							<surname>Mesquita</surname>
							<given-names>ET</given-names>
						</name>
						<name>
							<surname>Cunha</surname>
							<given-names>DM</given-names>
						</name>
						<name>
							<surname>Ferrari</surname>
							<given-names>AH</given-names>
						</name>
						<name>
							<surname>Pinheiro</surname>
							<given-names>LA</given-names>
						</name>
						<name>
							<surname>Romêo</surname>
							<given-names>LJ</given-names>
							<suffix>Filho</suffix>
						</name>
						<etal>et al</etal>
					</person-group>
					<article-title>Alterações cardiovasculares na anemia falciforme</article-title>
					<source>Arq Bras Cardiol</source>
					<year>1998</year>
					<volume>70</volume>
					<issue>5</issue>
					<fpage>365</fpage>
					<lpage>370</lpage>
				</element-citation>
			</ref>
			<ref id="B02">
				<label>2</label>
				<mixed-citation>Mansi IA, Rosner F. Myocardial infarction in sickle cell disease. J Natl Med Assoc. 2002;94(6):448-52.</mixed-citation>
				<element-citation publication-type="journal">
					<person-group person-group-type="author">
						<name>
							<surname>Mansi</surname>
							<given-names>IA</given-names>
						</name>
						<name>
							<surname>Rosner</surname>
							<given-names>F</given-names>
						</name>
					</person-group>
					<article-title>Myocardial infarction in sickle cell disease</article-title>
					<source>J Natl Med Assoc</source>
					<year>2002</year>
					<volume>94</volume>
					<issue>6</issue>
					<fpage>448</fpage>
					<lpage>452</lpage>
				</element-citation>
			</ref>
			<ref id="B03">
				<label>3</label>
				<mixed-citation>Gladwin MT, Sachdev V. Cardiovascular abnormalities in sickle cell disease. J Am Coll Cardiol. 2012;27;59(13):1123-33.</mixed-citation>
				<element-citation publication-type="journal">
					<person-group person-group-type="author">
						<name>
							<surname>Gladwin</surname>
							<given-names>MT</given-names>
						</name>
						<name>
							<surname>Sachdev</surname>
							<given-names>V</given-names>
						</name>
					</person-group>
					<article-title>Cardiovascular abnormalities in sickle cell disease</article-title>
					<source>J Am Coll Cardiol</source>
					<year>2012</year>
					<comment>27</comment>
					<volume>59</volume>
					<issue>13</issue>
					<fpage>1123</fpage>
					<lpage>1133</lpage>
				</element-citation>
			</ref>
			<ref id="B04">
				<label>4</label>
				<mixed-citation>Echavarría-Pinto M, Lopes R, Gorgadze T, Gonzalo N, Hernández R, Jiménez-Quevedo P, et al. Safety and efficacy of intense antithrombotic treatment and percutaneous coronary intervention deferral in patients with large intracoronary thrombus. Am J Cardiol. 2013;111(12):1745-50.</mixed-citation>
				<element-citation publication-type="journal">
					<person-group person-group-type="author">
						<name>
							<surname>Echavarría-Pinto</surname>
							<given-names>M</given-names>
						</name>
						<name>
							<surname>Lopes</surname>
							<given-names>R</given-names>
						</name>
						<name>
							<surname>Gorgadze</surname>
							<given-names>T</given-names>
						</name>
						<name>
							<surname>Gonzalo</surname>
							<given-names>N</given-names>
						</name>
						<name>
							<surname>Hernández</surname>
							<given-names>R</given-names>
						</name>
						<name>
							<surname>Jiménez-Quevedo</surname>
							<given-names>P</given-names>
						</name>
						<etal>et al</etal>
					</person-group>
					<article-title>Safety and efficacy of intense antithrombotic treatment and percutaneous coronary intervention deferral in patients with large intracoronary thrombus</article-title>
					<source>Am J Cardiol</source>
					<year>2013</year>
					<volume>111</volume>
					<issue>12</issue>
					<fpage>1745</fpage>
					<lpage>1750</lpage>
				</element-citation>
			</ref>
			<ref id="B05">
				<label>5</label>
				<mixed-citation>Resnic FS, Wainstein M, Lee MK, Behrendt D, Wainstein RV, Ohno-Machado L, et al. No-reflow is an independent predictor of death and myocardial infarction after percutaneous coronary intervention. Am Heart J. 2003;145(1):42-6.</mixed-citation>
				<element-citation publication-type="journal">
					<person-group person-group-type="author">
						<name>
							<surname>Resnic</surname>
							<given-names>FS</given-names>
						</name>
						<name>
							<surname>Wainstein</surname>
							<given-names>M</given-names>
						</name>
						<name>
							<surname>Lee</surname>
							<given-names>MK</given-names>
						</name>
						<name>
							<surname>Behrendt</surname>
							<given-names>D</given-names>
						</name>
						<name>
							<surname>Wainstein</surname>
							<given-names>RV</given-names>
						</name>
						<name>
							<surname>Ohno-Machado</surname>
							<given-names>L</given-names>
						</name>
						<etal>et al</etal>
					</person-group>
					<article-title>No-reflow is an independent predictor of death and myocardial infarction after percutaneous coronary intervention</article-title>
					<source>Am Heart J</source>
					<year>2003</year>
					<volume>145</volume>
					<issue>1</issue>
					<fpage>42</fpage>
					<lpage>46</lpage>
				</element-citation>
			</ref>
			<ref id="B06">
				<label>6</label>
				<mixed-citation>Ataga KI, Orringer EP. Hypercoagulability in sickle cell disease: a curious paradox. Am J Med. 2003;115(9):721-8.</mixed-citation>
				<element-citation publication-type="journal">
					<person-group person-group-type="author">
						<name>
							<surname>Ataga</surname>
							<given-names>KI</given-names>
						</name>
						<name>
							<surname>Orringer</surname>
							<given-names>EP</given-names>
						</name>
					</person-group>
					<article-title>Hypercoagulability in sickle cell disease: a curious paradox</article-title>
					<source>Am J Med</source>
					<year>2003</year>
					<volume>115</volume>
					<issue>9</issue>
					<fpage>721</fpage>
					<lpage>728</lpage>
				</element-citation>
			</ref>
			<ref id="B07">
				<label>7</label>
				<mixed-citation>Scott RM, Smith ER. Moyamoya disease and moyamoya syndrome. N Engl J Med. 2009;360(12):1226-37.</mixed-citation>
				<element-citation publication-type="journal">
					<person-group person-group-type="author">
						<name>
							<surname>Scott</surname>
							<given-names>RM</given-names>
						</name>
						<name>
							<surname>Smith</surname>
							<given-names>ER</given-names>
						</name>
					</person-group>
					<article-title>Moyamoya disease and moyamoya syndrome</article-title>
					<source>N Engl J Med</source>
					<year>2009</year>
					<volume>360</volume>
					<issue>12</issue>
					<fpage>1226</fpage>
					<lpage>1237</lpage>
				</element-citation>
			</ref>
		</ref-list>
	</back>
	<sub-article article-type="translation" id="SA1" xml:lang="en">
		<front-stub>
			<article-categories>
				<subj-group subj-group-type="heading">
					<subject>CASE REPORTS</subject>
				</subj-group>
			</article-categories>
			<title-group>
				<article-title>ST-Segment Elevation Myocardial Infarction with Extensive Coronary Thrombus in a Patient with Sickle Cell Anemia</article-title>
			</title-group>
			<contrib-group>
				<contrib contrib-type="author">
					<name>
						<surname>Pivatto</surname>
						<given-names>Fernando</given-names>
						<suffix>Jr.</suffix>
					</name>
					<xref ref-type="aff" rid="aff02"/>
				</contrib>
				<contrib contrib-type="author">
					<name>
						<surname>Krepsky</surname>
						<given-names>Ana Maria</given-names>
					</name>
					<xref ref-type="aff" rid="aff02"/>
				</contrib>
				<contrib contrib-type="author">
					<name>
						<surname>Piardi</surname>
						<given-names>Diogo Silva</given-names>
					</name>
					<xref ref-type="aff" rid="aff02"/>
				</contrib>
				<contrib contrib-type="author">
					<name>
						<surname>Mossmann</surname>
						<given-names>Márcio</given-names>
					</name>
					<xref ref-type="aff" rid="aff02"/>
				</contrib>
				<contrib contrib-type="author">
					<name>
						<surname>Gus</surname>
						<given-names>Miguel</given-names>
					</name>
					<xref ref-type="aff" rid="aff02"/>
				</contrib>
				<contrib contrib-type="author">
					<name>
						<surname>Wainstein</surname>
						<given-names>Marco Vugman</given-names>
					</name>
					<xref ref-type="aff" rid="aff02"/>
				</contrib>
			</contrib-group>
			<aff id="aff02">
				<institution content-type="original">Cardiology Service, Hospital de Clínicas de Porto Alegre, Porto Alegre, RS, Brazil</institution>
			</aff>
			<author-notes>
				<fn fn-type="conflict">
					<p>CONFLICTS OF INTERESTS</p>
					<p>The authors declare no conflicts of interest.</p>
				</fn>
			</author-notes>
			<abstract>
				<p>Myocardial infarction in patients with sickle cell anemia is often underdiagnosed due to confounding factors (e.g., vasoocclusive disease leading to painful crisis). In the majority of reported cases, the coronary arteries were pervious and without stenotic lesions. In this case report, we describe the presence of an extensive coronary thrombus in a patient with sickle cell anemia presenting with ST elevation myocardial infarction, managed satisfactorily with the association of anticoagulants and antiplatelet drugs.</p>
			</abstract>
			<kwd-group xml:lang="en">
				<kwd>Anemia, sickle cell</kwd>
				<kwd>Myocardial infarction</kwd>
				<kwd>Anticoagulants</kwd>
				<kwd>Cardiac catheterization</kwd>
			</kwd-group>
		</front-stub>
		<body>
			<p>Sickle cell anemia is an inherited hemoglobinopathy attributed to a specific molecular lesion resulting in hemoglobin polymerization into long fibers, forming a gel, which makes red blood cells stiff and sickle-shaped, reducing their flexibility and hindering their passage through microcirculation.<xref ref-type="bibr" rid="B01">1</xref>
			</p>
			<p>The occurrence of acute myocardial infarction (AMI) in patients with sickle cell anemia is often underdiagnosed, due to confounding factors (e.g., vaso-occlusive disease leading to painful crises, such as bone pain).However, in most reported cases, the coronary arteries were patent and showed no lesions.<xref ref-type="bibr" rid="B02">2</xref> In this case report, the authors describe the occurrence of AMI with ST-segment elevation and extensive coronary thrombus in a patient with sickle cell anemia, discussing therapeutic approaches for this situation.</p>
			<sec sec-type="cases">
				<title>CASE REPORT</title>
				<p>Male patient, 48 years old, smoker and alcohol consumer, with diagnoses of arterial hypertension and sickle cell anemia (SS hemoglobinopathy, last painful crisis 4 years prior), using enalapril and hydroxyurea. He sought emergency care complaining of intense retrosternal pain, radiating to the jaw and left arm, which had started one hour before, associated with sweating.</p>
				<p>On admission, the electrocardiogram (ECG) showed ST-segment elevation in the inferior leads (<xref ref-type="fig" rid="f05">Figure 1</xref>) and the patient was referred for invasive stratification, after receiving acetylsalicylic acid (ASA) and clopidogrel. He did not have signs of pulmonary congestion and was hemodynamically stable (Killip I).</p>
				<fig id="f05">
					<label>Figure 1</label>
					<caption>
						<title>Admission electrocardiogram: 1 mm ST-segment elevation in DIII and AVF leads</title>
					</caption>
					<graphic xlink:href="0104-1843-rbci-22-04-0390-gf01-en.tif"/>
				</fig>
				<p>The coronary angiography showed dominant right coronary artery, with an image suggestive of thrombus presence in the proximal segment, with Thrombolysis in Myocardial Infarction (TIMI 3) distal flow and non-stenotic lesions, and the other vessels were free of significant stenosis (<xref ref-type="fig" rid="f06">Figure 2</xref>). Due to the fact that the patient was hemodynamically stable with apreserved distal flow, and also that he was a low-risk patient for bleeding as estimated by the CRUSADE score (22 points, hospital risk 5.5%), it was decided not to perform a percutaneous intervention at that time; abciximab was administered and anticoagulation was maintained with unfractionated heparin administered by infusion pump (anticoagulant initially used in cardiac catheterization), as well as the concomitant use of ASA and clopidogrel, with repeat catheterization plannedfor 48 to 96 hours later.</p>
				<fig id="f06">
					<label>Figure 2</label>
					<caption>
						<title>Coronary angiography in the left anterior oblique view, showing extensive thrombus in the proximal segment of the right coronary artery, free of stenotic lesions (A). Caudal (B) and cranial right anterior oblique view (C), respectively, showing the left anterior descending and left circumflex coronary arteries free of lesions.</title>
					</caption>
					<graphic xlink:href="0104-1843-rbci-22-04-0390-gf02-en.tif"/>
				</fig>
				<p>ECG prior to the new catheterization (<xref ref-type="fig" rid="f07">Figure 3</xref>) showed primary repolarization alterations in the inferior wall, with complete regression of ST-segment elevation. The patient remained clinically stable and was submitted to a new catheterization four days later, which persisted showing an image compatible with thrombus presence in the right coronary artery proximal segment, but smaller in size, when compared to the prior assessment, with no residual stenosis and TIMI-3 distal flow (<xref ref-type="fig" rid="f08">Figure 4</xref>). The echocardiography showed preserved left ventricular globaland segmental systolic functions with ejection fraction of 72%. In order to rule out the association with Moyamoya syndrome, a cerebrovascular alteration eventually observed in patients with sickle cell anemia that greatly increases the risk of intracranial bleeding in these individuals, whose presence could influence the anticoagulation strategy after discharge, the patient underwent a cerebral angiography, which excluded such diagnosis. He showed clinical improvement and was discharged with a prescription for ASA, clopidogrel, warfarin, and simvastatin.</p>
				<fig id="f07">
					<label>Figure 3</label>
					<caption>
						<title>Electrocardiogram 4 days later, before the new catheterization, with complete regression of ST elevation and T-wave inversion in DIII and aVF leads.</title>
					</caption>
					<graphic xlink:href="0104-1843-rbci-22-04-0390-gf03-en.tif"/>
				</fig>
				<fig id="f08">
					<label>Figure 4</label>
					<caption>
						<title>New coronary angiography, at the same view as the previous one, demonstrating thrombus reductionin the proximal segment of the right coronary artery</title>
					</caption>
					<graphic xlink:href="0104-1843-rbci-22-04-0390-gf04-en.tif"/>
				</fig>
			</sec>
			<sec sec-type="discussions">
				<title>DISCUSSION</title>
				<p>Myocardial ischemia and infarction should be considered in patients with sickle cell anemia and chest pain. Case reports of patient's with acute chest crisis have shown ECG alterations, troponin increase suggestive of AMI, myocardial perfusion defects in nuclear medicine assessment, and cardiac magnetic resonance imaging (MRI) abnormalities. These findings have been attributed to acute and chronic microvascular occlusion, in the context of chronic endothelial damage, procoagulant state, and systemic vascular disease. The risk stratification of these patients should primarily consider the existence of associated medical conditions, such as worsening anemia, hypoxia, <italic>cor pulmonale</italic>, renal failure, infection, and acidosis. Cardiac abnormalities have been reverted after exchange transfusion and aggressive support for ischemia.</p>
				<p>The coronary angiography shows normal coronary arteries in most cases, which contravenes its routine use, especially in patients with sickle anemia and chest pain with a low-risk profile. However, patients with sickle cell anemia and chest pain with suspected myocardial ischemia (as in the present case) should be admitted to a cardiac unit for monitoring, and other associated medical conditions should be promptly managed, together with hydration and oxygenation. In this case, the coronary angiography showed extensive thrombotic burden and the patient's risk profile (smoker) probably contributed to this finding. As the flow in the affected artery was TIMI 3 at the time of the study and due to the low risk of bleeding events, it was decided to use a strategy without coronary stenting, with aggressive anticoagulation and antiplatelet therapy. However, to support such strategy, further studies in patients with sickle cell anemia are necessary, aiming to assess the effect of antiplatelet agents, blood transfusions, and other conventional therapies for ischemic heart disease.<xref ref-type="bibr" rid="B02">2</xref>
					<sup>,</sup>
					<xref ref-type="bibr" rid="B03">3</xref>
				</p>
				<p>In patients with acute coronary syndrome, the presence of extensive intracoronary thrombus increases the risk of distal embolization, abrupt occlusion, stent thrombosis, need for a new revascularization, myocardial infarction, and death. <xref ref-type="bibr" rid="B04">4</xref> Moreover, the occurrence of TIMI flow &#x2264; 1, with no signs of distal occlusion or embolization of the treated artery (no-reflow), is considered anindependent predictor of myocardial infarction and post-procedure death. <xref ref-type="bibr" rid="B05">5</xref> Antithrombotic and antiplatelet therapies can reduce the thrombotic burden, and embolic protection devices and thrombectomy can remove thrombus fractions. However, the effectiveness of these measures is often not ideal, and the adequate treatment of extensive coronary thrombi remains a poorly defined problem, often faced duringpercutaneous coronary intervention. In AMI with ST-segmentelevation with the presence of extensive thrombus, the risk/benefit of performing <italic>ad-hoc</italic> angioplasty in clinically-stable patients without an urgent need for revascularization is not well defined. A study comparing the immediate percutaneous coronary intervention with the late intervention, in this context, after intensive antithrombotic therapy (glycoprotein IIb/IIIa ainhibitors, enoxaparin, ASA, and clopidogrel) for 60.0 &#x00B1; 30.8 hours, observed that this strategy was safe and associated with a reduction in the thrombotic burden, angiographic complications, and need for revascularization; such benefits were observed without an increase in the occurrence of hemorrhagic complications.<xref ref-type="bibr" rid="B05">5</xref> This approach was similar to that used in this case.</p>
				<p>However, there are conflicting reports about antiplatelet therapy in sickle cell disease, particularly regarding the effect of ASA. A limitation of these studies is that the <italic>in vivo</italic> effect of the drugs on platelet activation was often not assessed; it is possible that antiplatelet therapy, ata sufficient dose to inhibit platelet activation, has beneficial effects on vaso-occlusive complications. Studies using warfarin are also controversial.<xref ref-type="bibr" rid="B06">6</xref>
				</p>
				<p>Moyamoya syndrome, investigated and ruled out in this case, is a cerebrovascular disease that predisposes affected patients to the occurrence of stroke due to progressive stenosis of the distal portions of intracranial internal carotid arteries and their branches. The reduced blood flow in the large vessels of anterior brain circulation leads to the development of collateral circulation, with the formation of small vessels. It can be idiopathic (Moyamoya disease) or the result of a specific underlying disease, such as atherosclerosis and sickle cell anemia, or radiotherapy (Moyamoya syndrome). Antiplatelet agents have been used to prevent microthrombus embolization at the sites of arterial stenosis and these drugs, although not universally used, are routinely used in patientsin many series. Anticoagulants such as warfarin are rarely used.<xref ref-type="bibr" rid="B07">7</xref> In this case, the exclusion of this syndrome allowed for anticoagulation, which would be otherwise contraindicated due to the potential risk of hemorrhagic stroke.</p>
			</sec>
			<sec sec-type="conclusions">
				<title>CONCLUSIONS</title>
				<p>In patients with acute coronary syndrome associated with sickle-cell anemia, in the presence of high thrombotic burden, an approach with aggressive anticoagulation and antiplatelet therapy can be a successfulstrategy, as in this case. A larger sample is required for reproduction and confirmation of the satisfactory results obtained with this approach. In the case reported, it was decided to maintain ASA and clopidogrel at discharge, as well asoral anticoagulation with warfarin, indefinitely.</p>
			</sec>
		</body>
		<back>
			<fn-group>
				<fn fn-type="financial-disclosure">
					<p>None declared.</p>
				</fn>
			</fn-group>
		</back>
	</sub-article>
</article>
