<?xml version="1.0" encoding="utf-8"?>
<!DOCTYPE article PUBLIC "-//NLM//DTD JATS (Z39.96) Journal Publishing DTD v1.0 20120330//EN" "../JATS-journalpublishing1.dtd">
<article xmlns:xlink="http://www.w3.org/1999/xlink" xmlns:mml="http://www.w3.org/1998/Math/MathML" dtd-version="1.0" specific-use="sps-1.1" article-type="research-article" xml:lang="pt">
	<front>
		<journal-meta>
			<journal-id journal-id-type="publisher-id">rbci</journal-id>
			<journal-title-group>
				<journal-title>Revista Brasileira de Cardiologia Invasiva</journal-title>
				<abbrev-journal-title abbrev-type="publisher">Rev. Bras. Cardiol.
               Invasiva</abbrev-journal-title>
			</journal-title-group>
			<issn pub-type="ppub">0104-1843</issn>
			<issn pub-type="epub">2179-8397</issn>
			<publisher>
				<publisher-name>Sociedade Brasileira de Hemodinâmica e Cardiologia
               Intervencionista</publisher-name>
			</publisher>
		</journal-meta>
		<article-meta>
			<article-id pub-id-type="doi">10.1590/0104-1843000000061</article-id>
			<article-categories>
				<subj-group subj-group-type="heading">
					<subject>ARTIGOS ORIGINAIS</subject>
				</subj-group>
			</article-categories>
			<title-group>
				<article-title>Oclusão Percutânea da Persistência do Ducto Arterioso</article-title>
			</title-group>
			<contrib-group>
				<contrib contrib-type="author">
					<name>
						<surname>Rathke</surname>
						<given-names>Juliano</given-names>
					</name>
					<xref ref-type="aff" rid="aff01">1</xref>
				</contrib>
				<contrib contrib-type="author">
					<name>
						<surname>Menezes</surname>
						<given-names>Honório Sampaio</given-names>
					</name>
					<xref ref-type="aff" rid="aff02">2</xref>
					<xref ref-type="corresp" rid="c01"/>
				</contrib>
				<contrib contrib-type="author">
					<name>
						<surname>Rossi-Filho</surname>
						<given-names>Raul Ivo</given-names>
					</name>
					<xref ref-type="aff" rid="aff02">2</xref>
				</contrib>
				<contrib contrib-type="author">
					<name>
						<surname>Manica</surname>
						<given-names>João Luiz Langer</given-names>
					</name>
					<xref ref-type="aff" rid="aff02">2</xref>
				</contrib>
			</contrib-group>
			<aff id="aff01">
				<label>1</label>
				<institution content-type="orgname">Universidade Luterana do Brasil</institution>
				<addr-line>
					<named-content content-type="city">Canoas</named-content>
					<named-content content-type="state">RS</named-content>
				</addr-line>
				<country country="BR">Brasil</country>
				<institution content-type="original">Universidade Luterana do Brasil, Canoas, RS,
               Brasil.</institution>
				<institution content-type="normalized">Universidade Luterana do Brasil</institution>
			</aff>
			<aff id="aff02">
				<label>2</label>
				<institution content-type="orgname">Instituto de Cardiologia do Rio Grande do Sul</institution>
				<institution content-type="orgdiv1">Fundação Universitária de Cardiologia</institution>
				<addr-line>
					<named-content content-type="city">Porto Alegre</named-content>
					<named-content content-type="state">RS</named-content>
				</addr-line>
				<country country="BR">Brasil</country>
				<institution content-type="original">Instituto de Cardiologia do Rio Grande do
               Sul-Fundação Universitária de Cardiologia, Porto Alegre, RS, Brasil.</institution>
			</aff>
			<author-notes>
				<corresp id="c01">
					<bold>Correspondência:</bold> Honório Sampaio Menezes. Avenida
               Princesa Isabel, 395 - Santana - CEP: 90620-000 - Porto Alegre, RS, Brasil. E-mail:
                  <email>honoriosmenezes@gmail.com</email>
				</corresp>
				<fn fn-type="conflict">
					<p>
						<bold>CONFLITO DE INTERESSES</bold>
					</p>
					<p>Não há.</p>
				</fn>
			</author-notes>
			<pub-date pub-type="epub-ppub">
				<season>Oct-Dec</season>
				<year>2015</year>
			</pub-date>
			<volume>22</volume>
			<issue>4</issue>
			<fpage>364</fpage>
			<lpage>368</lpage>
			<history>
				<date date-type="received">
					<day>30</day>
					<month>09</month>
					<year>2014</year>
				</date>
				<date date-type="accepted">
					<day>30</day>
					<month>11</month>
					<year>2014</year>
				</date>
			</history>
			<permissions>
				<license license-type="open-access" xlink:href="http://creativecommons.org/licenses/by-nc/3.0/">
					<license-p>Este é um artigo publicado em acesso aberto (Open Access) sob a licença
                  Creative Commons Attribution NonCommercial, que permite uso, distribuição e
                  reprodução em qualquer meio, sem restrições desde que sem fins comerciais e que o
                  trabalho original seja corretamente citado.</license-p>
				</license>
			</permissions>
			<abstract>
				<sec>
					<title>Introdução:</title>
					<p>A persistência do ducto arterioso é uma condição congênita de alta morbidade,
                  especialmente em recém-nascidos prematuros de extremo baixo peso, representando 5
                  a 10% das cardiopatias congênitas. Nosso objetivo foi descrever as abordagens
                  realizadas em hospital de referência para o tratamento da persistência do ducto
                  arterioso com o método percutâneo de oclusão.</p>
				</sec>
				<sec>
					<title>Métodos:</title>
					<p>Foi realizado estudo retrospectivo do tratamento transcateter da persistência do
                  ducto arterioso no período de abril de 2008 a abril de 2010.</p>
				</sec>
				<sec>
					<title>Resultados:</title>
					<p>Foram revisados 47 casos, a maioria (78,8%) tratada com molas
                     Flipper<sup>&#x00AE;</sup>; os demais tratados com a prótese
                     Amplatzer<sup>&#x00AE;</sup>. A configuração morfológica ductal foi do tipo A
                  de Krichenko em 89,4% (34 no grupo molas Flipper<sup>&#x00AE;</sup> e 8 no grupo
                     Amplatzer<sup>&#x00AE;</sup>), tipo D em 6,4% (2 no grupo molas
                     Flipper<sup>&#x00AE;</sup> e 1 no grupo Amplatzer<sup>&#x00AE;</sup>) e tipo E
                  em 4,2% (1 em cada grupo) dos pacientes. Os diâmetros mínimos pré-cateterismo
                  foram de 2,6 &#x00B1; 0,8 mm e 3,8 &#x00B1; 1,6 mm para os grupos de molas
                     Flipper<sup>&#x00AE;</sup> e Amplatzer<sup>&#x00AE;</sup>, respectivamente.
                  Obteve-se oclusão imediata total do defeito na angiografia de controle em 72,3%
                  dos pacientes tratados. Sete pacientes tratados com molas
                     Flipper<sup>&#x00AE;</sup> receberam molas adicionais e os tratados com prótese
                     Amplatzer<sup>&#x00AE;</sup> mostraram apenas <italic>shunts</italic> residuais
                  mínimos em dois casos. Não ocorreram complicações do procedimento. No
                  acompanhamento após a alta, um paciente permaneceu com mínimo
                     <italic>shunt</italic> residual à ecografia, 45 dias após o cateterismo.</p>
				</sec>
				<sec>
					<title>Conclusões:</title>
					<p>A oclusão da persistência do ducto arterioso por método percutâneo tem-se mostrado
                  segura e efetiva na maioria dos casos.</p>
				</sec>
			</abstract>
			<kwd-group xml:lang="pt">
				<kwd>Canal arterial</kwd>
				<kwd>Cardiopatias congênitas</kwd>
				<kwd>Cateterismo</kwd>
				<kwd>Dispositivo para oclusão septal</kwd>
			</kwd-group>
			<counts>
				<fig-count count="2"/>
				<table-count count="2"/>
				<equation-count count="0"/>
				<ref-count count="22"/>
				<page-count count="5"/>
			</counts>
		</article-meta>
	</front>
	<body>
		<p>Ducto arterioso é uma estrutura vascular fetal essencial, que conecta a aorta descendente
         proximal e o topo da artéria pulmonar perto da origem do ramo esquerdo. Convencionou-se que
         a persistência do canal arterial, por definição, é uma condição de permanência do ducto
         pérvio após o período neonatal.<xref ref-type="bibr" rid="B01">1</xref>
			<sup>,</sup>
			<xref ref-type="bibr" rid="B02">2</xref>
		</p>
		<p>A persistência do ducto arterioso (PDA) representa o sexto defeito cardíaco congênito mais
         comum, correspondendo a 5 a 10% dos casos, excluindo-se os prematuros. É um problema
         frequente e complexo em recém-nascidos pré-termo, ocorrendo em 60% das crianças com menos
         de 28 semanas de idade gestacional.<xref ref-type="bibr" rid="B03">3</xref>
			<sup>-</sup>
			<xref ref-type="bibr" rid="B05">5</xref>
		</p>
		<p>Nos grandes <italic>shunts</italic> arteriovenosos, o aumento do volume para o leito
         vascular pulmonar e para o ventrículo esquerdo causa insuficiência cardíaca, podendo
         ocorrer morte súbita, especialmente em bebês prematuros. Uma lesão progressiva do leito
         vascular pulmonar pode ocorrer, mas raramente em um grau irreversível no primeiro ano de
            vida.<xref ref-type="bibr" rid="B04">4</xref>
			<sup>,</sup>
			<xref ref-type="bibr" rid="B06">6</xref>
		</p>
		<p>Crianças prematuras têm alta taxa de fechamento espontâneo do canal arterial persistente
         durante os primeiros 2 anos. No entanto, tem havido um debate crescente sobre tratar ou não
         essa condição no período neonatal.<xref ref-type="bibr" rid="B07">7</xref> Foram sugeridos
         desfechos desfavoráveis a curto e longo prazos das cirurgias primária e secundária em
         comparação àqueles pacientes tratados com indometacina.<xref ref-type="bibr" rid="B08">8</xref> O uso de indometacina profilática diminuiu a incidência de PDA e hemorragia
         periventricular e intraventricular grave, e hemorragia pulmonar grave precoce, porém não
         melhorou a taxa de sobrevida sem comprometimento neurológico aos 18 meses em recém-nascidos
         de extremo baixo peso.<xref ref-type="bibr" rid="B09">9</xref>
			<sup>,</sup>
			<xref ref-type="bibr" rid="B10">10</xref>
		</p>
		<p>A indicação de intervenção em prematuros, neonatos e lactentes de baixo peso (&lt; 6 kg) é
         restrita à presença de distúrbio respiratório e/ou insuficiência cardíaca decorrente de
         hiperfluxo e não compensado com tratamento clínico. Relatos de oclusão percutânea são
         geralmente referentes a ductos restritivos, ocluídos com pequenos
            <italic>coils.</italic>
			<xref ref-type="bibr" rid="B11">11</xref> No entanto, em crianças
         fora do período neonatal pode ser oferecida a oclusão do ducto arterioso via
            transcateter.<xref ref-type="bibr" rid="B01">1</xref>
		</p>
		<p>O objetivo desse estudo foi descrever as abordagens realizadas em hospital de referência
         para tratamento transcateter da PDA com dispositivos de oclusão, os desfechos clínicos e as
         complicações relacionadas com o método.</p>
		<sec sec-type="methods">
			<title>MÉTODOS</title>
			<p>Tratou-se de um estudo observacional retrospectivo, predominantemente descritivo, do
            tipo série de casos. A amostra estudada consistiu de pacientes consecutivos que
            realizaram fechamento do ducto arterioso, com dispositivos de embolização por via
            percutânea, no período de 2008 a 2010, no Instituto de Cardiologia do Rio Grande do
            Sul-Fundação Universitária de Cardiologia (IC-FUC). Este estudo obteve a aprovação do
            Comitê de Ética em Pesquisa do IC-FUC.</p>
			<p>Foram revisados, por meio de consulta aos prontuários médicos, no Serviço de Atendimento
            Médico e Estatístico (SAME) do IC-FUC, os pacientes tratados com a mola destacável
                  Flipper<sup>&#x00AE;</sup> (Cook Medical Inc., Bloomington, Estados
            Unidos) ou a prótese Amplatzer<sup>&#x00AE;</sup> Duct Occluder (AGA, Golden
            Valley, Estados Unidos) (Figura). Não existiram critérios de exclusão dos sujeitos da
            pesquisa.</p>
			<fig id="f01">
				<label>Figura</label>
				<caption>
					<title>Dispositivos de oclusão do ducto arterioso. (A) Mola destacável
                     Flipper<sup>&#x00AE;</sup> (Flipper<sup>&#x00AE;</sup> Detachable Coil); (B)
                  dispositivo oclusor de Amplatzer<sup>&#x00AE;</sup> (Amplatzer Duct Occludder).
                  Fonte: adaptado de Haddad et al.<sup>(</sup>
						<xref ref-type="bibr" rid="B11">11</xref>
						<sup>)</sup>
					</title>
				</caption>
				<graphic xlink:href="0104-1843-rbci-22-04-0364-gf01.tif"/>
			</fig>
			<p>Os pacientes encaminhados ao laboratório de hemodinâmica após diagnóstico clínico e
            ecocardiográfico de PDA foram submetidos a estudo manométrico. Nas projeções oblíqua
            anterior direita e perfil, foram realizadas as angiografias com intuito de medir os
            diâmetros da ampola aórtica e a extremidade pulmonar do defeito. Após o implante da
            prótese, foi realizada aortografia para controle de eventual <italic>shunt</italic>
            residual. O sucesso do implante da prótese foi definido como ausência de
               <italic>shunt</italic> residual imediatamente após a colocação do dispositivo.</p>
			<p>As variáveis coletadas foram alocadas em bases de dados correspondentes a: idade, sexo,
            peso, morfologia ductal, tipo de prótese, <italic>shunt</italic> residual, complicações
            e intercorrências do procedimento. A coleta dos dados foi realizada por somente um dos
            pesquisadores, evitando disparidade. Os resultados foram descritos na forma de
            frequência absoluta e relativa da amostra. As variáveis quantitativas foram descritas
            como média e desvio padrão. Para variáveis de idade e peso, foram utilizadas média
            aritmética, dispersão e mediana.</p>
		</sec>
		<sec sec-type="results">
			<title>RESULTADOS</title>
			<p>Revisão retrospectiva realizada em 47 procedimentos de oclusão percutânea do ducto
            arterioso mostrou que 78,8% foram tratados com <italic>coils</italic> de liberação
            programada (molas Flipper<sup>&#x00AE;</sup>) e os demais tratados com o
            dispositivo oclusor Amplatzer<sup>&#x00AE;</sup> (<xref ref-type="table" rid="t01">Tabela</xref>).</p>
			<table-wrap id="t01">
				<label>TABELA</label>
				<caption>
					<title>Características clínicas, angiográficas e do procedimento</title>
				</caption>
				<table frame="hsides" rules="groups">
					<thead>
						<tr>
							<th>
								<bold>Características</bold>
							</th>
							<th align="center">
								<bold>Mola Flipper<sup>&#x00AE;</sup>(n = 37)</bold>
							</th>
							<th align="center">
								<bold>Amplatzer<sup>&#x00AE;</sup>(n = 10)</bold>
							</th>
						</tr>
					</thead>
					<tbody>
						<tr>
							<td>Idade, meses</td>
							<td align="center">103,2 (9-597)</td>
							<td align="center">183,8 (10-640)</td>
						</tr>
						<tr>
							<td>Sexo masculino, n (%)</td>
							<td align="center">20 (54,1)</td>
							<td align="center">6 (60)</td>
						</tr>
						<tr>
							<td>Peso, kg</td>
							<td align="center">28,1 (7-77)</td>
							<td align="center">38,1 (8,1-80)</td>
						</tr>
						<tr>
							<td>Morfologia do ducto arterioso, n (%)</td>
							<td align="center"/>
							<td align="center"/>
						</tr>
						<tr>
							<td>&#x00a0;&#x00a0;&#x00a0;&#x00a0;Tipo A</td>
							<td align="center">34 (91,9)</td>
							<td align="center">8 (80,0)</td>
						</tr>
						<tr>
							<td>&#x00a0;&#x00a0;&#x00a0;&#x00a0;Tipo D</td>
							<td align="center">2 (5,4)</td>
							<td align="center">1 (10,0)</td>
						</tr>
						<tr>
							<td>&#x00a0;&#x00a0;&#x00a0;&#x00a0;Tipo E</td>
							<td align="center">1 (2,7)</td>
							<td align="center">1 (10,0)</td>
						</tr>
						<tr>
							<td>Diâmetro ductal mínimo no ecocardiograma, mm</td>
							<td align="center">2,6 &#x00B1; 0,8</td>
							<td align="center">3,8 &#x00B1; 1,6</td>
						</tr>
						<tr>
							<td>Diâmetro ductal mínimo no cateterismo, mm</td>
							<td align="center">1,4 &#x00B1; 0,5</td>
							<td align="center">2,0 &#x00B1; 1,0</td>
						</tr>
						<tr>
							<td>Sucesso do implante da prótese, n (%)</td>
							<td align="center">26 (70,2)</td>
							<td align="center">8 (80)</td>
						</tr>
						<tr>
							<td>Shunt residual imediato, n (%)</td>
							<td align="center">11 (29,7)</td>
							<td align="center">2 (20)</td>
						</tr>
						<tr>
							<td>&#x00a0;&#x00a0;&#x00a0;&#x00a0;Tipo jato</td>
							<td align="center">5</td>
							<td align="center">1</td>
						</tr>
						<tr>
							<td>&#x00a0;&#x00a0;&#x00a0;&#x00a0;Tipo nuvem</td>
							<td align="center">6</td>
							<td align="center">1</td>
						</tr>
						<tr>
							<td>Pacientes com necessidade de implante de molas adicionais, n (%)</td>
							<td align="center">7 (18,9)</td>
							<td align="center">0 (0)</td>
						</tr>
						<tr>
							<td>
								<italic>Shunt</italic> após novas molas, n (%)</td>
							<td align="center">4 (10,8)<xref ref-type="table-fn" rid="TFN01">*</xref>
							</td>
							<td align="center">0 (0)</td>
						</tr>
						<tr>
							<td>
								<italic>Shunt</italic> tardio à ecografia, n (%)</td>
							<td align="center">1 (8,1)<xref ref-type="table-fn" rid="TFN01">&#x2020;</xref>
							</td>
							<td align="center">0 (0)</td>
						</tr>
						<tr>
							<td>Complicações, n (%)</td>
							<td align="center">0 (0)</td>
							<td align="center">0 (0)</td>
						</tr>
					</tbody>
				</table>
				<table-wrap-foot>
					<fn id="TFN01">
						<label>*</label>
						<p>
							<italic>Shunt</italic> tipo nuvem; <sup>&#x2020;</sup>mínimo <italic>Shunt</italic> residual esquerda-direita.</p>
					</fn>
				</table-wrap-foot>
			</table-wrap>
			<p>Os pacientes constituíram um grupo heterogêneo quanto à idade no momento do cateterismo,
            entretanto, prematuros ou pacientes no período neonatal não foram tratados. A média de
            idades foi de 103,2 (9 a 597) meses e 183,8 (10 a 640) meses para os grupos de oclusão
            com as molas Flipper<sup>&#x00AE;</sup> e
               Amplatzer<sup>&#x00AE;</sup>, respectivamente. Na distribuição absoluta,
            sem distinção dos dispositivos, a mediana foi de 51 meses.</p>
			<p>A média de peso nos pacientes submetidos ao procedimento com as molas
                  Flipper<sup>&#x00AE;</sup> foi de 28,1 kg (7 a 77 kg) e com a prótese
                  Amplatzer<sup>&#x00AE;</sup> foi de 38,1 kg (8,1 a 80 kg). Na
            totalidade dos casos, a média de peso foi de 36,9 kg e a mediana de 21 kg.</p>
			<p>Em 35 (74,5%) casos, não foram encontradas anormalidades concomitantes ao diagnóstico da
            PDA, no entanto 7 (14,9%) pacientes mostraram lesões congênitas associadas e 4 (8,5%)
            tiveram desordens sindrômicas. Apenas um paciente com diagnóstico sindrômico apresentou
            lesão cardíaca congênita associada à PDA, correspondendo a um defeito septal
            atrioventricular em um paciente com trissomia do cromossomo 21 (síndrome de Down). Os
            distúrbios cardiovasculares congênitos associados envolveram estenose pulmonar valvar,
            forame oval patente, defeito septal atrioventricular, bloqueio atrioventricular
            congênito, comunicação interatrial <italic>ostium secundum</italic> e comunicação
            interventricular. Apenas um dos casos mostrou associação de comunicação interventricular
            muscular trabecular mínima, comunicação interatrial tipo <italic>ostium
               secundum</italic> pequena e bloqueio atrioventricular congênito de mãe com
            diagnóstico de lúpus eritematoso sistêmico.</p>
			<p>Em determinados casos, pacientes haviam sido tratados anteriormente com ligadura
            cirúrgica e outros, com correção de defeitos cardíacos associados. Três casos resultaram
            de pós-operatórios de ligadura cirúrgica e outro originou-se de plastia pulmonar com
            infundibulectomia e ressecção das bandas musculares anômalas. Dentre os pacientes com
            oclusão da PDA após procedimentos de correção de distúrbios congênitos, um ocorreu após
            valvoplastia pulmonar com balão, e outro após correção total de defeito septal
            atrioventricular.</p>
			<p>A configuração morfológica ductal avaliada de acordo com a classificação de Krichenko
            foi predominante do tipo A, que representou 89,4% (42 pacientes, sendo 34 no grupo molas
                  Flipper<sup>&#x00AE;</sup> e 8 no grupo
                  Amplatzer<sup>&#x00AE;</sup>), o tipo D em 6,4% (3 pacientes, 2 no
            grupo molas Flipper<sup>&#x00AE;</sup> e 1 no grupo
                  Amplatzer<sup>&#x00AE;</sup>) e tipo E em 4,2% (2 pacientes, um em cada
            grupo).</p>
			<p>A média do menor diâmetro do ducto arterioso, predominantemente na extremidade pulmonar,
            medido à ecografia pré-cateterismo, foi de 2,6 &#x00B1; 0,8 mm nos pacientes com oclusão por
               <italic>coils</italic>, e de 3,8 &#x00B1; 1,6 mm nos pacientes com oclusão com
                  Amplatzer<sup>&#x00AE;</sup>. A média total do diâmetro mínimo,
            correspondente a todos pacientes tratados, foi de 2,8 &#x00B1; 1,1 mm. À angiografia, a média
            do menor diâmetro foi de 1,4 &#x00B1; 0,5 e 2,0 &#x00B1; 1,0 mm, respectivamente, para os grupos das
            molas Flipper<sup>&#x00AE;</sup> e
            Amplatzer<sup>&#x00AE;</sup>.</p>
			<p>Entre os 37 pacientes tratados com molas Flipper<sup>&#x00AE;</sup>,
            constatou-se que 5 tiveram <italic>shunt</italic> residual em jato e 6 permaneceram com
            fluxo tipo nuvem à aortografia de controle. Sete destes pacientes foram tratados com
            nove molas adicionais devido a problemas na liberação do dispositivo ou ao fluxo
            residual. Dentre estes, observou-se fluxo residual tipo nuvem em quatro procedimentos.
            Os procedimentos com prótese Amplatzer<sup>&#x00AE;</sup> mostraram apenas
               <italic>shunts</italic> residuais mínimos intraprótese imediatamente após a liberação
            em dois casos, sendo um com fluxo tipo nuvem e o outro tipo jato.</p>
			<p>No acompanhamento após a alta, um paciente permaneceu com mínimo <italic>shunt</italic>
            residual, da esquerda para a direita, detectado à ecografia, 45 dias após o cateterismo.
            Os procedimentos analisados não mostraram complicações dentro do período estudado, como
            oclusão arterial aguda, embolizações, hemólise, insuficiência cardíaca congestiva, edema
            agudo de pulmão ou broncopneumonia.</p>
		</sec>
		<sec sec-type="discussion">
			<title>DISCUSSÃO</title>
			<p>No presente estudo, a oclusão transcateter da PDA com dispositivos
                  Amplatzer<sup>&#x00AE;</sup> e molas
               Flipper<sup>&#x00AE;</sup> obteve índice de sucesso imediato de 72,3%,
            sendo observados em 8 de 10 pacientes tratados com a prótese
                  Amplatzer<sup>&#x00AE;</sup> e em 26 de 37 pacientes tratados com as
            molas Flipper<sup>&#x00AE;</sup>, corroborando dados percentuais encontrados
            por Choi et al.<xref ref-type="bibr" rid="B12">12</xref> No seguimento com exames
            ecocardiográficos, contatou-se apenas um paciente com mínimo fluxo residual.<xref ref-type="bibr" rid="B13">13</xref> Os cálculos de diâmetro mínimo à ecografia
            pré-cateterismo resultaram em 2,6 &#x00B1; 0,8 mm e 3,8 &#x00B1; 1,6 mm para os pacientes que
            utilizaram molas Flipper<sup>&#x00AE;</sup> e prótese
                  Amplatzer<sup>&#x00AE;</sup>, respectivamente, confirmando a indicação
            do uso do dispositivo Amplatzer<sup>&#x00AE;</sup> para ductos com diâmetro
            &gt; 2,5 mm. Após a oclusão, não ocorreram complicações sérias resultante do tratamento
            percutâneo, sendo observados apenas problemas técnicos menores durante o procedimento,
            como falhas na liberação do dispositivo, impossibilidade de passar o cateter por
            desproporção vaso-cateter, falha na ancoragem da prótese e vasoespasmo bilateral.</p>
			<p>As opções tradicionais de tratamento para neonatos pré-termo com PDA são agentes
            anti-inflamatórios não esteroidais, ligação cirúrgica ou clipe. Não há dados suficientes
            relativos ao benefício entre cirurgia ou indometacina para crianças prematuras
            sintomáticas com PDA. Os procedimentos cirúrgicos envolvendo toracotomia (ligamento do
               <italic>ductus</italic>) estão associados ao aumento do risco de ocorrer doença
            pulmonar crônica, retinopatia da prematuridade e comprometimento neurossensorial. Tal
            fato pode estar associado à demora da execução da cirurgia e/ou aos cuidados
            perioperatórios, uma vez que se trata de população suscetível a tais riscos.<xref ref-type="bibr" rid="B14">14</xref>
				<sup>,</sup>
				<xref ref-type="bibr" rid="B15">15</xref>
			</p>
			<p>Apesar dos avanços das técnicas intervencionistas de oclusão do canal arterial
            persistente, o fechamento de grandes ductos em crianças pequenas permanece um desafio. A
            oclusão por <italic>coils</italic> somente é eficaz em canais de tamanho pequeno a
            moderado, mesmo que múltiplos <italic>coils</italic> sejam utilizados.<xref ref-type="bibr" rid="B16">16</xref>
				<sup>,</sup>
				<xref ref-type="bibr" rid="B17">17</xref> Com melhores adaptações da técnica, foi possível a oclusão por
               <italic>coils</italic> em recém-nascidos pré-termo sintomáticos selecionados, como
            alternativa à ligadura cirúrgica.<xref ref-type="bibr" rid="B14">14</xref>
			</p>
			<p>As perspectivas mostram que ductos arteriosos do tipo B e C da classificação de
            Kritchenko et al.<xref ref-type="bibr" rid="B18">18</xref> e com diâmetros maiores são
            preditores de insucesso para implante das próteses. Quando da indicação adequada dos
            dispositivos, os percentuais alcançam índices &gt; 90% de sucesso.<xref ref-type="bibr" rid="B19">19</xref>
			</p>
			<p>O fechamento transcateter de grandes canais arteriais persistentes usando próteses
                  Amplatzer<sup>&#x00AE;</sup> tem sido comprovado, em grandes séries,
            ser um procedimento altamente eficaz. Entretanto, o implante do dispositivo é bastante
            problemático em crianças com peso &lt; 5 kg. A maior preocupação com relação à morbidade
            é a obstrução da aorta descendente e da artéria pulmonar esquerda. O gradiente
            pressórico deve ser constantemente monitorizado em laboratório de cateterismo, pois a
            retenção marginal, em alguns casos, pode provocar um estreitamento da aorta.<xref ref-type="bibr" rid="B20">20</xref> O fechamento completo de ducto arterioso patente
            muito grande se tornou recentemente possível, mesmo em recém-nascidos de baixo peso,
            utilizando um dispositivo angular personalizado, a fim de evitar a protrusão para dentro
            da aorta, ou uma versão modificada da prótese de
               Amplatzer<sup>&#x00AE;</sup>.<xref ref-type="bibr" rid="B21">21</xref>
			</p>
			<p>Em análise da experiência com inovações dos dispositivos, têm-se observado 98% de
            oclusão completa do defeito, com baixas taxas de complicações significativas durante o
            procedimento ou no seguimento de curto prazo.<xref ref-type="bibr" rid="B22">22</xref>
			</p>
		</sec>
		<sec sec-type="conclusions">
			<title>CONCLUSÕES</title>
			<p>A oclusão da persistência do ducto arterioso por métodos percutâneo temse mostrado
            segura e efetiva na maioria dos casos. As principais complicações vêm sendo suplantadas
            por inovações técnicas e <italic>designs</italic> dos dispositivos de oclusão de acordo
            com o delineamento da anatomia ductal. As características clínicas e atenção para
            detalhes técnicos específicos são essenciais para o sucesso dos procedimentos.</p>
		</sec>
	</body>
	<back>
		<fn-group>
			<fn fn-type="financial-disclosure">
				<p>
					<bold>FONTE DE FINANCIAMENTO</bold>
				</p>
				<p>Não há.</p>
			</fn>
		</fn-group>
		<ref-list>
			<title>REFERÊNCIAS</title>
			<ref id="B01">
				<label>1</label>
				<mixed-citation>Forsey JT, Elmasry OA, Martin RP. Patent arterial duct. Orphanet J Rare Dis. 2009;4:17-26.</mixed-citation>
				<element-citation publication-type="journal">
					<person-group person-group-type="author">
						<name>
							<surname>Forsey</surname>
							<given-names>JT</given-names>
						</name>
						<name>
							<surname>Elmasry</surname>
							<given-names>OA</given-names>
						</name>
						<name>
							<surname>Martin</surname>
							<given-names>RP</given-names>
						</name>
					</person-group>
					<article-title>Patent arterial duct</article-title>
					<source>Orphanet J Rare Dis</source>
					<year>2009</year>
					<volume>4</volume>
					<fpage>17</fpage>
					<lpage>26</lpage>
				</element-citation>
			</ref>
			<ref id="B02">
				<label>2</label>
				<mixed-citation>Schneider DJ, Moore JW. Patent ductus arteriosus. Circulation. 2006;114(17):1873-82.</mixed-citation>
				<element-citation publication-type="journal">
					<person-group person-group-type="author">
						<name>
							<surname>Schneider</surname>
							<given-names>DJ</given-names>
						</name>
						<name>
							<surname>Moore</surname>
							<given-names>JW</given-names>
						</name>
					</person-group>
					<article-title>Patent ductus arteriosus</article-title>
					<source>Circulation</source>
					<year>2006</year>
					<volume>114</volume>
					<issue>17</issue>
					<fpage>1873</fpage>
					<lpage>1882</lpage>
				</element-citation>
			</ref>
			<ref id="B03">
				<label>3</label>
				<mixed-citation>Pedra CAC, Esteves CA, Braga SLN, Pedra SRFF, Pontes SCJ, Silva MAP, et al. Oclusão percutânea do pequeno canal arterial com molas de gianturco: impacto da otimização da seleção das molas e dos pacientes e da não-tolerância ao fluxo residual significativo imediato nos resultados. Rev Bras Cardiol Invasiva. 2008;16(1):86-90.</mixed-citation>
				<element-citation publication-type="journal">
					<person-group person-group-type="author">
						<name>
							<surname>Pedra</surname>
							<given-names>CAC</given-names>
						</name>
						<name>
							<surname>Esteves</surname>
							<given-names>CA</given-names>
						</name>
						<name>
							<surname>Braga</surname>
							<given-names>SLN</given-names>
						</name>
						<name>
							<surname>Pedra</surname>
							<given-names>SRFF</given-names>
						</name>
						<name>
							<surname>Pontes</surname>
							<given-names>SCJ</given-names>
						</name>
						<name>
							<surname>Silva</surname>
							<given-names>MAP</given-names>
						</name>
						<etal>et al</etal>
					</person-group>
					<article-title>Oclusão percutânea do pequeno canal arterial com molas de gianturco: impacto da otimização da seleção das molas e dos pacientes e da não-tolerância ao fluxo residual significativo imediato nos resultados</article-title>
					<source>Rev Bras Cardiol Invasiva</source>
					<year>2008</year>
					<volume>16</volume>
					<issue>1</issue>
					<fpage>86</fpage>
					<lpage>90</lpage>
				</element-citation>
			</ref>
			<ref id="B04">
				<label>4</label>
				<mixed-citation>Rothman A, Lucas VW, Sklansky MS, Cocalis MW, Kashani IA. Percutaneous coil occlusion of patent ductus arteriosus. J Pediat. 1997;130(3):447-54.</mixed-citation>
				<element-citation publication-type="journal">
					<person-group person-group-type="author">
						<name>
							<surname>Rothman</surname>
							<given-names>A</given-names>
						</name>
						<name>
							<surname>Lucas</surname>
							<given-names>VW</given-names>
						</name>
						<name>
							<surname>Sklansky</surname>
							<given-names>MS</given-names>
						</name>
						<name>
							<surname>Cocalis</surname>
							<given-names>MW</given-names>
						</name>
						<name>
							<surname>Kashani</surname>
							<given-names>IA</given-names>
						</name>
					</person-group>
					<article-title>Percutaneous coil occlusion of patent ductus arteriosus</article-title>
					<source>J Pediat</source>
					<year>1997</year>
					<volume>130</volume>
					<issue>3</issue>
					<fpage>447</fpage>
					<lpage>454</lpage>
				</element-citation>
			</ref>
			<ref id="B05">
				<label>5</label>
				<mixed-citation>Golombek SG, Sola A, Baquero H, Borbonet D, Cabañas F, Fajardo C, et al. Primer consenso clínico de SIBEN: enfoque diagnóstico y terapêutico del ductus arterioso permeable en recién nacidos pretérmino. An Pediatr. 2008;69(5):454-81.</mixed-citation>
				<element-citation publication-type="journal">
					<person-group person-group-type="author">
						<name>
							<surname>Golombek</surname>
							<given-names>SG</given-names>
						</name>
						<name>
							<surname>Sola</surname>
							<given-names>A</given-names>
						</name>
						<name>
							<surname>Baquero</surname>
							<given-names>H</given-names>
						</name>
						<name>
							<surname>Borbonet</surname>
							<given-names>D</given-names>
						</name>
						<name>
							<surname>Cabañas</surname>
							<given-names>F</given-names>
						</name>
						<name>
							<surname>Fajardo</surname>
							<given-names>C</given-names>
						</name>
						<etal>et al</etal>
					</person-group>
					<article-title>Primer consenso clínico de SIBEN: enfoque diagnóstico y terapêutico del ductus arterioso permeable en recién nacidos pretérmino</article-title>
					<source>An Pediatr</source>
					<year>2008</year>
					<volume>69</volume>
					<issue>5</issue>
					<fpage>454</fpage>
					<lpage>481</lpage>
				</element-citation>
			</ref>
			<ref id="B06">
				<label>6</label>
				<mixed-citation>Freed MD. The pathology, pathophysiology, recognition, and treatment of congenital heart disease. In: Foster V, Alexander RW, O'Rourke RA, Roberts R, King III SB, Wellens HJJ, editors. Hurst's the heart. New York: McGraw-Hill; 2001. v. 2.</mixed-citation>
				<element-citation publication-type="book">
					<person-group person-group-type="author">
						<name>
							<surname>Freed</surname>
							<given-names>MD</given-names>
						</name>
					</person-group>
					<chapter-title>The pathology, pathophysiology, recognition, and treatment of congenital heart disease</chapter-title>
					<person-group person-group-type="editor">
						<name>
							<surname>Foster</surname>
							<given-names>V</given-names>
						</name>
						<name>
							<surname>Alexander</surname>
							<given-names>RW</given-names>
						</name>
						<name>
							<surname>O'Rourke</surname>
							<given-names>RA</given-names>
						</name>
						<name>
							<surname>Roberts</surname>
							<given-names>R</given-names>
						</name>
						<name>
							<surname>King III</surname>
							<given-names>SB</given-names>
						</name>
						<name>
							<surname>Wellens</surname>
							<given-names>HJJ</given-names>
						</name>
					</person-group>
					<source>Hurst's the heart</source>
					<publisher-loc>New York</publisher-loc>
					<publisher-name>McGraw-Hill</publisher-name>
					<year>2001</year>
					<volume>2</volume>
				</element-citation>
			</ref>
			<ref id="B07">
				<label>7</label>
				<mixed-citation>Clyman RI, Chorne N. Patent ductus arteriosus: evidence for and against treatment. J Pediatr. 2007;150(3):216-9.</mixed-citation>
				<element-citation publication-type="journal">
					<person-group person-group-type="author">
						<name>
							<surname>Clyman</surname>
							<given-names>RI</given-names>
						</name>
						<name>
							<surname>Chorne</surname>
							<given-names>N</given-names>
						</name>
					</person-group>
					<article-title>Patent ductus arteriosus: evidence for and against treatment</article-title>
					<source>J Pediatr</source>
					<year>2007</year>
					<volume>150</volume>
					<issue>3</issue>
					<fpage>216</fpage>
					<lpage>219</lpage>
				</element-citation>
			</ref>
			<ref id="B08">
				<label>8</label>
				<mixed-citation>Madan JC, Kendrick D, Hagadorn JI, Frantz ID. Patent ductus arteriosus therapy: impact on neonatal and 18-month outcome. Pediatrics. 2009;123(2):674-81.</mixed-citation>
				<element-citation publication-type="journal">
					<person-group person-group-type="author">
						<name>
							<surname>Madan</surname>
							<given-names>JC</given-names>
						</name>
						<name>
							<surname>Kendrick</surname>
							<given-names>D</given-names>
						</name>
						<name>
							<surname>Hagadorn</surname>
							<given-names>JI</given-names>
						</name>
						<name>
							<surname>Frantz</surname>
							<given-names>ID</given-names>
						</name>
					</person-group>
					<article-title>Patent ductus arteriosus therapy: impact on neonatal and 18-month outcome</article-title>
					<source>Pediatrics</source>
					<year>2009</year>
					<volume>123</volume>
					<issue>2</issue>
					<fpage>674</fpage>
					<lpage>681</lpage>
				</element-citation>
			</ref>
			<ref id="B09">
				<label>9</label>
				<mixed-citation>Schmidt B, Davis P, Moddemann D, Ohlsson A, Roberts RS, Saigal S, et al. Long-term effects of indomethacin prophylaxis in extremely-low-birth- weight infants. N Engl J Med. 2001;344(26):1966-72.</mixed-citation>
				<element-citation publication-type="journal">
					<person-group person-group-type="author">
						<name>
							<surname>Schmidt</surname>
							<given-names>B</given-names>
						</name>
						<name>
							<surname>Davis</surname>
							<given-names>P</given-names>
						</name>
						<name>
							<surname>Moddemann</surname>
							<given-names>D</given-names>
						</name>
						<name>
							<surname>Ohlsson</surname>
							<given-names>A</given-names>
						</name>
						<name>
							<surname>Roberts</surname>
							<given-names>RS</given-names>
						</name>
						<name>
							<surname>Saigal</surname>
							<given-names>S</given-names>
						</name>
						<etal>et al</etal>
					</person-group>
					<article-title>Long-term effects of indomethacin prophylaxis in extremely-low-birth- weight infants</article-title>
					<source>N Engl J Med</source>
					<year>2001</year>
					<volume>344</volume>
					<issue>26</issue>
					<fpage>1966</fpage>
					<lpage>1972</lpage>
				</element-citation>
			</ref>
			<ref id="B10">
				<label>10</label>
				<mixed-citation>Clyman RI, Saha S, Jobe A, Oh W. Indomethacin prophylaxis for preterm infants: the impact of two multicentered randomized controlled trials on clinical practice. J Pediatr. 2007;150(1):46-50.</mixed-citation>
				<element-citation publication-type="journal">
					<person-group person-group-type="author">
						<name>
							<surname>Clyman</surname>
							<given-names>RI</given-names>
						</name>
						<name>
							<surname>Saha</surname>
							<given-names>S</given-names>
						</name>
						<name>
							<surname>Jobe</surname>
							<given-names>A</given-names>
						</name>
						<name>
							<surname>Oh</surname>
							<given-names>W</given-names>
						</name>
					</person-group>
					<article-title>Indomethacin prophylaxis for preterm infants: the impact of two multicentered randomized controlled trials on clinical practice</article-title>
					<source>J Pediatr</source>
					<year>2007</year>
					<volume>150</volume>
					<issue>1</issue>
					<fpage>46</fpage>
					<lpage>50</lpage>
				</element-citation>
			</ref>
			<ref id="B11">
				<label>11</label>
				<mixed-citation>Haddad J, Lima Filho MO, Figueiredo GL, Nazzetta HE, Osterne ECV. Oclusão percutânea da persistência do canal arterial. Rev Bras Cardiol Invasiva. 2005;13(3):206-18.</mixed-citation>
				<element-citation publication-type="journal">
					<person-group person-group-type="author">
						<name>
							<surname>Haddad</surname>
							<given-names>J</given-names>
						</name>
						<name>
							<surname>Lima</surname>
							<given-names>MO</given-names>
							<suffix>Filho</suffix>
						</name>
						<name>
							<surname>Figueiredo</surname>
							<given-names>GL</given-names>
						</name>
						<name>
							<surname>Nazzetta</surname>
							<given-names>HE</given-names>
						</name>
						<name>
							<surname>Osterne</surname>
							<given-names>ECV</given-names>
						</name>
					</person-group>
					<article-title>Oclusão percutânea da persistência do canal arterial</article-title>
					<source>Rev Bras Cardiol Invasiva</source>
					<year>2005</year>
					<volume>13</volume>
					<issue>3</issue>
					<fpage>206</fpage>
					<lpage>218</lpage>
				</element-citation>
			</ref>
			<ref id="B12">
				<label>12</label>
				<mixed-citation>Choi DY, Kim NY, Jung MJ, Kim SH. The results of transcatheter occlusion of patent ductus arteriosus: success rate and complications over 12 years in a single center. Korean Circ J. 2010;40(5):230-4.</mixed-citation>
				<element-citation publication-type="journal">
					<person-group person-group-type="author">
						<name>
							<surname>Choi</surname>
							<given-names>DY</given-names>
						</name>
						<name>
							<surname>Kim</surname>
							<given-names>NY</given-names>
						</name>
						<name>
							<surname>Jung</surname>
							<given-names>MJ</given-names>
						</name>
						<name>
							<surname>Kim</surname>
							<given-names>SH</given-names>
						</name>
					</person-group>
					<article-title>The results of transcatheter occlusion of patent ductus arteriosus: success rate and complications over 12 years in a single center</article-title>
					<source>Korean Circ J</source>
					<year>2010</year>
					<volume>40</volume>
					<issue>5</issue>
					<fpage>230</fpage>
					<lpage>234</lpage>
				</element-citation>
			</ref>
			<ref id="B13">
				<label>13</label>
				<mixed-citation>Liang C, Ko S, Huang C, Chien S, Lin Y, Lin I, et al. Immediate echocardiographic surveillance after transcatheter closure of a patent ductus arteriosus: a feasible method to assess residual shunt. Pediatr Neonatol. 2010;51(1):52-6.</mixed-citation>
				<element-citation publication-type="journal">
					<person-group person-group-type="author">
						<name>
							<surname>Liang</surname>
							<given-names>C</given-names>
						</name>
						<name>
							<surname>Ko</surname>
							<given-names>S</given-names>
						</name>
						<name>
							<surname>Huang</surname>
							<given-names>C</given-names>
						</name>
						<name>
							<surname>Chien</surname>
							<given-names>S</given-names>
						</name>
						<name>
							<surname>Lin</surname>
							<given-names>Y</given-names>
						</name>
						<name>
							<surname>Lin</surname>
							<given-names>I</given-names>
						</name>
						<etal>et al</etal>
					</person-group>
					<article-title>Immediate echocardiographic surveillance after transcatheter closure of a patent ductus arteriosus: a feasible method to assess residual shunt</article-title>
					<source>Pediatr Neonatol</source>
					<year>2010</year>
					<volume>51</volume>
					<issue>1</issue>
					<fpage>52</fpage>
					<lpage>56</lpage>
				</element-citation>
			</ref>
			<ref id="B14">
				<label>14</label>
				<mixed-citation>Francis E, Singhi AK, Lakshmivenkateshaiah S, Kumar RK. Transcatheter occlusion of patent ductus arteriosus in pre-term infants. JACC Cardiovasc Interv. 2010;3(5):550-5.</mixed-citation>
				<element-citation publication-type="journal">
					<person-group person-group-type="author">
						<name>
							<surname>Francis</surname>
							<given-names>E</given-names>
						</name>
						<name>
							<surname>Singhi</surname>
							<given-names>AK</given-names>
						</name>
						<name>
							<surname>Lakshmivenkateshaiah</surname>
							<given-names>S</given-names>
						</name>
						<name>
							<surname>Kumar</surname>
							<given-names>RK</given-names>
						</name>
					</person-group>
					<article-title>Transcatheter occlusion of patent ductus arteriosus in pre-term infants</article-title>
					<source>JACC Cardiovasc Interv</source>
					<year>2010</year>
					<volume>3</volume>
					<issue>5</issue>
					<fpage>550</fpage>
					<lpage>555</lpage>
				</element-citation>
			</ref>
			<ref id="B15">
				<label>15</label>
				<mixed-citation>Malviya M, Ohlsson A, Shah S. Surgical versus medical treatment with cyclooxygenase inhibitors for symptomatic patent ductus arteriosus in preterm infants. Cochrane Database Syst Rev. 2008;(1):CD003951.</mixed-citation>
				<element-citation publication-type="journal">
					<person-group person-group-type="author">
						<name>
							<surname>Malviya</surname>
							<given-names>M</given-names>
						</name>
						<name>
							<surname>Ohlsson</surname>
							<given-names>A</given-names>
						</name>
						<name>
							<surname>Shah</surname>
							<given-names>S</given-names>
						</name>
					</person-group>
					<article-title>Surgical versus medical treatment with cyclooxygenase inhibitors for symptomatic patent ductus arteriosus in preterm infants</article-title>
					<source>Cochrane Database Syst Rev</source>
					<year>2008</year>
					<issue>1</issue>
					<elocation-id>CD003951</elocation-id>
				</element-citation>
			</ref>
			<ref id="B16">
				<label>16</label>
				<mixed-citation>Fischer G, Stieh J, Uebing A, Grabitz R, Kramer HH. Transcatheter closure of persistent ductus arteriosus in infants using the Amplatzer duct occluder. Heart. 2001;86(4):444-7.</mixed-citation>
				<element-citation publication-type="journal">
					<person-group person-group-type="author">
						<name>
							<surname>Fischer</surname>
							<given-names>G</given-names>
						</name>
						<name>
							<surname>Stieh</surname>
							<given-names>J</given-names>
						</name>
						<name>
							<surname>Uebing</surname>
							<given-names>A</given-names>
						</name>
						<name>
							<surname>Grabitz</surname>
							<given-names>R</given-names>
						</name>
						<name>
							<surname>Kramer</surname>
							<given-names>HH</given-names>
						</name>
					</person-group>
					<article-title>Transcatheter closure of persistent ductus arteriosus in infants using the Amplatzer duct occluder</article-title>
					<source>Heart</source>
					<year>2001</year>
					<volume>86</volume>
					<issue>4</issue>
					<fpage>444</fpage>
					<lpage>447</lpage>
				</element-citation>
			</ref>
			<ref id="B17">
				<label>17</label>
				<mixed-citation>Friedberg M, Khoury A, Schwartz Y, Braver Y, Lorber A. Percutaneous transcatheter occlusion of the patent arterial duct using the pfm DuctOcclud Coil(r) via a trans-aortic and trans-pulmonary approach. Cardiol Young. 2002;12(5):465-9.</mixed-citation>
				<element-citation publication-type="journal">
					<person-group person-group-type="author">
						<name>
							<surname>Friedberg</surname>
							<given-names>M</given-names>
						</name>
						<name>
							<surname>Khoury</surname>
							<given-names>A</given-names>
						</name>
						<name>
							<surname>Schwartz</surname>
							<given-names>Y</given-names>
						</name>
						<name>
							<surname>Braver</surname>
							<given-names>Y</given-names>
						</name>
						<name>
							<surname>Lorber</surname>
							<given-names>A</given-names>
						</name>
					</person-group>
					<article-title>Percutaneous transcatheter occlusion of the patent arterial duct using the pfm DuctOcclud Coil(r) via a trans-aortic and trans-pulmonary approach</article-title>
					<source>Cardiol Young</source>
					<year>2002</year>
					<volume>12</volume>
					<issue>5</issue>
					<fpage>465</fpage>
					<lpage>469</lpage>
				</element-citation>
			</ref>
			<ref id="B18">
				<label>18</label>
				<mixed-citation>Krichenko A, Benson L, Burrows P, Moes C, McLaughlin P, Freedom R. Angiographic classification of the isolated, persistently patent ductus arteriosus and implications for percutaneous catheter occlusion. Am J Cardiol. 1989;63(12):877-9.</mixed-citation>
				<element-citation publication-type="journal">
					<person-group person-group-type="author">
						<name>
							<surname>Krichenko</surname>
							<given-names>A</given-names>
						</name>
						<name>
							<surname>Benson</surname>
							<given-names>L</given-names>
						</name>
						<name>
							<surname>Burrows</surname>
							<given-names>P</given-names>
						</name>
						<name>
							<surname>Moes</surname>
							<given-names>C</given-names>
						</name>
						<name>
							<surname>McLaughlin</surname>
							<given-names>P</given-names>
						</name>
						<name>
							<surname>Freedom</surname>
							<given-names>R</given-names>
						</name>
					</person-group>
					<article-title>Angiographic classification of the isolated, persistently patent ductus arteriosus and implications for percutaneous catheter occlusion</article-title>
					<source>Am J Cardiol</source>
					<year>1989</year>
					<volume>63</volume>
					<issue>12</issue>
					<fpage>877</fpage>
					<lpage>879</lpage>
				</element-citation>
			</ref>
			<ref id="B19">
				<label>19</label>
				<mixed-citation>Costa FA, Kajita LJ, Martinez Filho EE. Intervenções percutâneas em cardiopatias congênitas. Arq Bras Cardiol.2002;78(6):608-17.</mixed-citation>
				<element-citation publication-type="journal">
					<person-group person-group-type="author">
						<name>
							<surname>Costa</surname>
							<given-names>FA</given-names>
						</name>
						<name>
							<surname>Kajita</surname>
							<given-names>LJ</given-names>
						</name>
						<name>
							<surname>Martinez</surname>
							<given-names>EE</given-names>
							<suffix>Filho</suffix>
						</name>
					</person-group>
					<article-title>Intervenções percutâneas em cardiopatias congênitas</article-title>
					<source>Arq Bras Cardiol</source>
					<year>2002</year>
					<volume>78</volume>
					<issue>6</issue>
					<fpage>608</fpage>
					<lpage>617</lpage>
				</element-citation>
			</ref>
			<ref id="B20">
				<label>20</label>
				<mixed-citation>Jang GY, Son CS, Lee JW, Lee JY, Kim SJ. Complications after transcatheter closure of patent ductus arteriosus. J Korean Med Sci. 2007;22(3):484-90.</mixed-citation>
				<element-citation publication-type="journal">
					<person-group person-group-type="author">
						<name>
							<surname>Jang</surname>
							<given-names>GY</given-names>
						</name>
						<name>
							<surname>Son</surname>
							<given-names>CS</given-names>
						</name>
						<name>
							<surname>Lee</surname>
							<given-names>JW</given-names>
						</name>
						<name>
							<surname>Lee</surname>
							<given-names>JY</given-names>
						</name>
						<name>
							<surname>Kim</surname>
							<given-names>SJ</given-names>
						</name>
					</person-group>
					<article-title>Complications after transcatheter closure of patent ductus arteriosus</article-title>
					<source>J Korean Med Sci</source>
					<year>2007</year>
					<volume>22</volume>
					<issue>3</issue>
					<fpage>484</fpage>
					<lpage>490</lpage>
				</element-citation>
			</ref>
			<ref id="B21">
				<label>21</label>
				<mixed-citation>Vijayalakshmi IB, Chitra N, Rajasri R, Vasudevan K. Initial clinical experience in transcatheter closure of large patent arterial ducts in infants using the modified and angled Amplatzer duct occluder. Cardiol Young. 2006;16(4):378-84.</mixed-citation>
				<element-citation publication-type="journal">
					<person-group person-group-type="author">
						<name>
							<surname>Vijayalakshmi</surname>
							<given-names>IB</given-names>
						</name>
						<name>
							<surname>Chitra</surname>
							<given-names>N</given-names>
						</name>
						<name>
							<surname>Rajasri</surname>
							<given-names>R</given-names>
						</name>
						<name>
							<surname>Vasudevan</surname>
							<given-names>K</given-names>
						</name>
					</person-group>
					<article-title>Initial clinical experience in transcatheter closure of large patent arterial ducts in infants using the modified and angled Amplatzer duct occluder</article-title>
					<source>Cardiol Young</source>
					<year>2006</year>
					<volume>16</volume>
					<issue>4</issue>
					<fpage>378</fpage>
					<lpage>384</lpage>
				</element-citation>
			</ref>
			<ref id="B22">
				<label>22</label>
				<mixed-citation>Thanopoulos BV, Eleftherakis N, Tzannos K, Stefanadis C, Giannopoulos A. further experience with catheter closure of patent ductus arteriosus using the new amplatzer duct occluder in children. Am J Cardiol. 2010;105(7):1005-9.</mixed-citation>
				<element-citation publication-type="journal">
					<person-group person-group-type="author">
						<name>
							<surname>Thanopoulos</surname>
							<given-names>BV</given-names>
						</name>
						<name>
							<surname>Eleftherakis</surname>
							<given-names>N</given-names>
						</name>
						<name>
							<surname>Tzannos</surname>
							<given-names>K</given-names>
						</name>
						<name>
							<surname>Stefanadis</surname>
							<given-names>C</given-names>
						</name>
						<name>
							<surname>Giannopoulos</surname>
							<given-names>A</given-names>
						</name>
					</person-group>
					<article-title>further experience with catheter closure of patent ductus arteriosus using the new amplatzer duct occluder in children</article-title>
					<source>Am J Cardiol</source>
					<year>2010</year>
					<volume>105</volume>
					<issue>7</issue>
					<fpage>1005</fpage>
					<lpage>1009</lpage>
				</element-citation>
			</ref>
		</ref-list>
	</back>
	<sub-article article-type="translation" id="SA1" xml:lang="en">
		<front-stub>
			<title-group>
				<article-title>Percutaneous Occlusion of Patent Ductus Arteriosus</article-title>
			</title-group>
			<contrib-group>
				<contrib contrib-type="author">
					<name>
						<surname>Rathke</surname>
						<given-names>Juliano</given-names>
					</name>
					<xref ref-type="aff" rid="aff03">1</xref>
				</contrib>
				<contrib contrib-type="author">
					<name>
						<surname>Menezes</surname>
						<given-names>Honório Sampaio</given-names>
					</name>
					<xref ref-type="aff" rid="aff04">2</xref>
					<xref ref-type="corresp" rid="c02"/>
				</contrib>
				<contrib contrib-type="author">
					<name>
						<surname>Rossi</surname>
						<given-names>Raul Ivo</given-names>
						<suffix>Filho</suffix>
					</name>
					<xref ref-type="aff" rid="aff04">2</xref>
				</contrib>
				<contrib contrib-type="author">
					<name>
						<surname>Manica</surname>
						<given-names>João Luiz Langer</given-names>
					</name>
					<xref ref-type="aff" rid="aff04">2</xref>
				</contrib>
			</contrib-group>
			<aff id="aff03">
				<label>1</label>
				<institution content-type="original">Universidade Luterana do Brasil, Canoas, RS,
               Brazil.</institution>
			</aff>
			<aff id="aff04">
				<label>2</label>
				<institution content-type="original">Instituto de Cardiologia do Rio Grande do Sul
               Fundação Universitária de Cardiologia, Porto Alegre, RS, Brazil.</institution>
			</aff>
			<author-notes>
				<corresp id="c02">
					<bold>Corresponding Author:</bold> Honório Sampaio Menezes. Avenida
               Princesa Isabel, 395 - Santana - CEP: 90620-000 - Porto Alegre, RS, Brazil. E-mail:
                  <email>honoriosmenezes@gmail.com</email>
				</corresp>
				<fn fn-type="conflict">
					<p>
						<bold>CONFLICTS OF INTEREST</bold>
					</p>
					<p>The authors declare no conflicts of interest.</p>
				</fn>
			</author-notes>
			<abstract>
				<sec>
					<title>Background:</title>
					<p>Patent ductus arteriosus is a congenital condition with high morbidity, especially
                  in preterm infants of extremely low birth weight, representing 5% to 10% of
                  congenital heart diseases. Our objective was to describe the approaches used at a
                  reference hospital for the percutaneous occlusion of PDA.</p>
				</sec>
				<sec>
					<title>Methods:</title>
					<p>We conducted a retrospective study on the transcatheter treatment of patent ductus
                  arteriosus from April of 2008 to April of 2010.</p>
				</sec>
				<sec>
					<title>Results:</title>
					<p>Forty-seven cases were reviewed and most of them (78.8%) were treated with
                     Flipper<sup>TM</sup> coils while the remaining
                  patients received the Amplatzer<sup>TM</sup> device.
                  Ductal morphological configuration was Krichenko type A in 89.4% (34 in the
                     Flipper<sup>TM</sup> coil group and 8 in the
                     Amplatzer<sup>TM</sup> group), type D in 6.4% (2 in
                  the Flipper<sup>TM</sup> coil group and 1 in the
                     Amplatzer<sup>TM</sup> group) and type E in 4.2% (1
                  in each group) of patients. Pre-catheterization minimum diameters were 2.6 &#x00B1; 0.8
                  mm and 3.8 &#x00B1; 1.6 mm for the Flipper<sup>TM</sup> coil
                  and Amplatzer<sup>TM</sup> groups, respectively.
                  Immediate total occlusion of the defect was obtained in the control angiography in
                  72.3% of the patients. Seven patients treated with the Flipper<sup>TM</sup> coil
                  received additional coils and two patients treated with the Amplatzer<sup>TM</sup>
                  device presented minimal residual shunts. There were no procedure-related
                  complications. In the follow-up after hospital discharge, one patient presented
                  minimal residual shunt at the echography, 45 days after catheterization.</p>
				</sec>
				<sec>
					<title>Conclusions:</title>
					<p>Percutaneous patent ductus arteriosus occlusion has proven to be safe and
                  effective in most cases.</p>
				</sec>
			</abstract>
			<kwd-group xml:lang="en">
				<kwd>Ductus arteriosus</kwd>
				<kwd>Heart defects, congenital</kwd>
				<kwd>Catheterization</kwd>
				<kwd>Septal occluder device</kwd>
			</kwd-group>
		</front-stub>
		<body>
			<p>Ductus arteriosus is an essential fetal vascular structure that connects the proximal
            descending aorta to the pulmonary artery roof, near the origin of the left branch. It
            has been established that patent ductus arteriosus (PDA), by definition, is the
            persistent patency of the ductus arteriosus after the neonatal period.<xref ref-type="bibr" rid="B01">1</xref>
				<sup>,</sup>
				<xref ref-type="bibr" rid="B02">2</xref>
			</p>
			<p>PDA is the sixth most common congenital heart defect, accounting for 5% to 10% of cases,
            excluding preterm infants. It is a common and complex problem in preterm newborns,
            occurring in 60% of children younger than 28 weeks of gestational age.<xref ref-type="bibr" rid="B03">3</xref>
				<sup>-</sup>
				<xref ref-type="bibr" rid="B05">5</xref>
			</p>
			<p>In large arteriovenous shunts, increased volume to the pulmonary vascular bed and into
            the left ventricle causes heart failure, and sudden death can occur, especially in
            preterm infants. A progressive injury to the pulmonary vascular bed may occur, but it is
            rarely irreversible in the first year of life.<xref ref-type="bibr" rid="B04">4</xref>
				<sup>,</sup>
				<xref ref-type="bibr" rid="B06">6</xref>
			</p>
			<p>Preterm infants present a high spontaneous PDA closure rate during the first two years.
            However, there has been a growing debate about whether to treat this condition in the
            neonatal period.<xref ref-type="bibr" rid="B07">7</xref> Short-and long-term unfavorable
            outcomes of primary and secondary surgeries have been suggested when compared to
            patients treated with indomethacin.<xref ref-type="bibr" rid="B08">8</xref> The use of
            prophylactic indomethacin decreased the incidence of PDA, severe periventricular and
            intraventricular hemorrhage, and early-onset severe pulmonary hemorrhage, but did not
            improve survival rate without neurological impairment at 18 months in extremelylow birth
            weight newborns.<xref ref-type="bibr" rid="B09">9</xref>
				<sup>,</sup>
				<xref ref-type="bibr" rid="B10">10</xref>
			</p>
			<p>The indications for intervention in preterm infants, neonates, and underweight infants
            (&lt; 6 kg) are restricted to the presence of respiratory disorder and/or heart failure
            due to hyperflow and not compensated by clinical treatment. Reports of percutaneous
            occlusion are often related to restrictive ductus arteriosus, occluded with small
               coils.<xref ref-type="bibr" rid="B11">11</xref> However, for children out of the
            neonatal period, transcatheter PDA occlusion may be an option.<xref ref-type="bibr" rid="B01">1</xref>
			</p>
			<p>This study aimed to describe the approaches conducted in a reference hospital for
            transcatheter management of PDA with occlusion devices, clinical outcomes, and
            method-related complications.</p>
			<sec sec-type="methods">
				<title>METHODS</title>
				<p>This was a retrospective, observational, predominantly descriptive, case-series
               study. The sample consisted of consecutive patients who underwent percutaneous PDA
               occlusion with embolization devices, from 2008 to 2010, at Instituto de Cardiologia
               do Rio Grande do Sul - Fundação Universitária de Cardiologia (IC-FUC). This study was
               approved by the Research Ethics Committee of IC-FUC.</p>
				<p>The medical records of patients treated with Flipper<sup>&#x00AE;</sup>
               Detachable Coil (Cook Medical Inc. - Bloomington, United States) or the Amplatzer
               Duct Occluder (AGA - Golden Valley, United States; Figure) were reviewed at the
               Statistics and Medical Care Service (Serviço de Atendimento Médico e Estatístico -
               SAME) of IC-FUC. There were no exclusion criteria of the research subjects.</p>
				<fig id="f02">
					<label>Figure</label>
					<caption>
						<title>Devices for patent ductus arteriosus occlusion. (A)
                        Flipper<sup>&#x00AE;</sup> Detachable Coil; (B) Amplatzer Duct Occluder.
                     Source: Adapted from Haddad et al.<xref ref-type="bibr" rid="B11">11</xref>
						</title>
					</caption>
					<graphic xlink:href="0104-1843-rbci-22-04-0364-gf01-en.tif"/>
				</fig>
				<p>Patients referred to the catheterization laboratory after clinical and
               echocardiographic diagnosis of PDA were submitted to esophageal manometry.
               Angiographies were performed in the right anterior oblique and profile views, aiming
               to measure the diameters of the aortic ampulla and pulmonary extremity of the defect.
               After prosthesis implantation, an aortography was performed to control any residual
               shunt. Successful prosthesis implantation was defined as absence of residual shunt
               immediately after device placement.</p>
				<p>The collected variables were allocated in databases corresponding to: age, gender,
               weight, ductal morphology, type of prosthesis, residual shunt, and procedure-related
               complications. Data collection was performed by only one of the researchers, to
               prevent disparity. Results were expressed as absolute and relative frequencies of the
               sample. Quantitative variables are described as means and standard deviations. For
               age and weight variables, arithmetical mean, dispersion, and median were used.</p>
			</sec>
			<sec sec-type="results">
				<title>RESULTS</title>
				<p>A retrospective review of 47 percutaneous occlusions of ductus arteriosus showed that
               78.8% were treated with detachable release coil
                  (Flipper<sup>&#x00AE;</sup> springs) and the remaining were treated
               with the Amplatzer duct occluder device (<xref ref-type="table" rid="t02">Table</xref>).</p>
				<table-wrap id="t02">
					<label>TABLE</label>
					<caption>
						<title>Clinical, angiographic, and procedure characteristics</title>
					</caption>
					<table frame="hsides" rules="groups">
						<thead>
							<tr>
								<th>
									<bold>Characteristics</bold>
								</th>
								<th align="center">
									<bold>Flipper<sup>&#x00AE;</sup>coil (n = 37)</bold>
								</th>
								<th align="center">
									<bold>Amplatzer<sup>&#x00AE;</sup>(n = 10)</bold>
								</th>
							</tr>
						</thead>
						<tbody>
							<tr>
								<td>Age, months</td>
								<td align="center">103.2 (9-597)</td>
								<td align="center">183.8 (10-640)</td>
							</tr>
							<tr>
								<td>Male gender, n (%)</td>
								<td align="center">20 (54.1)</td>
								<td align="center">6 (60)</td>
							</tr>
							<tr>
								<td>Weight, kg</td>
								<td align="center">28.1 (7-77)</td>
								<td align="center">38.1 (8.1-80)</td>
							</tr>
							<tr>
								<td>Ductus arteriosus morphology, n (%)</td>
								<td colspan="2" align="center"/>
							</tr>
							<tr>
								<td>&#x00a0;&#x00a0;&#x00a0;&#x00a0;Type A</td>
								<td align="center">34 (91.9)</td>
								<td align="center">8 (80.0)</td>
							</tr>
							<tr>
								<td>&#x00a0;&#x00a0;&#x00a0;&#x00a0;Type D</td>
								<td align="center">2 (5.4)</td>
								<td align="center">1 (10.0)</td>
							</tr>
							<tr>
								<td>&#x00a0;&#x00a0;&#x00a0;&#x00a0;Type E</td>
								<td align="center">1 (2.7)</td>
								<td align="center">1 (10.0)</td>
							</tr>
							<tr>
								<td>Minimum ductal diameter at the echocardiogram</td>
								<td align="center">2.6 ± 0.8</td>
								<td align="center">3.8 ± 1.6</td>
							</tr>
							<tr>
								<td>Minimum ductal diameter on catheterization</td>
								<td align="center">1.4 ± 0.5</td>
								<td align="center">2.0 ± 1.0</td>
							</tr>
							<tr>
								<td>Successful prosthesis implantation, n (%)</td>
								<td align="center">26 (70.2)</td>
								<td align="center">8 (80)</td>
							</tr>
							<tr>
								<td>Immediate residual shunt, n (%)</td>
								<td align="center">11 (29.7)</td>
								<td align="center">2 (20)</td>
							</tr>
							<tr>
								<td>&#x00a0;&#x00a0;&#x00a0;&#x00a0;Jet type</td>
								<td align="center">5</td>
								<td align="center">1</td>
							</tr>
							<tr>
								<td>"bubble cloud" type<xref ref-type="table-fn" rid="TFN02">*</xref>
								</td>
								<td align="center">6</td>
								<td align="center">1</td>
							</tr>
							<tr>
								<td>Patients requiring additional coil implantation, n (%)</td>
								<td align="center">7 (18.9)</td>
								<td align="center">0 (0)</td>
							</tr>
							<tr>
								<td>Shunting after new coils, n (%)</td>
								<td align="center">4 (10.8)<xref ref-type="table-fn" rid="TFN02">*</xref>
								</td>
								<td align="center">0 (0)</td>
							</tr>
							<tr>
								<td>Late shunting at the ultrasound, n (%)</td>
								<td align="center">1 (8.1)<xref ref-type="table-fn" rid="TFN02">&#x2020;</xref>
								</td>
								<td align="center">0 (0)</td>
							</tr>
							<tr>
								<td>Complications, n (%)</td>
								<td align="center">0 (0)</td>
								<td align="center">0 (0)</td>
							</tr>
						</tbody>
					</table>
					<table-wrap-foot>
						<fn id="TFN02">
							<label>*</label>
							<p>Bubble cloud" shunting. &#x2020; Minimal residual left-right shunt.</p>
						</fn>
					</table-wrap-foot>
				</table-wrap>
				<p>The patients were a heterogeneous group in terms of age at the time of
               catheterization; however, preterm patients and neonates were not treated. The mean
               age was 103.2 (9-597) months and 183.8 (10-640) months for the groups who underwent
               occlusion with Flipper<sup>&#x00AE;</sup> and Amplatzer coils,
               respectively. In terms of absolute distribution, regardless of the devices, the
               median was 51 months.</p>
				<p>The mean weight of patients undergoing the procedure with
                     Flipper<sup>&#x00AE;</sup> coil was 28.1 kg (7-77 kg); in the
               Amplatzer occluder group, the mean weight was 38.1 kg (8.1 to 80 kg). In total, the
               mean weight was 36.9, with a median of 21 kg.</p>
				<p>In 35 (74.5%) cases, there were no concomitant abnormalities at PDA diagnosis;
               however, seven (14.9%) patients showed associated congenital lesions and four (8.5%)
               had syndromic disorders. Only one patient with syndromic diagnosis had congenital
               heart disease associated with PDA, corresponding to an atrioventricular septal defect
               in one patient with trisomy 21 (Down syndrome). The associated congenital
               cardiovascular disorders involved pulmonary valve stenosis, patent foramen ovale,
               atrioventricular septal defect, congenital atrioventricular block, ostium secundum
               atrial septal defect, and ventricular septal defect. Only one case showed minimal
               association of muscular trabecular VSD, small ostium secundum ASD, and congenital
               atrioventricular block from a mother diagnosed with systemic lupus erythematosus.</p>
				<p>Some patients had been previously treated with surgical ligation and others, with
               correction of associated heart defects. Three cases resulted from postoperative
               surgical ligation and another from pulmonary valvuloplasty with infundibulectomy and
               anomalous muscle band resection. Among the patients with PDA occlusion after
               correction procedures for congenital disorders, one occurred after pulmonary balloon
               valvuloplasty and another after total correction of atrioventricular septal
               defect.</p>
				<p>Ductal morphological configuration assessed according to Krichenko classification was
               predominant for type A, which represented 89.4% of cases (42 patients; 34 in the
                     Flipper<sup>&#x00AE;</sup> coil group and eight in the Amplatzer
               group); type D, 6.4% (3 patients, 2 in the Flipper<sup>&#x00AE;</sup> coil
               group and 1 in the Amplatzer group); and type E, 4.2% (2 patients, 1 in each
               group).</p>
				<p>The mean of the smallest ductus arteriosus diameter, predominantly in the pulmonary
               extremity, measured at the pre-catheterization ultrasound, was 2.6 &#x00B1; 0.8 mm in
               patients with Flipper<sup>&#x00AE;</sup> coil occlusion, and 3.8 &#x00B1; 1.6 mm
               in patients with Amplatzer occlusion. The total mean of the minimum diameter,
               corresponding to all treated patients, was 2.8 &#x00B1; 1.1 mm. On angiography, the mean of
               the smallest diameter was 1.4 &#x00B1; 0.5 and 2.0 &#x00B1; 1.0 mm, respectively, for the
                     Flipper<sup>&#x00AE;</sup> and Amplatzer groups.</p>
				<p>Of the 37 patients treated with Flipper<sup>&#x00AE;</sup> coils, five had
               jet-type residual shunt and six persisted with bubble cloud at the control
               aortography. Seven of these patients were treated with nine additional coils due to
               problems in device placement or to residual flow. Among these, bubble cloud residual
               flow was observed in four procedures. The procedures with Amplatzer duct occluder
               presented only minimal intraprosthesis residual shunts immediately after the release
               in two cases, one with a bubble cloud type and the other with a jet-type shunt.</p>
				<p>At follow-up after discharge, one patient persisted with left-to-right minimal
               residual shunt, detected at the ultrasonography 45 days after catheterization. There
               were no complications during the study period, such as acute arterial occlusion,
               embolization, hemolysis, congestive heart failure, acute pulmonary edema, or
               bronchopneumonia.</p>
			</sec>
			<sec sec-type="discussion">
				<title>DISCUSSION</title>
				<p>In the present study, transcatheter occlusion of PDA with
                     Amplatzer<sup>&#x00AE;</sup> device and
                     Flipper<sup>&#x00AE;</sup> coils achieved an immediate success rate
               of 72.3%, observed in eight of ten patients treated with the
                     Amplatzer<sup>&#x00AE;</sup> prosthesis and 26 of 37 patients
               treated with Flipper<sup>&#x00AE;</sup> coils, corroborating the
               percentage data found by Choi et al.<xref ref-type="bibr" rid="B12">12</xref> At the
               follow-up with echocardiographic examinations, only one patient persisted with
               minimal residual flow.<xref ref-type="bibr" rid="B13">13</xref> The minimum diameter
               calculations at the pre-catheterization ultrasound resulted in 2.6 &#x00B1; 0.8 mm and 3.8 &#x00B1;
               1.6 mm for the patients using Flipper<sup>&#x00AE;</sup> coils and
               Amplatzer duct occluder, respectively, confirming the indication for use of the
               Amplatzer device in ducts with a diameter &gt; 2.5 mm. After occlusion, there were no
               severe complications resulting from the percutaneous treatment, and only minor
               technical problems were observed during the procedure, such as failure in releasing
               the device, inability to pass the catheter due to vaso-catheter disproportion,
               failure in prosthesis anchoring and bilateral vasospasm.</p>
				<p>Traditional treatment options for preterm newborns with PDA are non-steroidal
               anti-inflammatory agents, surgical ligation, or clip. There are not enough data
               related to benefits between surgery or indomethacin for symptomatic preterm infants
               with PDA. Surgical procedures involving thoracotomy (ductus ligation) are associated
               with increased risk of chronic pulmonary disease, retinopathy of prematurity and
               neurosensory impairment. This fact may be associated with the delayed surgical
               procedure and/or with perioperative care, as this population is susceptible to such
                  risks.<xref ref-type="bibr" rid="B14">14</xref>
					<sup>,</sup>
					<xref ref-type="bibr" rid="B15">15</xref>
				</p>
				<p>Despite the advances in interventional techniques for occlusion of PDA, the occlusion
               of large ducts in young children remains a challenge. The occlusion by coils is only
               effective in small- to moderate-sized ducts, even if multiple coils are used.<xref ref-type="bibr" rid="B16">16</xref>
					<sup>,</sup>
					<xref ref-type="bibr" rid="B17">17</xref> With better technical adaptations, occlusion by coils in selected
               symptomatic preterm newborns has been possible, as an alternative to surgical
                  ligation.<xref ref-type="bibr" rid="B14">14</xref>
				</p>
				<p>The perspectives show that types B and C ductus arteriosus (according to Kritchenko
               et al.<xref ref-type="bibr" rid="B18">18</xref> classification) and larger diameters
               are predictors of failure in prosthesis implantation. When the devices are
               appropriately indicated, the success levels are &gt; 90%.<xref ref-type="bibr" rid="B19">19</xref>
				</p>
				<p>The transcatheter occlusion of large persistent ductus arteriosus using Amplatzer
               prosthesis has shown to be highly effective procedure in large series. However, the
               device implantation is a problem in children weighing &lt; 5 kg. The main concern
               regarding morbidity is obstruction of the descending aorta and the left pulmonary
               artery. The pressure gradient must be constantly monitored in the catheterization
               lab, as marginal retention, in some cases, can cause aortic narrowing.<xref ref-type="bibr" rid="B20">20</xref> The complete occlusion of very large PDA very
               recently became possible, even in low-weight newborns, using an angular customized
               device in order to prevent the protrusion into the aorta, or a modified version of
               the Amplatzer<sup>&#x00AE;</sup> device.<xref ref-type="bibr" rid="B21">21</xref>
				</p>
				<p>When analyzing the experience with device innovations, a 98% rate of complete defect
               occlusion has been observed, with low rates of major complications during the
               procedure or in the short-term follow-up.<xref ref-type="bibr" rid="B22">22</xref>
				</p>
			</sec>
			<sec sec-type="conclusions">
				<title>CONCLUSIONS</title>
				<p>The percutaneous occlusion of persistent ductus arteriosus has been shown to be safe
               and effective in most cases. The main complications are being overcome by technical
               innovations and occlusion devices that adapt to the ductal anatomy design. Clinical
               features and attention to specific technical details are essential for procedural
               success.</p>
			</sec>
		</body>
		<back>
			<fn-group>
				<fn fn-type="other">
					<p>
						<bold>FUNDING SOURCES</bold>
					</p>
					<p>None declared.</p>
				</fn>
			</fn-group>
		</back>
	</sub-article>
</article>
