<?xml version="1.0" encoding="utf-8"?>
<!DOCTYPE article PUBLIC "-//NLM//DTD JATS (Z39.96) Journal Publishing DTD v1.0 20120330//EN" "../JATS-journalpublishing1.dtd">
<article xmlns:xlink="http://www.w3.org/1999/xlink" xmlns:mml="http://www.w3.org/1998/Math/MathML" dtd-version="1.0" specific-use="sps-1.1" article-type="case-report" xml:lang="pt">
	<front>
		<journal-meta>
			<journal-id journal-id-type="publisher-id">rbci</journal-id>
			<journal-title-group>
				<journal-title>Revista Brasileira de Cardiologia Invasiva</journal-title>
				<abbrev-journal-title abbrev-type="publisher">Rev. Bras. Cardiol.
               Invasiva</abbrev-journal-title>
			</journal-title-group>
			<issn pub-type="ppub">0104-1843</issn>
			<issn pub-type="epub">2179-8397</issn>
			<publisher>
				<publisher-name>Sociedade Brasileira de Hemodinâmica e Cardiologia
               Intervencionista</publisher-name>
			</publisher>
		</journal-meta>
		<article-meta>
			<article-id pub-id-type="doi">10.1590/0104-1843000000064</article-id>
			<article-categories>
				<subj-group subj-group-type="heading">
					<subject>RELATOS DE CASO</subject>
				</subj-group>
			</article-categories>
			<title-group>
				<article-title>Oclusão Percutânea do Apêndice Atrial Esquerdo e do Forame Oval Patente no Mesmo Procedimento sem Necessidade de Punção Transeptal</article-title>
			</title-group>
			<contrib-group>
				<contrib contrib-type="author">
					<name>
						<surname>Chamié</surname>
						<given-names>Francisco</given-names>
					</name>
					<xref ref-type="aff" rid="aff01">1</xref>
					<xref ref-type="corresp" rid="c01"/>
				</contrib>
				<contrib contrib-type="author">
					<name>
						<surname>Chamié</surname>
						<given-names>Daniel</given-names>
					</name>
					<xref ref-type="aff" rid="aff02">2</xref>
				</contrib>
				<contrib contrib-type="author">
					<name>
						<surname>Simões</surname>
						<given-names>Luiz Carlos do Nascimento</given-names>
					</name>
					<xref ref-type="aff" rid="aff03">3</xref>
				</contrib>
				<contrib contrib-type="author">
					<name>
						<surname>Guérios</surname>
						<given-names>Ênio</given-names>
					</name>
					<xref ref-type="aff" rid="aff04">4</xref>
				</contrib>
				<contrib contrib-type="author">
					<name>
						<surname>Tress</surname>
						<given-names>João Carlos</given-names>
					</name>
					<xref ref-type="aff" rid="aff05">5</xref>
				</contrib>
			</contrib-group>
			<aff id="aff01">
				<label>1</label>
				<institution content-type="orgname">Hospital Federal dos Servidores do Estado</institution>
				<addr-line>
					<named-content content-type="city">Rio de Janeiro</named-content>
					<named-content content-type="state">RJ</named-content>
				</addr-line>
				<country country="BR">Brasil</country>
				<institution content-type="original">Hospital Federal dos Servidores do Estado, Rio de Janeiro, RJ, Brasil.</institution>
			</aff>
			<aff id="aff02">
				<label>2</label>
				<institution content-type="orgname">Instituto Dante Pazzanese de Cardiologia</institution>
				<addr-line>
					<named-content content-type="city">São Paulo</named-content>
					<named-content content-type="state">SP</named-content>
				</addr-line>
				<country country="BR">Brasil</country>
				<institution content-type="original">Instituto Dante Pazzanese de Cardiologia, São Paulo, SP, Brasil.</institution>
				<institution content-type="normalized">Instituto Dante Pazzanese de Cardiologia</institution>
			</aff>
			<aff id="aff03">
				<label>3</label>
				<institution content-type="orgname">Intercat - Cardiologia Intervencionista</institution>
				<addr-line>
					<named-content content-type="city">Rio de Janeiro</named-content>
					<named-content content-type="state">RJ</named-content>
				</addr-line>
				<country country="BR">Brasil</country>
				<institution content-type="original">Intercat - Cardiologia Intervencionista, Rio de Janeiro, RJ, Brasil.</institution>
			</aff>
			<aff id="aff04">
				<label>4</label>
				<institution content-type="orgname">Concept - Centro de Cardiopatias Congênitas e Estruturais do Paraná</institution>
				<addr-line>
					<named-content content-type="city">Curitiba</named-content>
					<named-content content-type="state">PR</named-content>
				</addr-line>
				<country country="BR">Brasil</country>
				<institution content-type="original">Concept - Centro de Cardiopatias Congênitas e
               Estruturais do Paraná, Curitiba, PR, Brasil.</institution>
			</aff>
			<aff id="aff05">
				<label>5</label>
				<institution content-type="orgname">Hospital de Clínicas de Niterói</institution>
				<addr-line>
					<named-content content-type="city">Niterói</named-content>
					<named-content content-type="state">RJ</named-content>
				</addr-line>
				<country country="BR">Brasil</country>
				<institution content-type="original">Hospital de Clínicas de Niterói, Niterói, RJ,
               Brasil.</institution>
			</aff>
			<author-notes>
				<corresp id="c01">
					<bold>Correspondência:</bold> Francisco Chamié. Rua Real Grandeza,
               108, salas 223-224 - Botafogo - CEP: 22281-034 - Rio de Janeiro, RJ, Brasil E-mail:
                  <email>fchamie@pobo.com</email>
				</corresp>
				<fn fn-type="conflict">
					<p>
						<bold>CONFLITO DE INTERESSES</bold>
					</p>
					<p>Não há.</p>
				</fn>
			</author-notes>
			<pub-date pub-type="epub-ppub">
				<season>Oct-Dec</season>
				<year>2015</year>
			</pub-date>
			<volume>22</volume>
			<issue>4</issue>
			<fpage>382</fpage>
			<lpage>385</lpage>
			<history>
				<date date-type="received">
					<day>11</day>
					<month>09</month>
					<year>2014</year>
				</date>
				<date date-type="accepted">
					<day>20</day>
					<month>11</month>
					<year>2014</year>
				</date>
			</history>
			<permissions>
				<license license-type="open-access" xlink:href="http://creativecommons.org/licenses/by-nc/3.0/">
					<license-p>Este é um artigo publicado em acesso aberto (Open Access) sob a licença
                  Creative Commons Attribution NonCommercial, que permite uso, distribuição e
                  reprodução em qualquer meio, sem restrições desde que sem fins comerciais e que o
                  trabalho original seja corretamente citado.</license-p>
				</license>
			</permissions>
			<abstract>
				<p>A oclusão do apêndice atrial esquerdo tem sido realizada com sucesso para a prevenção
               de fenômenos embólicos em pacientes com fibrilação atrial, como alternativa à
               anticoagulação oral. O acesso atrial, através de forame oval ou comunicação
               interatrial tipo <italic>ostium secundum,</italic> tem sido evitado em função da
               crença de que o posicionamento do dispositivo é dificultado pela disposição mais alta
               do forame no septo interatrial. Neste manuscrito, relatamos um caso em que foram
               ocluídos, sequencialmente, o apêndice atrial esquerdo e o forame oval sem a
               necessidade de punção transeptal, que simplificou e tornou mais seguro o
               procedimento.</p>
			</abstract>
			<kwd-group xml:lang="pt">
				<kwd>Apêndice atrial</kwd>
				<kwd>Fibrilação atrial</kwd>
				<kwd>Cateterismo cardíaco</kwd>
				<kwd>Forame oval patente</kwd>
			</kwd-group>
			<counts>
				<fig-count count="6"/>
				<table-count count="0"/>
				<equation-count count="0"/>
				<ref-count count="19"/>
				<page-count count="4"/>
			</counts>
		</article-meta>
	</front>
	<body>
		<p>A oclusão percutânea do apêndice atrial esquerdo (AAE) tem sido utilizada como alternativa
         à anticoagulação oral em pacientes para quem essa estratégia não é uma opção segura.<xref ref-type="bibr" rid="B01">1</xref>
			<sup>-</sup>
			<xref ref-type="bibr" rid="B06">6</xref>
         Trata-se de um procedimento realizado de forma rotineira, inclusive em nosso meio.<xref ref-type="bibr" rid="B07">7</xref>
			<sup>-</sup>
			<xref ref-type="bibr" rid="B09">9</xref>
		</p>
		<p>O forame oval patente (FOP) está disposto mais cranialmente no septo, e acredita-se que sua
         utilização como via de acesso para a oclusão do AAE dificulte o posicionamento correto da
         bainha de entrega. Nesses casos, a punção transeptal tradicional tem sido preferida, o que
         aumenta a complexidade, o tempo e o potencial de complicação do procedimento. Neste
         manuscrito relatamos um caso de oclusão simultânea de FOP e AAE, sem a necessidade de
         punção transeptal.</p>
		<sec sec-type="cases">
			<title>RELATO DE CASO</title>
			<p>Paciente de 66 anos, sexo feminino, foi encaminhada para oclusão percutânea do AAE.
            Sofreu episódio de acidente vascular cerebral isquêmico criptogênico na juventude e era
            portadora de doença coronariana crônica, tendo apresentado episódios de infarto agudo do
            miocárdio aos 32 e 33 anos. Foi submetida à revascularização miocárdica cirúrgica por
            duas vezes, em 1983 e 2000.</p>
			<p>Iniciou quadro de fibrilação atrial há 1 ano, tendo sido medicada com propafenona. Em
            maio de 2014, apresentou novo episódio de acidente vascular cerebral isquêmico e foi
            indicada anticoagulação oral com rivaroxabana, interrompida após hemorragia conjuntival.
            Nessa ocasião, foi encaminhada para oclusão do AAE.</p>
			<p>O procedimento foi realizado sob anestesia geral, monitorado por ecocardiografia
            transesofágica (ETE). Foi administrada heparina venosa, na dose de 5.000 UI. Também foi
            feita uma dose de 2 g de cefalexina venosa.</p>
			<p>O FOP foi cruzado com cateter multipropósito, posteriormente substituído por cateter
               <italic>pigtail</italic> 5 F posicionado no AAE. Foram realizadas injeções em
            projeção oblíqua anterior direita 20º, com angulação cranial e caudal, para visualização
            do AAE, e foram realizadas medidas da região-alvo para o implante da prótese e do óstio
            do AAE. O apêndice era bilobulado. A região-alvo mediu 17 mm e o óstio, 24 mm (<xref ref-type="fig" rid="f01">Figura 1</xref>).</p>
			<fig id="f01">
				<label>Figura 1</label>
				<caption>
					<title>Angiografia do apêndice atrial esquerdo. Em A, incidência oblíqua anterior
                  direita com inclinação cranial mostra a anatomia do apêndice, com ênfase no óstio
                  e na região-alvo. Em B, incidência oblíqua anterior direita com inclinação caudal
                  demonstra mais claramente a porção trabecular do apêndice atrial esquerdo.</title>
				</caption>
				<graphic xlink:href="0104-1843-rbci-22-04-0382-gf01.tif"/>
			</fig>
			<p>Em seguida, introduzimos guia super-rígida 0,035"/260 cm no interior do AAE e, mantendo
            a guia em posição, retiramos o cateter <italic>pigtail</italic>, substituindo-o pela
            bainha longa Torq Vue<sup>&#x00AE;</sup> 13 F com dupla curvatura (St. Jude Medical,
            Plymouth, Estados Unidos), posicionando-a coaxialmente ao longo eixo do apêndice. Pelo
            seu interior, introduzimos um Amplatzer<sup>&#x00AE;</sup> Cardiac Plug (AGA Medical
            Corp., Golden Valley, Estados Unidos) de 24 mm, liberando o lobo na região-alvo. Com o
            lobo da prótese bem aderido às paredes do AAE, exteriorizamos o disco, que ocluiu
            perfeitamente a entrada do AAE (<xref ref-type="fig" rid="f02">Figura 2A</xref>).</p>
			<fig id="f02">
				<label>Figura 2</label>
				<caption>
					<title>Implante das próteses. Em A, injeção realizada através da bainha longa mostra
                  a prótese posicionada adequadamente e que o disco obstrui totalmente o óstio do
                  apêndice atrial. Em B, prótese do apêndice atrial esquerdo totalmente liberada e a
                  segunda prótese, do forame oval, já implantada no septo atrial, mas ainda presa ao
                  cabo de entrega. Em C, ao final do procedimento, a fluoroscopia mostra as duas
                  próteses liberadas e em boa posição.</title>
				</caption>
				<graphic xlink:href="0104-1843-rbci-22-04-0382-gf02.tif"/>
			</fig>
			<p>Confirmando a boa posição da prótese por meio do ETE e de novas atriografias, o
            dispositivo foi liberado, mantendo a bainha longa em átrio esquerdo. A seguir, foi
            introduzida prótese Amplatzer<sup>&#x00AE;</sup> PFO Occluder (AGA Medical Corp., Golden
            Valley, Estados Unidos) de 25 mm, conectada ao cabo de entrega do
               Amplatzer<sup>&#x00AE;</sup> Cardiac Plug, utilizando a bainha longa. Foi realizado o
            implante da maneira habitual, de forma a ocluir o FOP (<xref ref-type="fig" rid="f02">Figura 2B</xref>). Confirmada a boa posição da segunda prótese pelo ETE, a bainha
            foi retirada e foi efetuada hemostasia por compressão manual.</p>
			<p>No dia seguinte ao implante foi detectada pequena fístula arteriovenosa femoral no local
            da punção venosa, submetida à rafia para sua oclusão.</p>
			<p>
				<xref ref-type="fig" rid="f03">Figura 3</xref>. Ecocardiograma transesofágico
            tridimensional realizado ao final do procedimento mostra, em A, a prótese do apêndice
            atrial e, em B, a prótese do forame oval, implantadas corretamente.</p>
			<fig id="f03">
				<label>Figura 3</label>
				<caption>
					<title>Ecocardiograma transesofágico tridimensional realizado ao final do
                  procedimento mostra, em A, a prótese do apêndice atrial e, em B, a prótese do
                  forame oval, implantadas corretamente.</title>
				</caption>
				<graphic xlink:href="0104-1843-rbci-22-04-0382-gf03.tif"/>
			</fig>
			<p>A paciente teve alta em boas condições, com ambas as próteses bem posicionadas ocluindo
            os respectivos defeitos (<xref ref-type="fig" rid="f02">Figuras 2C</xref> e <xref ref-type="fig" rid="f03">3</xref>).</p>
		</sec>
		<sec sec-type="discussion">
			<title>DISCUSSÃO</title>
			<p>O uso do forame oval como via de acesso para oclusão de AAE tem sido evitado na crença
            de que sua disposição mais cranial no septo interatrial dificultaria o acesso ao AAE e o
            posicionamento do dispositivo em seu interior. Em função disso, a punção transeptal mais
            caudal, adequada para essa finalidade, tem sido preferida. Essa técnica aumenta o tempo
            de fluoroscopia e adiciona um pequeno grau de risco ao procedimento, que deve ser tanto
            menor quanto mais experiente o operador.<xref ref-type="bibr" rid="B10">10</xref>
			</p>
			<p>A viabilidade da oclusão dos AAE por meio de defeitos septais (comunicação interatrial
            ou FOP) foi demonstrada por Koermendy et al.,<xref ref-type="bibr" rid="B11">11</xref>
            que expuseram as vantagens de sua utilização em 96% dos pacientes selecionados. A
            ausência de punção transeptal preveniu as complicações relacionadas a essa técnica e
            abreviou o tempo geral de fluoroscopia.</p>
			<p>O índice de complicações derivadas da punção transeptal é baixo, mas inclui perfuração
            de cavidades cardíacas ou da aorta, derrame pericárdico seguido de tamponamento,
            tromboembolismo sistêmico ou cerebral, embolia aérea coronariana ou cerebral - todas
            estas situações potencialmente graves e que impactam de forma negativa no resultado do
               procedimento.<xref ref-type="bibr" rid="B10">10</xref>
				<sup>,</sup>
				<xref ref-type="bibr" rid="B12">12</xref>
				<sup>-</sup>
				<xref ref-type="bibr" rid="B18">18</xref> Existem casos também em que não se consegue realizar a punção transeptal e
            o procedimento tem que ser abandonado.</p>
			<p>Outra vantagem de evitar a punção transeptal é não criar defeito septal iatrogênico,
            como ocorre nas ablações ou nas valvoplastias mitrais em cerca de 5% dos casos. Esses
            defeitos têm a tendência de se fecharem espontaneamente em mais de 80% dos casos após 18
               meses.<xref ref-type="bibr" rid="B19">19</xref> Embora de pouca ou nenhuma expressão
            hemodinâmica, esses pequenos defeitos iatrogênicos podem ser mediadores de episódios de
            embolia paradoxal.</p>
			<p>O FOP ou uma comunicação interatrial facilitam e permitem o acesso seguro ao átrio
            esquerdo. FOP com túneis longos podem dificultar sobremaneira o acesso ao AAE e, nesses
            casos, se houver dificuldade no cateterismo do apêndice atrial, a punção transeptal
            tradicional deve ser realizada.</p>
			<p>No presente caso, a oclusão do FOP, associada à do AAE, foi indicada em função do
            episódio de embolia paradoxal apresentado previamente pela paciente, e a oclusão do AAE
            foi indicada pelas complicações referidas após o uso da anticoagulação oral para a
            fibrilação atrial crônica.</p>
		</sec>
		<sec sec-type="conclusions">
			<title>CONCLUSÕES</title>
			<p>O procedimento de oclusão do apêndice atrial esquerdo através do forame oval patente foi
            simples, rápido e seguro. Este pode se tornar uma excelente opção de acesso nos casos em
            que existe uma comunicação entre os átrios (comunicação interatrial ou forame oval
            patente), simplificando o procedimento e reduzindo suas complicações.</p>
		</sec>
	</body>
	<back>
		<fn-group>
			<fn fn-type="financial-disclosure">
				<p>
					<bold>FONTE DE FINANCIAMENTO</bold>
				</p>
				<p>Não há.</p>
			</fn>
		</fn-group>
		<ref-list>
			<title>REFERÊNCIAS</title>
			<ref id="B01">
				<label>1</label>
				<mixed-citation>Sievert H, Lesh MD, Trepels T, Omran H, Bartorelli A, Della Bella P, et al. Percutaneous left atrial appendage transcatheter occlusion to prevent stroke in high-risk patients with atrial fibrillation: early clinical experience. Circulation. 2002;105(16):1887-9.</mixed-citation>
				<element-citation publication-type="journal">
					<person-group person-group-type="author">
						<name>
							<surname>Sievert</surname>
							<given-names>H</given-names>
						</name>
						<name>
							<surname>Lesh</surname>
							<given-names>MD</given-names>
						</name>
						<name>
							<surname>Trepels</surname>
							<given-names>T</given-names>
						</name>
						<name>
							<surname>Omran</surname>
							<given-names>H</given-names>
						</name>
						<name>
							<surname>Bartorelli</surname>
							<given-names>A</given-names>
						</name>
						<name>
							<surname>Della Bella</surname>
							<given-names>P</given-names>
						</name>
						<etal>et al</etal>
					</person-group>
					<article-title>Percutaneous left atrial appendage transcatheter occlusion to prevent stroke in high-risk patients with atrial fibrillation: early clinical experience</article-title>
					<source>Circulation</source>
					<year>2002</year>
					<volume>105</volume>
					<issue>16</issue>
					<fpage>1887</fpage>
					<lpage>1889</lpage>
				</element-citation>
			</ref>
			<ref id="B02">
				<label>2</label>
				<mixed-citation>Nietlispach F, Krause R, Khattab A, Gloekler S, Schmid M, Wenaweser P, et al. Ad hoc percutaneous left atrial appendage closure. J Invasive Cardiol. 2013;25(12):683-6.</mixed-citation>
				<element-citation publication-type="journal">
					<person-group person-group-type="author">
						<name>
							<surname>Nietlispach</surname>
							<given-names>F</given-names>
						</name>
						<name>
							<surname>Krause</surname>
							<given-names>R</given-names>
						</name>
						<name>
							<surname>Khattab</surname>
							<given-names>A</given-names>
						</name>
						<name>
							<surname>Gloekler</surname>
							<given-names>S</given-names>
						</name>
						<name>
							<surname>Schmid</surname>
							<given-names>M</given-names>
						</name>
						<name>
							<surname>Wenaweser</surname>
							<given-names>P</given-names>
						</name>
						<etal>et al</etal>
					</person-group>
					<article-title>Ad hoc percutaneous left atrial appendage closure</article-title>
					<source>J Invasive Cardiol</source>
					<year>2013</year>
					<volume>25</volume>
					<issue>12</issue>
					<fpage>683</fpage>
					<lpage>686</lpage>
				</element-citation>
			</ref>
			<ref id="B03">
				<label>3</label>
				<mixed-citation>Nietlispach F, Gloekler S, Krause R, Shakir S, Schmid M, Khattab AA, et al. Amplatzer left atrial appendage occlusion: single center 10-year experience. Catheter Cardiovasc Interv. 2013;82(2):283-9.</mixed-citation>
				<element-citation publication-type="journal">
					<person-group person-group-type="author">
						<name>
							<surname>Nietlispach</surname>
							<given-names>F</given-names>
						</name>
						<name>
							<surname>Gloekler</surname>
							<given-names>S</given-names>
						</name>
						<name>
							<surname>Krause</surname>
							<given-names>R</given-names>
						</name>
						<name>
							<surname>Shakir</surname>
							<given-names>S</given-names>
						</name>
						<name>
							<surname>Schmid</surname>
							<given-names>M</given-names>
						</name>
						<name>
							<surname>Khattab</surname>
							<given-names>AA</given-names>
						</name>
						<etal>et al</etal>
					</person-group>
					<article-title>Amplatzer left atrial appendage occlusion: single center 10-year experience</article-title>
					<source>Catheter Cardiovasc Interv</source>
					<year>2013</year>
					<volume>82</volume>
					<issue>2</issue>
					<fpage>283</fpage>
					<lpage>289</lpage>
				</element-citation>
			</ref>
			<ref id="B04">
				<label>4</label>
				<mixed-citation>Holmes DR Jr, Schwartz RS. Left atrial appendage occlusion eliminates the need for warfarin. Circulation. 2009;120(19):1919-26.</mixed-citation>
				<element-citation publication-type="journal">
					<person-group person-group-type="author">
						<name>
							<surname>Holmes</surname>
							<given-names>DR</given-names>
							<suffix>Jr</suffix>
						</name>
						<name>
							<surname>Schwartz</surname>
							<given-names>RS</given-names>
						</name>
					</person-group>
					<article-title>Left atrial appendage occlusion eliminates the need for warfarin</article-title>
					<source>Circulation</source>
					<year>2009</year>
					<volume>120</volume>
					<issue>19</issue>
					<fpage>1919</fpage>
					<lpage>1926</lpage>
				</element-citation>
			</ref>
			<ref id="B05">
				<label>5</label>
				<mixed-citation>Holmes DR, Reddy VY, Turi ZG, Doshi SK, Sievert H, Buchbinder M, et al. Percutaneous closure of the left atrial appendage versus warfarin therapy for prevention of stroke in patients with atrial fibrillation: a randomised non-inferiority trial. Lancet. 2009;374(9689):534-42.</mixed-citation>
				<element-citation publication-type="journal">
					<person-group person-group-type="author">
						<name>
							<surname>Holmes</surname>
							<given-names>DR</given-names>
						</name>
						<name>
							<surname>Reddy</surname>
							<given-names>VY</given-names>
						</name>
						<name>
							<surname>Turi</surname>
							<given-names>ZG</given-names>
						</name>
						<name>
							<surname>Doshi</surname>
							<given-names>SK</given-names>
						</name>
						<name>
							<surname>Sievert</surname>
							<given-names>H</given-names>
						</name>
						<name>
							<surname>Buchbinder</surname>
							<given-names>M</given-names>
						</name>
						<etal>et al</etal>
					</person-group>
					<article-title>Percutaneous closure of the left atrial appendage versus warfarin therapy for prevention of stroke in patients with atrial fibrillation: a randomised non-inferiority trial</article-title>
					<source>Lancet</source>
					<year>2009</year>
					<volume>374</volume>
					<issue>9689</issue>
					<fpage>534</fpage>
					<lpage>542</lpage>
				</element-citation>
			</ref>
			<ref id="B06">
				<label>6</label>
				<mixed-citation>Holmes DR Jr, Fountain R. Stroke prevention in atrial fibrillation: WATCHMAN versus warfarin. Expert Rev Cardiovasc Ther. 2009;7(7):727-9.</mixed-citation>
				<element-citation publication-type="journal">
					<person-group person-group-type="author">
						<name>
							<surname>Holmes</surname>
							<given-names>DR</given-names>
							<suffix>Jr</suffix>
						</name>
						<name>
							<surname>Fountain</surname>
							<given-names>R</given-names>
						</name>
					</person-group>
					<article-title>Stroke prevention in atrial fibrillation: WATCHMAN versus warfarin</article-title>
					<source>Expert Rev Cardiovasc Ther</source>
					<year>2009</year>
					<volume>7</volume>
					<issue>7</issue>
					<fpage>727</fpage>
					<lpage>729</lpage>
				</element-citation>
			</ref>
			<ref id="B07">
				<label>7</label>
				<mixed-citation>Armaganijan LSR, Pedra SF, Moreira DA, Braga SLN, Feres F, et al. Experiência inicial com o novo amplatzer cardiac plug para oclusão percutânea do apêndice atrial esquerdo. Rev Bras Cardiol Invasiva. 2011;19(1):14-23.</mixed-citation>
				<element-citation publication-type="journal">
					<person-group person-group-type="author">
						<name>
							<surname>Armaganijan</surname>
							<given-names>LSR</given-names>
						</name>
						<name>
							<surname>Pedra</surname>
							<given-names>SF</given-names>
						</name>
						<name>
							<surname>Moreira</surname>
							<given-names>DA</given-names>
						</name>
						<name>
							<surname>Braga</surname>
							<given-names>SLN</given-names>
						</name>
						<name>
							<surname>Feres</surname>
							<given-names>F</given-names>
						</name>
						<etal>et al</etal>
					</person-group>
					<article-title>Experiência inicial com o novo amplatzer cardiac plug para oclusão percutânea do apêndice atrial esquerdo</article-title>
					<source>Rev Bras Cardiol Invasiva</source>
					<year>2011</year>
					<volume>19</volume>
					<issue>1</issue>
					<fpage>14</fpage>
					<lpage>23</lpage>
				</element-citation>
			</ref>
			<ref id="B08">
				<label>8</label>
				<mixed-citation>Guerios EE, Schmid M, Gloekler S, Khattab AA, Wenaweser PM, Windecker S, et al. Left atrial appendage closure with the Amplatzer cardiac plug in patients with atrial fibrillation. Arq Bras Cardiol. 2012;98(6):528-36.</mixed-citation>
				<element-citation publication-type="journal">
					<person-group person-group-type="author">
						<name>
							<surname>Guerios</surname>
							<given-names>EE</given-names>
						</name>
						<name>
							<surname>Schmid</surname>
							<given-names>M</given-names>
						</name>
						<name>
							<surname>Gloekler</surname>
							<given-names>S</given-names>
						</name>
						<name>
							<surname>Khattab</surname>
							<given-names>AA</given-names>
						</name>
						<name>
							<surname>Wenaweser</surname>
							<given-names>PM</given-names>
						</name>
						<name>
							<surname>Windecker</surname>
							<given-names>S</given-names>
						</name>
						<etal>et al</etal>
					</person-group>
					<article-title>Left atrial appendage closure with the Amplatzer cardiac plug in patients with atrial fibrillation</article-title>
					<source>Arq Bras Cardiol</source>
					<year>2012</year>
					<volume>98</volume>
					<issue>6</issue>
					<fpage>528</fpage>
					<lpage>536</lpage>
				</element-citation>
			</ref>
			<ref id="B09">
				<label>9</label>
				<mixed-citation>Montenegro MJ, Quintella EF, Damonte A, Sabino HC, Zajdenverg R, Laufer GP, et al. Percutaneous occlusion of left atrial appendage with the Amplatzer Cardiac PlugTM in atrial fibrillation. Arq Bras Cardiol. 2012;98(2):143-50.</mixed-citation>
				<element-citation publication-type="journal">
					<person-group person-group-type="author">
						<name>
							<surname>Montenegro</surname>
							<given-names>MJ</given-names>
						</name>
						<name>
							<surname>Quintella</surname>
							<given-names>EF</given-names>
						</name>
						<name>
							<surname>Damonte</surname>
							<given-names>A</given-names>
						</name>
						<name>
							<surname>Sabino</surname>
							<given-names>HC</given-names>
						</name>
						<name>
							<surname>Zajdenverg</surname>
							<given-names>R</given-names>
						</name>
						<name>
							<surname>Laufer</surname>
							<given-names>GP</given-names>
						</name>
						<etal>et al</etal>
					</person-group>
					<article-title>Percutaneous occlusion of left atrial appendage with the Amplatzer Cardiac PlugTM in atrial fibrillation</article-title>
					<source>Arq Bras Cardiol</source>
					<year>2012</year>
					<volume>98</volume>
					<issue>2</issue>
					<fpage>143</fpage>
					<lpage>150</lpage>
				</element-citation>
			</ref>
			<ref id="B10">
				<label>10</label>
				<mixed-citation>Lew AS, Harper RW, Federman J, Anderson ST, Pitt A. Recent experience with transeptal catheterization. Cathet Cardiovasc Diagn. 1983;9(6):601-9.</mixed-citation>
				<element-citation publication-type="journal">
					<person-group person-group-type="author">
						<name>
							<surname>Lew</surname>
							<given-names>AS</given-names>
						</name>
						<name>
							<surname>Harper</surname>
							<given-names>RW</given-names>
						</name>
						<name>
							<surname>Federman</surname>
							<given-names>J</given-names>
						</name>
						<name>
							<surname>Anderson</surname>
							<given-names>ST</given-names>
						</name>
						<name>
							<surname>Pitt</surname>
							<given-names>A</given-names>
						</name>
					</person-group>
					<article-title>Recent experience with transeptal catheterization</article-title>
					<source>Cathet Cardiovasc Diagn</source>
					<year>1983</year>
					<volume>9</volume>
					<issue>6</issue>
					<fpage>601</fpage>
					<lpage>609</lpage>
				</element-citation>
			</ref>
			<ref id="B11">
				<label>11</label>
				<mixed-citation>Koermendy D, Nietlispach F, Shakir S, Gloekler S, Wenaweser P, Windecker S, et al. Amplatzer left atrial appendage occlusion through a patent foramen ovale. Catheter Cardiovasc Interv. 2014;84(7):1190-6.</mixed-citation>
				<element-citation publication-type="journal">
					<person-group person-group-type="author">
						<name>
							<surname>Koermendy</surname>
							<given-names>D</given-names>
						</name>
						<name>
							<surname>Nietlispach</surname>
							<given-names>F</given-names>
						</name>
						<name>
							<surname>Shakir</surname>
							<given-names>S</given-names>
						</name>
						<name>
							<surname>Gloekler</surname>
							<given-names>S</given-names>
						</name>
						<name>
							<surname>Wenaweser</surname>
							<given-names>P</given-names>
						</name>
						<name>
							<surname>Windecker</surname>
							<given-names>S</given-names>
						</name>
						<etal>et al</etal>
					</person-group>
					<article-title>Amplatzer left atrial appendage occlusion through a patent foramen ovale</article-title>
					<source>Catheter Cardiovasc Interv</source>
					<year>2014</year>
					<volume>84</volume>
					<issue>7</issue>
					<fpage>1190</fpage>
					<lpage>1196</lpage>
				</element-citation>
			</ref>
			<ref id="B12">
				<label>12</label>
				<mixed-citation>Adrouny ZA, Sutherland DW, Griswold HE, Ritzmann LW. Complications with transseptal left heart catheterization. Am Heart J. 1963;65:327-33.</mixed-citation>
				<element-citation publication-type="journal">
					<person-group person-group-type="author">
						<name>
							<surname>Adrouny</surname>
							<given-names>ZA</given-names>
						</name>
						<name>
							<surname>Sutherland</surname>
							<given-names>DW</given-names>
						</name>
						<name>
							<surname>Griswold</surname>
							<given-names>HE</given-names>
						</name>
						<name>
							<surname>Ritzmann</surname>
							<given-names>LW</given-names>
						</name>
					</person-group>
					<article-title>Complications with transseptal left heart catheterization</article-title>
					<source>Am Heart J</source>
					<year>1963</year>
					<volume>65</volume>
					<fpage>327</fpage>
					<lpage>333</lpage>
				</element-citation>
			</ref>
			<ref id="B13">
				<label>13</label>
				<mixed-citation>Braunwald E. Cooperative study on cardiac catheterization: transseptal left heart catheterization. Circulation. 1968;37(5 Suppl):III74-9.</mixed-citation>
				<element-citation publication-type="journal">
					<person-group person-group-type="author">
						<name>
							<surname>Braunwald</surname>
							<given-names>E</given-names>
						</name>
					</person-group>
					<article-title>Cooperative study on cardiac catheterization: transseptal left heart catheterization</article-title>
					<source>Circulation</source>
					<year>1968</year>
					<volume>37</volume>
					<issue>5</issue>
					<supplement>Suppl</supplement>
					<fpage>III74</fpage>
					<lpage>III79</lpage>
				</element-citation>
			</ref>
			<ref id="B14">
				<label>14</label>
				<mixed-citation>Henderson M. Transseptal left atrial catheterization [letter]. Cathet Cardiovasc Diagn. 1990;21(1):63.</mixed-citation>
				<element-citation publication-type="journal">
					<person-group person-group-type="author">
						<name>
							<surname>Henderson</surname>
							<given-names>M</given-names>
						</name>
					</person-group>
					<article-title>Transseptal left atrial catheterization [letter].</article-title>
					<source>Cathet Cardiovasc Diagn</source>
					<year>1990</year>
					<volume>21</volume>
					<issue>1</issue>
					<fpage>63</fpage>
				</element-citation>
			</ref>
			<ref id="B15">
				<label>15</label>
				<mixed-citation>Libanoff AJ, Silver AW. Complications of transseptal left heart catheterization. Am J Cardiol. 1965;16(3):390-3.</mixed-citation>
				<element-citation publication-type="journal">
					<person-group person-group-type="author">
						<name>
							<surname>Libanoff</surname>
							<given-names>AJ</given-names>
						</name>
						<name>
							<surname>Silver</surname>
							<given-names>AW</given-names>
						</name>
					</person-group>
					<article-title>Complications of transseptal left heart catheterization</article-title>
					<source>Am J Cardiol</source>
					<year>1965</year>
					<volume>16</volume>
					<issue>3</issue>
					<fpage>390</fpage>
					<lpage>393</lpage>
				</element-citation>
			</ref>
			<ref id="B16">
				<label>16</label>
				<mixed-citation>Nixon PG, Ikram H. Left heart catheterization with special reference of the transseptal method. Br Heart J. 1966;28(6):835-41.</mixed-citation>
				<element-citation publication-type="journal">
					<person-group person-group-type="author">
						<name>
							<surname>Nixon</surname>
							<given-names>PG</given-names>
						</name>
						<name>
							<surname>Ikram</surname>
							<given-names>H</given-names>
						</name>
					</person-group>
					<article-title>Left heart catheterization with special reference of the transseptal method</article-title>
					<source>Br Heart J</source>
					<year>1966</year>
					<volume>28</volume>
					<issue>6</issue>
					<fpage>835</fpage>
					<lpage>841</lpage>
				</element-citation>
			</ref>
			<ref id="B17">
				<label>17</label>
				<mixed-citation>Lindeneg O, Hansen AT. Complications in transseptal left heart catheterization. Acta Med Scand. 1966;180(4):395-9.</mixed-citation>
				<element-citation publication-type="journal">
					<person-group person-group-type="author">
						<name>
							<surname>Lindeneg</surname>
							<given-names>O</given-names>
						</name>
						<name>
							<surname>Hansen</surname>
							<given-names>AT</given-names>
						</name>
					</person-group>
					<article-title>Complications in transseptal left heart catheterization</article-title>
					<source>Acta Med Scand</source>
					<year>1966</year>
					<volume>180</volume>
					<issue>4</issue>
					<fpage>395</fpage>
					<lpage>399</lpage>
				</element-citation>
			</ref>
			<ref id="B18">
				<label>18</label>
				<mixed-citation>Singleton RT, Scherlis L. Transseptal catheterization of the left heart: observations in 56 patients. Am Heart J. 1960;60(6):879-85.</mixed-citation>
				<element-citation publication-type="journal">
					<person-group person-group-type="author">
						<name>
							<surname>Singleton</surname>
							<given-names>RT</given-names>
						</name>
						<name>
							<surname>Scherlis</surname>
							<given-names>L</given-names>
						</name>
					</person-group>
					<article-title>Transseptal catheterization of the left heart: observations in 56 patients</article-title>
					<source>Am Heart J</source>
					<year>1960</year>
					<volume>60</volume>
					<issue>6</issue>
					<fpage>879</fpage>
					<lpage>885</lpage>
				</element-citation>
			</ref>
			<ref id="B19">
				<label>19</label>
				<mixed-citation>McGinty PM, Smith TW, Rogers JH. Transseptal left heart catheterization and the incidence of persistent iatrogenic atrial septal defects. J Interv Cardiol. 2011;24(3):254-63.</mixed-citation>
				<element-citation publication-type="journal">
					<person-group person-group-type="author">
						<name>
							<surname>McGinty</surname>
							<given-names>PM</given-names>
						</name>
						<name>
							<surname>Smith</surname>
							<given-names>TW</given-names>
						</name>
						<name>
							<surname>Rogers</surname>
							<given-names>JH</given-names>
						</name>
					</person-group>
					<article-title>Transseptal left heart catheterization and the incidence of persistent iatrogenic atrial septal defects</article-title>
					<source>J Interv Cardiol</source>
					<year>2011</year>
					<volume>24</volume>
					<issue>3</issue>
					<fpage>254</fpage>
					<lpage>263</lpage>
				</element-citation>
			</ref>
		</ref-list>
	</back>
	<sub-article article-type="translation" id="SA1" xml:lang="en">
		<front-stub>
			<title-group>
				<article-title>Percutaneous Occlusion of Left Atrial Appendage and Patent Foramen Ovale in the Same Procedure Avoiding Transeptal Puncture</article-title>
			</title-group>
			<contrib-group>
				<contrib contrib-type="author">
					<name>
						<surname>Chamié</surname>
						<given-names>Francisco</given-names>
					</name>
					<xref ref-type="aff" rid="aff06">1</xref>
					<xref ref-type="corresp" rid="c02"/>
				</contrib>
				<contrib contrib-type="author">
					<name>
						<surname>Chamié</surname>
						<given-names>Daniel</given-names>
					</name>
					<xref ref-type="aff" rid="aff07">2</xref>
				</contrib>
				<contrib contrib-type="author">
					<name>
						<surname>Simões</surname>
						<given-names>Luiz Carlos do Nascimento</given-names>
					</name>
					<xref ref-type="aff" rid="aff08">3</xref>
				</contrib>
				<contrib contrib-type="author">
					<name>
						<surname>Guérios</surname>
						<given-names>Ênio</given-names>
					</name>
					<xref ref-type="aff" rid="aff09">4</xref>
				</contrib>
				<contrib contrib-type="author">
					<name>
						<surname>Tress</surname>
						<given-names>João Carlos</given-names>
					</name>
					<xref ref-type="aff" rid="aff10">5</xref>
				</contrib>
			</contrib-group>
			<aff id="aff06">
				<label>1</label>
				<institution content-type="original">Hospital Federal dos Servidores do Estado, Rio de Janeiro, RJ, Brazil.</institution>
			</aff>
			<aff id="aff07">
				<label>2</label>
				<institution content-type="original">Instituto Dante Pazzanese de Cardiologia, São Paulo, SP, Brazil.</institution>
			</aff>
			<aff id="aff08">
				<label>3</label>
				<institution content-type="original">Intercat – Cardiologia Intervencionista, Rio de Janeiro, RJ, Brazil.</institution>
			</aff>
			<aff id="aff09">
				<label>4</label>
				<institution content-type="original">Concept - Centro de Cardiopatias Congênitas e Estruturais do Paraná, Curitiba, PR, Brazil.</institution>
			</aff>
			<aff id="aff10">
				<label>5</label>
				<institution content-type="original">Hospital de Clínicas de Niterói, Niterói, RJ, Brazil.</institution>
			</aff>
			<author-notes>
				<corresp id="c02">
					<bold>Correspondence to:</bold> Francisco Chamié. Rua Real Grandeza, 108, salas
               223-224 - Botafogo - CEP: 22281-034 - Rio de Janeiro, RJ, Brazil
               E-mail: <email>fchamie@pobo.com</email>
				</corresp>
				<fn fn-type="conflict">
					<p>
						<bold>CONFLICT OF INTERESTS</bold>
					</p>
					<p>The authors declare no conflicts of interest.</p>
				</fn>
			</author-notes>
			<abstract>
				<p>Left atrial appendage occlusion has been successfully employed to prevent embolic
                  events in patients with atrial fibrillation as an alternative to oral
                  anticoagulation. Left atrial access through the patent foramen ovale or ostium
                  secundum atrial septal defect has been discouraged due to the fear that entering
                  the septum in a higher position through the foramen would prevent adequate device
                  positioning. In this manuscript we report a case in which the left atrial
                  appendage and the foramen ovale were sequentially occluded avoiding transseptal
                  puncture, making the procedure simpler and faster.</p>
			</abstract>
			<kwd-group xml:lang="en">
				<kwd>Atrial appendage</kwd>
				<kwd>Atrial fibrillation</kwd>
				<kwd>Cardiac catheterization</kwd>
				<kwd>Foramen ovale, patent</kwd>
			</kwd-group>
		</front-stub>
		<body>
			<p>Percutaneous occlusion of the left atrial appendage (LAA) has been used as an
            alternative to oral anticoagulation in patients for whom this strategy is not safe.<xref ref-type="bibr" rid="B01">1</xref>
				<sup>-</sup>
				<xref ref-type="bibr" rid="B06">6</xref> It is a routinely performed procedure, including in Brazil.<xref ref-type="bibr" rid="B07">7</xref>
				<sup>-</sup>
				<xref ref-type="bibr" rid="B09">9</xref>
			</p>
			<p>Patent foramen ovale (PFO) is located more cranially in the septum, and it is believed
            that its use as an access route for LAA occlusion hinders the correct positioning of the
            delivery sheath. In such cases, traditional transeptal puncture has been the preferred
            method, which increases the complexity, time, and potential complications of the
            procedure. In this study, a case of simultaneous occlusion of PFO and LAA, without the
            need for transeptal puncture, is reported.</p>
			<sec sec-type="cases">
				<title>CASE REPORT</title>
				<p>The patient was a 66-year-old female, referred for percutaneous closure of the LAA.
               She had an episode of cryptogenic ischemic stroke when she was young and had chronic
               coronary disease, having had acute myocardial infarction episodes at the ages of 32
               and 33 years. She had undergone coronary artery bypass graft surgery twice, in 1983
               and 2000.</p>
				<p>She had atrial fibrillation for one year, and was treated with propafenone. In May of
               2014, she had a new episode of ischemic stroke; oral anticoagulation with rivaroxaban
               was prescribed, and was interrupted after conjunctival hemorrhage. At that time, she
               was referred to LAA occlusion.</p>
				<p>The procedure was performed under general anesthesia, monitored by transesophageal
               echocardiography (TEE). Intravenous heparin was administered at a dose of 5,000 IU.
               An IV dose of 2 g of cephalexin was also administered.</p>
				<p>The PFO was crossed using a multipurpose catheter, subsequently replaced by 5F
               pigtail catheter positioned in the LAA. Injections were performed at 20º in the right
               anterior oblique projection, with cranial and caudal angulation to identify the LAA;
               the target-region was measured for prosthesis implantation, as well as the LAA
               ostium. The appendage was bilobulated. The target-region measured 17 mm and the
               ostium, 24 mm (<xref ref-type="fig" rid="f04">Figure 1</xref>).</p>
				<fig id="f04">
					<label>Figure 1</label>
					<caption>
						<title>Angiography of the left atrial appendage. In A, right anterior oblique view
                     with cranial tilt shows the appendage anatomy, with emphasis on the ostium and
                     target region. In B, right anterior oblique view with caudal tilt demonstrates
                     more clearly the trabecular portion of the left atrial appendage.</title>
					</caption>
					<graphic xlink:href="0104-1843-rbci-22-04-0382-gf01-en.tif"/>
				</fig>
				<p>Subsequently, a 0.035"/ 260 cm super-stiff guide wire was introduced inside the LAA
               and, while maintaining the guide wire in position, the pigtail catheter was removed,
               being substituted by the Torq Vue<sup>&#x00AE;</sup> 13 F long sheath with double
               curvature structure (St. Jude Medical, Plymouth, United States), positioning it
               coaxially along the appendage axis. A 24 mm Amplatzer<sup>&#x00AE;</sup> Cardiac Plug
               (AGA Medical Corporation, Golden Valley, United States) was introduced through it,
               releasing the lobe in the target-region. With the prosthesis lobe well-adhered to the
               walls of the LAA, the disc was externalized, perfectly occluding the LAA entrance
                  (<xref ref-type="fig" rid="f05">Figure 2A</xref>).</p>
				<fig id="f05">
					<label>Figure 2</label>
					<caption>
						<title>Prosthesis implantation. In A, injection performed through the long sheath
                     shows that the prosthesis is adequately positioned and that the disk completely
                     obstructs the atrial appendage ostium. In B, fully released left atrial
                     appendage prosthesis and the second prosthesis, of the foramen ovale, implanted
                     in the atrial septum, but still attached to the delivery cable. In C, at the
                     end of the procedure, fluoroscopy shows the two released prostheses and in good
                     position.</title>
					</caption>
					<graphic xlink:href="0104-1843-rbci-22-04-0382-gf02-en.tif"/>
				</fig>
				<p>After the adequate prosthesis position was confirmed through the TEE and new
               atriographies, the device was released, maintaining the long sheath in the left
               atrium. Subsequently, a 25 mm Amplatzer<sup>&#x00AE;</sup> PFO Occluder (AGA Medical
               Corporation, Golden Valley, United States) was introduced, connected to the
                  Amplatzer<sup>&#x00AE;</sup> Cardiac Plug delivery cable, using the long sheath.
               Implantation was performed as usual, aiming to occlude the PFO (<xref ref-type="fig" rid="f05">Figure 2B</xref>). After the adequate position of the second prosthesis
               was confirmed by TEE, the sheath was removed and hemostasis was performed by manual
               compression.</p>
				<p>A small femoral arteriovenous fistula was detected on the day after the implantation
               at the venipuncture site, which was submitted to suture for its occlusion.</p>
				<p>The patient was discharged in good status, with both prostheses well positioned and
               occluding their respective defects (<xref ref-type="fig" rid="f05">Figures 2C</xref>
               and <xref ref-type="fig" rid="f06">3</xref>).</p>
				<fig id="f06">
					<label>Figure 3</label>
					<caption>
						<title>Three-dimensional transesophageal echocardiography performed at the end of
                     the procedure shows in A, the prosthesis of the atrial appendage and in B, the
                     foramen ovale prosthesis, both correctly implanted.</title>
					</caption>
					<graphic xlink:href="0104-1843-rbci-22-04-0382-gf03-en.tif"/>
				</fig>
			</sec>
			<sec sec-type="discussion">
				<title>DISCUSSION</title>
				<p>The use of the foramen ovale as the access route for LAA occlusion has been
               discouraged due to the fear that it's more cranial position in the interatrial septum
               would hinder access to the LAA and prevent adequate device positioning inside it. As
               a result, a more caudal transeptal puncture, more adequate for this purpose, has been
               the preferred method. This technique increases the fluoroscopy time and adds a small
               degree of risk to the procedure, which should be lower with a more experienced
                  surgeon.<xref ref-type="bibr" rid="B10">10</xref>
				</p>
				<p>The viability of LAA occlusion through septal defects (ASD or PFO) was demonstrated
               by Koermendy et al.,<xref ref-type="bibr" rid="B11">11</xref> who reported the
               advantages of its use in 96% of selected patients. The absence of transeptal puncture
               prevented the complications related to this technique and reduced the overall
               fluoroscopy time.</p>
				<p>The complication rate of transeptal puncture is low, but includes perforation of
               heart chambers or the aorta, pericardial effusion followed by tamponade, systemic or
               cerebral thromboembolism, and coronary or cerebral air embolism, which are all
               potentially severe situations that have a negative impact on the procedure
                  outcome.<xref ref-type="bibr" rid="B10">10</xref>
					<sup>,</sup>
					<xref ref-type="bibr" rid="B12">12</xref>
					<sup>-</sup>
					<xref ref-type="bibr" rid="B18">18</xref> There are
               also cases in which the transeptal puncture cannot be performed and the procedure has
               to be abandoned.</p>
				<p>Another advantage of avoiding the transeptal puncture is not to create an iatrogenic
               septal defect, as itoccurs in ablations or in mitral valve repair in approximately 5%
               of cases. These defects tend to spontaneously close in over 80% of cases after 18
                  months.<xref ref-type="bibr" rid="B19">19</xref> Although they have little or no
               hemodynamic importance, these small iatrogenic defects can be mediators of
               paradoxical embolism episodes.</p>
				<p>The PFO or ASD facilitate and allow for a safe access to the left atrium. PFOs with
               long tunnels can greatly hinder the access to the LAA; in such cases, if there is
               difficulty in the atrial appendage catheterization, the traditional transeptal
               puncture should be performed.</p>
				<p>In the present case, the occlusion of the PFO and the LAA was indicated based on the
               patient's previous episode of paradoxical embolism, and the occlusion of the LAA was
               indicated by the complications reported after the use of oral anticoagulation for
               chronic atrial fibrillation.</p>
			</sec>
			<sec sec-type="conclusions">
				<title>CONCLUSION</title>
				<p>The occlusion of the LAA through the PFO was simple, fast and safe. This can become
               an excellent choice of access route in cases with communication between the atria
               (ASD or PFO), simplifying the procedure and reducing its complications.</p>
			</sec>
		</body>
		<back>
			<fn-group>
				<fn fn-type="financial-disclosure">
					<p>
						<bold>FUNDING SOURCES</bold>
					</p>
					<p>None declared.</p>
				</fn>
			</fn-group>
		</back>
	</sub-article>
</article>
