<?xml version="1.0" encoding="utf-8"?>
<!DOCTYPE article PUBLIC "-//NLM//DTD JATS (Z39.96) Journal Publishing DTD v1.0 20120330//EN" "../JATS-journalpublishing1.dtd">
<article xmlns:xlink="http://www.w3.org/1999/xlink" xmlns:mml="http://www.w3.org/1998/Math/MathML" dtd-version="1.0" specific-use="sps-1.1" article-type="case-report" xml:lang="pt">
	<front>
		<journal-meta>
			<journal-id journal-id-type="publisher-id">rbci</journal-id>
			<journal-title-group>
				<journal-title>Revista Brasileira de Cardiologia Invasiva</journal-title>
				<abbrev-journal-title abbrev-type="publisher">Rev. Bras. Cardiol.
               Invasiva</abbrev-journal-title>
			</journal-title-group>
			<issn pub-type="ppub">0104-1843</issn>
			<issn pub-type="epub">2179-8397</issn>
			<publisher>
				<publisher-name>Sociedade Brasileira de Hemodinâmica e Cardiologia
               Intervencionista</publisher-name>
			</publisher>
		</journal-meta>
		<article-meta>
			<article-id pub-id-type="doi">10.1590/0104-1843000000065</article-id>
			<article-categories>
				<subj-group subj-group-type="heading">
					<subject>RELATOS DE CASO</subject>
				</subj-group>
			</article-categories>
			<title-group>
				<article-title>Tratamento Endovascular de Aneurisma de Aorta Abdominal pela Técnica de Chaminé</article-title>
			</title-group>
			<contrib-group>
				<contrib contrib-type="author">
					<name>
						<surname>Araujo</surname>
						<given-names>Adriano Gonçalves de</given-names>
					</name>
					<xref ref-type="aff" rid="aff01"/>
					<xref ref-type="corresp" rid="c01"/>
				</contrib>
				<contrib contrib-type="author">
					<name>
						<surname>Souza</surname>
						<given-names>Fábio Henrique Ribeiro de</given-names>
					</name>
					<xref ref-type="aff" rid="aff01"/>
				</contrib>
				<contrib contrib-type="author">
					<name>
						<surname>Fernandes</surname>
						<given-names>Fernando Henrique</given-names>
					</name>
					<xref ref-type="aff" rid="aff01"/>
				</contrib>
				<contrib contrib-type="author">
					<name>
						<surname>Barbosa</surname>
						<given-names>Flávio Passos</given-names>
					</name>
					<xref ref-type="aff" rid="aff01"/>
				</contrib>
				<contrib contrib-type="author">
					<name>
						<surname>Jatene</surname>
						<given-names>José Antônio</given-names>
					</name>
					<xref ref-type="aff" rid="aff01"/>
				</contrib>
				<contrib contrib-type="author">
					<name>
						<surname>Câmara</surname>
						<given-names>Paulo Cézar Guimarães</given-names>
					</name>
					<xref ref-type="aff" rid="aff01"/>
				</contrib>
			</contrib-group>
			<aff id="aff01">
				<institution content-type="orgname">ENCORE − Cardiologia e Radiologia Intervencionista</institution>
				<addr-line>
					<named-content content-type="city">Goiânia</named-content>
					<named-content content-type="state">GO</named-content>
				</addr-line>
				<country country="BR">Brasil</country>
				<institution content-type="original">ENCORE − Cardiologia e Radiologia Intervencionista, Goiânia, GO, Brasil</institution>
			</aff>
			<author-notes>
				<corresp id="c01">
					<bold>Correspondência:</bold> Adriano Gonçalves de Araujo. Rua S6, Qd
               S34, Lt 6, 88 − Setor Bela Vista − CEP: 74823-470 − Goiânia, GO, Brasil. E-mail:
                  <email>agaraujo@encore.med.br</email>
				</corresp>
				<fn fn-type="conflict">
					<p>CONFLITO DE INTERESSES</p>
					<p>Não há.</p>
				</fn>
			</author-notes>
			<pub-date pub-type="epub-ppub">
				<season>Oct-Dec</season>
				<year>2015</year>
			</pub-date>
			<volume>22</volume>
			<issue>4</issue>
			<fpage>386</fpage>
			<lpage>389</lpage>
			<history>
				<date date-type="received">
					<day>30</day>
					<month>08</month>
					<year>2014</year>
				</date>
				<date date-type="accepted">
					<day>21</day>
					<month>11</month>
					<year>2014</year>
				</date>
			</history>
			<permissions>
				<license license-type="open-access" xlink:href="http://creativecommons.org/licenses/by-nc/3.0/">
					<license-p>Este é um artigo publicado em acesso aberto (Open Access) sob a licença
                  Creative Commons Attribution NonCommercial, que permite uso, distribuição e
                  reprodução em qualquer meio, sem restrições desde que sem fins comerciais e que o
                  trabalho original seja corretamente citado.</license-p>
				</license>
			</permissions>
			<abstract>
				<p>Paciente idoso, portador de insuficiência renal não dialítica e doença pulmonar
               obstrutiva crônica dependente de oxigênio, foi admitido no pronto-socorro com quadro
               de dor abdominal lancinante. A angiotomografia de abdome revelou a presença de grande
               aneurisma aórtico com comprometimento das artérias viscerais. Devido ao elevado risco
               cirúrgico, foi proposto o tratamento endovascular pela técnica de chaminé para a
               preservação dos vasos viscerais. Essa técnica mostra-se promissora por permitir o
               reparo endovascular desses aneurismas, seja em casos eletivos, em situações de
               urgência/emergência ou de resgate de uma artéria visceral acidentalmente encoberta
               por uma endoprótese aórtica.</p>
			</abstract>
			<kwd-group xml:lang="pt">
				<kwd>Aneurisma aórtico</kwd>
				<kwd>Aorta abdominal</kwd>
				<kwd>Procedimentos endovasculares</kwd>
				<kwd>Stents</kwd>
				<kwd>Resultado do tratamento</kwd>
			</kwd-group>
			<counts>
				<fig-count count="6"/>
				<table-count count="0"/>
				<equation-count count="0"/>
				<ref-count count="9"/>
				<page-count count="4"/>
			</counts>
		</article-meta>
	</front>
	<body>
		<p>O tratamento endovascular dos aneurismas da aorta abdominal tem se estabelecido nas duas
         últimas décadas como uma alternativa minimamente invasiva à cirurgia aberta clássica,
         tornando-se a opção de escolha em pacientes idosos e com elevado risco cirúrgico. Isso se
         deve ao fato de essa técnica estar associada à diminuição significativa do tempo
         operatório, do volume de perda sanguínea, do tempo de hospitalização, da morbimortalidade
         nos primeiros 30 dias de pós-operatório e, ainda, por permitir o emprego de técnicas
         anestésicas que prescindam da utilização de ventilação mecânica.<xref ref-type="bibr" rid="B01">1</xref>
			<sup>,</sup>
			<xref ref-type="bibr" rid="B02">2</xref>
		</p>
		<p>Todavia, 20 a 50% dos pacientes portadores de aneurisma da aorta abdominal não apresentam
         anatomia favorável para o tratamento endovascular devido à presença de colo infrarrenal
         reduzido ou mesmo pelo acometimento de ramos viscerais pelo aneurisma. Em virtude do alto
         risco cirúrgico desses pacientes, modificações da técnica endovascular têm surgido como uma
         alternativa viável.<xref ref-type="bibr" rid="B03">3</xref>
		</p>
		<p>A primeira dessas opções é o emprego de endopróteses fenestradas e ramificadas, que são
         confeccionadas de forma personalizada para cada paciente. Em virtude da indisponibilidade
         imediata dessas endopróteses, vários centros têm proposto como alternativa o uso da técnica
         de chaminé como medida adjunta para se estender o colo proximal em pacientes com aneurismas
         justarrenais ou suprarrenais.<xref ref-type="bibr" rid="B04">4</xref>
			<sup>,</sup>
			<xref ref-type="bibr" rid="B05">5</xref>
		</p>
		<p>A técnica de chaminé, inicialmente descrita por Greenberg et al. em 2003,<xref ref-type="bibr" rid="B06">6</xref> baseia-se na colocação de stents nos vasos viscerais
         em paralelo ao corpo principal da endoprótese, permitindo, assim, que o colo proximal da
         mesma seja localizado em porção mais proximal da aorta, porém sem prejudicar o fluxo
         sanguíneo para os ramos viscerais.</p>
		<p>Relatamos o caso de um paciente idoso, portador de inúmeras comorbidades, atendido em
         regime de urgência, tendo sido diagnosticado grande aneurisma de aorta abdominal, que
         comprometia as artérias renais e mesentérica superior e que foi tratado de forma
         minimamente invasiva com o emprego da técnica de chaminé.</p>
		<sec sec-type="cases">
			<title>RELATO DO CASO</title>
			<p>Paciente de 77 anos, do sexo masculino, foi admitido no pronto atendimento de nossa
            instituição apresentando quadro clínico de dor abdominal lancinante, iniciada
            aproximadamente 3 horas antes. No exame físico, apresentava-se com regular estado geral
            e com volumosa massa abdominal pulsátil. Era portador de doença pulmonar obstrutiva
            crônica grave e usuário de oxigenoterapia domiciliar. Apresentava ainda hipertensão
            arterial sistêmica, tabagismo e insuficiência renal crônica não dialítica como condições
            mórbidas relevantes. Foi submetido à angiotomografia de abdome, a qual revelou a
            presença de grande aneurisma da aorta abdominal com comprometimento das artérias
            viscerais (<xref ref-type="fig" rid="f01">Figura 1</xref>).</p>
			<fig id="f01">
				<label>Figura 1</label>
				<caption>
					<title>Tomografia computadorizada de abdome. Aneurisma sacular e fusiforme da aorta
                  abdominal (A). Ectasia da aorta abdominal ao nível do tronco celíaco (B).
                  Aneurisma sacular (77 mm) da aorta abdominal, envolvendo as artérias renais (C).
                  Aneurisma fusiforme (58 mm) da aorta abdominal abaixo do nível das artérias renais
                  (D).</title>
				</caption>
				<graphic xlink:href="0104-1843-rbci-22-04-0386-gf01.tif"/>
			</fig>
			<p>Embora inicialmente não houvesse qualquer sinal de rotura, diante dos achados clínicos e
            tomográficos, a hipótese diagnóstica era a de um aneurisma em expansão, sendo proposto o
            tratamento invasivo para essa situação de urgência.</p>
			<p>As opções terapêuticas consideradas foram: (1) tratamento cirúrgico convencional; (2)
            tratamento endovascular com o implante de endoprótese fenestrada ou ramificada; e (3)
            tratamento endovascular com o implante de endoprótese pela técnica de chaminé para a
            preservação das artérias viscerais. A primeira dessas opções, o tratamento cirúrgico
            convencional, mostrou-se uma abordagem inviável, considerando-se a fragilidade do doente
            e seu grave comprometimento pulmonar. Dentre as abordagens endovasculares, o uso da
            endoprótese fenestrada ou ramificada se mostrava tecnicamente como uma boa opção.
            Entretanto, esse tipo de endoprótese demanda bastante tempo para sua confecção, o que
            não se dispunha nessa situação de urgência. Dessa forma, optou-se pelo emprego da
            endoprótese aórtica pela técnica de chaminé para a preservação das artérias
            viscerais.</p>
			<p>O paciente foi submetido à sedação consciente e foi realizada anestesia peridural
            contínua. A seguir, foram obtidos cinco acessos arteriais, sendo três nos membros
            superiores, em ambas as artérias braquiais e na artéria axilar esquerda, pelos quais se
            posicionaram introdutores valvulados longos 12 F; e dois acessos inferiores, em ambas as
            artérias femorais, nas quais se posicionaram introdutores valvulados longos 6 F. Através
            dos acessos superiores, foram passados fios-guias extrassuporte
               Amplatz<sup>&#x00AE;</sup> (Boston Scientific Corporation, Natick, Estados Unidos)
            nas artérias viscerais que seriam abordadas: artéria renal direita, artéria mesentérica
            superior e artéria renal esquerda. Os acessos inferiores foram utilizados para o
            posicionamento da endoprótese aórtica sobre o fio-guia Lunderquist<sup>&#x00AE;</sup>
            (Cook Inc, Bloomington, Estados Unidos) com o auxílio do cateter
               <italic>pigtail</italic> centimetrado, mantido na aorta abdominal, através do acesso
            femoral esquerdo (<xref ref-type="fig" rid="f02">Figura 2A</xref>). A seguir, foram
            implantados stents revestidos autoexpansíveis Fluency<sup>&#x00AE;</sup> (C. R. Bard
            Inc, Tempe, Estados Unidos) de 6 x 80 mm, em ambas as artérias renais, e de 8 x 60 mm,
            na artéria mesentérica superior; e a endoprótese aórtica Excluder<sup>&#x00AE;</sup>
               (Gore<sup>&#x00AE;</sup>, Flagstaff, Estados Unidos) foi posicionada abaixo do nível
            da extremidade proximal desses stents (<xref ref-type="fig" rid="f02">Figura
            2B</xref>).</p>
			<fig id="f02">
				<label>Figura 2</label>
				<caption>
					<title>Posicionamento dos fios-guia na aorta, artéria mesentérica superior e artérias
                  renais direita e esquerda (A). Próteses prontas para serem liberadas (B)</title>
				</caption>
				<graphic xlink:href="0104-1843-rbci-22-04-0386-gf02.tif"/>
			</fig>
			<p>Após confirmação angiográfica do correto posicionamento das próteses, foi liberada a
            endoprótese aórtica e, a seguir, cada um dos stents viscerais. O segmento contralateral
            da endoprótese aórtica foi, então, conectado ao corpo principal da mesma e,
            posteriormente, foram realizadas angiografias de controle das artérias ilíacas, dos
            ramos viscerais e do corpo principal da endoprótese aórtica, sendo verificada a ausência
            de <italic>endoleaks</italic>, com exclusão completa do aneurisma e manutenção da
            perviedade dos ramos envolvidos, sem a necessidade da utilização de balões ou stents
            adicionais.</p>
			<p>O paciente apresentou evolução muito favorável, tendo alta hospitalar no 4º dia
            pós-intervenção. Foi realizado controle tomográfico no 3º dia de evolução, e foram
            planejados novos controles aos 30 dias, 6, 12 e 18 meses após o procedimento. A
            tomografia computadorizada foi realizada com a finalidade de observar a patência dos
            stents viscerais, o posicionamento deles acima do nível da endoprótese aórtica, a
            exclusão do aneurisma e a existência de vazamentos (<xref ref-type="fig" rid="f03">Figura 3</xref>).</p>
			<fig id="f03">
				<label>Figura 3</label>
				<caption>
					<title>Reconstrução tomográfica da aorta abdominal após o implante de endoprótese e
                  stents nas artérias renais (A) e na artéria mesentérica superior (B). Controle
                  tomográfico demonstrando exclusão do aneurisma em toda sua extensão e ausência de
                  vazamentos (C a E)</title>
				</caption>
				<graphic xlink:href="0104-1843-rbci-22-04-0386-gf03.tif"/>
			</fig>
		</sec>
		<sec sec-type="discussions">
			<title>DISCUSSÃO</title>
			<p>O tratamento endovascular do aneurisma de aorta abdominal com colo desfavorável para a
            fixação da endoprótese ou com comprometimento de vasos viscerais e sinais de urgência se
            tornou mais recentemente realidade com o desenvolvimento da técnica de chaminé. Esta se
            mostrou uma alternativa à complexa cirurgia aberta convencional, especialmente em
            pacientes de elevado risco cirúrgico, como aqueles com doença pulmonar grave, disfunção
            ventricular esquerda, insuficiência renal, idade avançada ou presença de múltiplas
            comorbidades.</p>
			<p>Embora estudos robustos ainda se façam necessários, a técnica de chaminé tem se mostrado
            promissora por permitir o reparo endovascular do aneurisma aórtico, seja em casos
            eletivos programados, bem como em situações de urgência/emergência ou, em último caso,
            como método de resgate de uma artéria visceral acidentalmente ocluída por uma
            endoprótese aórtica.</p>
			<p>Em situações de urgência, o emprego da técnica de chaminé mostrou ser um método valioso
            e tem sido utilizado como uma alternativa segura, menos dispendiosa e, por vezes,
            preferível em relação às próteses ramificadas e fenestradas, por prescindir de tempo
            para sua confecção e mostrar-se uma excelente opção, especialmente em casos em que o
            tempo é um fator limitante.</p>
			<p>As contraindicações para a realização dessa técnica incluem dissecção ou estenose da
            aorta ou outros fatores que reduzam o diâmetro luminal do vaso, limitando o espaço
            disponível para o adequado posicionamento da endoprótese aórtica e dos stents viscerais
            em paralelo.<xref ref-type="bibr" rid="B07">7</xref>
			</p>
			<p>Um bom planejamento é fundamental para o sucesso do procedimento. A zona proximal em que
            a prótese é ancorada deve ser cuidadosamente estudada, bem como os ramos viscerais a
            serem envolvidos, o arco aórtico e os acessos arteriais axilares. É desejável uma
            sobreposição da endoprotése, além de stents viscerais de pelo menos 20 mm, a fim de se
            evitar a ocorrência de vazamentos. Sabe-se que o vazamento tipo I e as complicações
            decorrentes da inserção desses dispositivos são os problemas mais comumente
               relatados.<xref ref-type="bibr" rid="B08">8</xref>
			</p>
			<p>Estudo recentemente publicado apresentou dados de 77 pacientes acompanhados por 2 anos
            após o tratamento de aneurisma aórtico complexo com envolvimento de vasos viscerais
            empregando a técnica de chaminé.A taxa de sucesso desse procedimento foi de 99%, com
            redução ou manutenção do diâmetro do aneurisma em 95% dos casos e patência dos vasos
            viscerais abordados de 98%. Não foi observada nenhuma migração de stent ou surgimento de
            vazamentos. A função renal se manteve estável em todos os pacientes. Esses dados
            suportam a segurança e a efetividade desse método para a correção do aneurisma abdominal
            com manutenção de fluxo sanguíneo adequado para os vasos viscerais envolvidos em médio
               prazo.<xref ref-type="bibr" rid="B09">9</xref>
			</p>
		</sec>
	</body>
	<back>
		<fn-group>
			<fn fn-type="financial-disclosure">
				<p>FONTE DE FINANCIAMENTO</p>
				<p>Não há.</p>
			</fn>
		</fn-group>
		<ref-list>
			<title>REFERÊNCIAS</title>
			<ref id="B01">
				<label>1</label>
				<mixed-citation>Ohrlander T, Sonesson B, Ivancev K, Resch T, Dias N, Malina M. The chimney graft: a technique for preserving or rescuing aortic branch vessels in stent-graft sealing zones. J Endovasc Ther. 2008;15(4):427-32.</mixed-citation>
				<element-citation publication-type="journal">
					<person-group person-group-type="author">
						<name>
							<surname>Ohrlander</surname>
							<given-names>T</given-names>
						</name>
						<name>
							<surname>Sonesson</surname>
							<given-names>B</given-names>
						</name>
						<name>
							<surname>Ivancev</surname>
							<given-names>K</given-names>
						</name>
						<name>
							<surname>Resch</surname>
							<given-names>T</given-names>
						</name>
						<name>
							<surname>Dias</surname>
							<given-names>N</given-names>
						</name>
						<name>
							<surname>Malina</surname>
							<given-names>M</given-names>
						</name>
					</person-group>
					<article-title>The chimney graft: a technique for preserving or rescuing aortic branch vessels in stent-graft sealing zones</article-title>
					<source>J Endovasc Ther</source>
					<year>2008</year>
					<volume>15</volume>
					<issue>4</issue>
					<fpage>427</fpage>
					<lpage>432</lpage>
				</element-citation>
			</ref>
			<ref id="B02">
				<label>2</label>
				<mixed-citation>Schermerhorn ML, O'Malley AJ, Jhaveri A, Cotterill P, Pomposelli F, Landon BE. Endovascular vs. open repair of abdominal aortic aneurysms in the Medicare population. N Engl J Med. 2008;358(5):464-74.</mixed-citation>
				<element-citation publication-type="journal">
					<person-group person-group-type="author">
						<name>
							<surname>Schermerhorn</surname>
							<given-names>ML</given-names>
						</name>
						<name>
							<surname>O'Malley</surname>
							<given-names>AJ</given-names>
						</name>
						<name>
							<surname>Jhaveri</surname>
							<given-names>A</given-names>
						</name>
						<name>
							<surname>Cotterill</surname>
							<given-names>P</given-names>
						</name>
						<name>
							<surname>Pomposelli</surname>
							<given-names>F</given-names>
						</name>
						<name>
							<surname>Landon</surname>
							<given-names>BE</given-names>
						</name>
					</person-group>
					<article-title>Endovascular vs. open repair of abdominal aortic aneurysms in the Medicare population</article-title>
					<source>N Engl J Med</source>
					<year>2008</year>
					<volume>358</volume>
					<issue>5</issue>
					<fpage>464</fpage>
					<lpage>474</lpage>
				</element-citation>
			</ref>
			<ref id="B03">
				<label>3</label>
				<mixed-citation>Lederle FA, Freischlag JA, Tassos C, Kyriakides TC, Padberg FT Jr., Matsumura JS, et al.; Open Versus Endovascular Repair (OVER) Veterans Affairs Cooperative Study Group. Outcomes following endovascular vs. open repair of abdominal aortic aneurysm: A randomized trial. JAMA 2009;302(14):1535-42.</mixed-citation>
				<element-citation publication-type="journal">
					<person-group person-group-type="author">
						<name>
							<surname>Lederle</surname>
							<given-names>FA</given-names>
						</name>
						<name>
							<surname>Freischlag</surname>
							<given-names>JA</given-names>
						</name>
						<name>
							<surname>Tassos</surname>
							<given-names>C</given-names>
						</name>
						<name>
							<surname>Kyriakides</surname>
							<given-names>TC</given-names>
						</name>
						<name>
							<surname>Padberg</surname>
							<given-names>FT</given-names>
							<suffix>Jr</suffix>
						</name>
						<name>
							<surname>Matsumura</surname>
							<given-names>JS</given-names>
						</name>
						<etal/>
					</person-group>
					<article-title>Open Versus Endovascular Repair Veterans Affairs Cooperative Study Group Outcomes following endovascular vs. open repair of abdominal aortic aneurysm: A randomized trial</article-title>
					<source>JAMA</source>
					<year>2009</year>
					<volume>302</volume>
					<issue>14</issue>
					<fpage>1535</fpage>
					<lpage>1542</lpage>
				</element-citation>
			</ref>
			<ref id="B04">
				<label>4</label>
				<mixed-citation>Allaqaband S, Jan MF, Bajwa T. "The chimney graft"-a simple technique for endovascular repair of complex juxtarenal abdominal aortic aneurysms in no-option patients. Catheter Cardiovasc Interv. 2010;75(7):1111-5.</mixed-citation>
				<element-citation publication-type="journal">
					<person-group person-group-type="author">
						<name>
							<surname>Allaqaband</surname>
							<given-names>S</given-names>
						</name>
						<name>
							<surname>Jan</surname>
							<given-names>MF</given-names>
						</name>
					</person-group>
					<article-title>Bajwa T "The chimney graft"-a simple technique for endovascular repair of complex juxtarenal abdominal aortic aneurysms in no-option patients </article-title>
					<source>Catheter Cardiovasc Interv</source>
					<year>2010</year>
					<volume>75</volume>
					<issue>7</issue>
					<fpage>1111</fpage>
					<lpage>1115</lpage>
				</element-citation>
			</ref>
			<ref id="B05">
				<label>5</label>
				<mixed-citation>Malina M, Resch T, Sonesson B. EVAR and complex anatomy: an update on fenestrated and branched stent grafts. Scand J Surg. 2008;97(2):195-204.</mixed-citation>
				<element-citation publication-type="journal">
					<person-group person-group-type="author">
						<name>
							<surname>Malina</surname>
							<given-names>M</given-names>
						</name>
						<name>
							<surname>Resch</surname>
							<given-names>T</given-names>
						</name>
						<name>
							<surname>Sonesson</surname>
							<given-names>B</given-names>
						</name>
					</person-group>
					<article-title>EVAR and complex anatomy: an update on fenestrated and branched stent grafts</article-title>
					<source>Scand J Surg</source>
					<year>2008</year>
					<volume>97</volume>
					<issue>2</issue>
					<fpage>195</fpage>
					<lpage>204</lpage>
				</element-citation>
			</ref>
			<ref id="B06">
				<label>6</label>
				<mixed-citation>Greenberg RK, Clair D, Srivastava S, Bhandari G, Turc A, Hampton J, et al. Should patients with challenging anatomy be offered endovascular aneurysm repair? J Vasc Surg. 2003;38:990-6.</mixed-citation>
				<element-citation publication-type="journal">
					<person-group person-group-type="author">
						<name>
							<surname>Greenberg</surname>
							<given-names>RK</given-names>
						</name>
						<name>
							<surname>Clair</surname>
							<given-names>D</given-names>
						</name>
						<name>
							<surname>Srivastava</surname>
							<given-names>S</given-names>
						</name>
						<name>
							<surname>Bhandari</surname>
							<given-names>G</given-names>
						</name>
						<name>
							<surname>Turc</surname>
							<given-names>A</given-names>
						</name>
						<name>
							<surname>Hampton</surname>
							<given-names>J</given-names>
						</name>
						<etal/>
					</person-group>
					<article-title>Should patients with challenging anatomy be offered endovascular aneurysm repair?</article-title>
					<source>J Vasc Surg</source>
					<year>2003</year>
					<volume>38</volume>
					<fpage>990</fpage>
					<lpage>996</lpage>
				</element-citation>
			</ref>
			<ref id="B07">
				<label>7</label>
				<mixed-citation>Mosquera Arochena NM, Rodriguez Feijoo G, Carballo Fernandez C, Molina Herrero F, Fernandez Lebrato R, Barrios Castro A, et al. Use of modified Sandwich-graft technique to preserve hypogastric artery in EVAR treatment of complex aortic aneurysm anatomy. J Cardiovasc Surg (Torino). 2011;52(5):643-9.</mixed-citation>
				<element-citation publication-type="journal">
					<person-group person-group-type="author">
						<name>
							<surname>Mosquera Arochena</surname>
							<given-names>NM</given-names>
						</name>
						<name>
							<surname>Rodriguez Feijoo</surname>
							<given-names>G</given-names>
						</name>
						<name>
							<surname>Carballo Fernandez</surname>
							<given-names>C</given-names>
						</name>
						<name>
							<surname>Molina Herrero</surname>
							<given-names>F</given-names>
						</name>
						<name>
							<surname>Fernandez Lebrato</surname>
							<given-names>R</given-names>
						</name>
						<name>
							<surname>Barrios Castro</surname>
							<given-names>A</given-names>
						</name>
						<etal/>
					</person-group>
					<article-title>Use of modified Sandwich-graft technique to preserve hypogastric artery in EVAR treatment of complex aortic aneurysm anatomy</article-title>
					<source>J Cardiovasc Surg (Torino)</source>
					<year>2011</year>
					<volume>52</volume>
					<issue>5</issue>
					<fpage>643</fpage>
					<lpage>649</lpage>
				</element-citation>
			</ref>
			<ref id="B08">
				<label>8</label>
				<mixed-citation>Patel RP, Katsargyris A, Verhoeven EL, Adam DJ, Hardman JA. Endovascular aortic aneurysm repair with chimney and snorkel grafts: indications, techniques and results. Cardiovasc Intervent Radiol. 2013;36(6):1443-51.</mixed-citation>
				<element-citation publication-type="journal">
					<person-group person-group-type="author">
						<name>
							<surname>Patel</surname>
							<given-names>RP</given-names>
						</name>
						<name>
							<surname>Katsargyris</surname>
							<given-names>A</given-names>
						</name>
						<name>
							<surname>Verhoeven</surname>
							<given-names>EL</given-names>
						</name>
						<name>
							<surname>Adam</surname>
							<given-names>DJ</given-names>
						</name>
						<name>
							<surname>Hardman</surname>
							<given-names>JA</given-names>
						</name>
					</person-group>
					<article-title>Endovascular aortic aneurysm repair with chimney and snorkel grafts: indications, techniques and results</article-title>
					<source>Cardiovasc Intervent Radiol</source>
					<year>2013</year>
					<volume>36</volume>
					<issue>6</issue>
					<fpage>1443</fpage>
					<lpage>1451</lpage>
				</element-citation>
			</ref>
			<ref id="B09">
				<label>9</label>
				<mixed-citation>Lachat M, Veith FJ, Pfammatter T, Glenck M, Bettex D, Mayer D, et al. Chimney and periscope grafts observed over 2 years after their use to revascularize 169 renovisceral branches in 77 patients with complex aortic aneurysms. J Endovasc Ther. 2013;20(5):597-605.</mixed-citation>
				<element-citation publication-type="journal">
					<person-group person-group-type="author">
						<name>
							<surname>Lachat</surname>
							<given-names>M</given-names>
						</name>
						<name>
							<surname>Veith</surname>
							<given-names>FJ</given-names>
						</name>
						<name>
							<surname>Pfammatter</surname>
							<given-names>T</given-names>
						</name>
						<name>
							<surname>Glenck</surname>
							<given-names>M</given-names>
						</name>
						<name>
							<surname>Bettex</surname>
							<given-names>D</given-names>
						</name>
						<name>
							<surname>Mayer</surname>
							<given-names>D</given-names>
						</name>
						<etal/>
					</person-group>
					<article-title>Chimney and periscope grafts observed over 2 years after their use to revascularize 169 renovisceral branches in 77 patients with complex aortic aneurysms</article-title>
					<source>J Endovasc Ther</source>
					<year>2013</year>
					<volume>20</volume>
					<issue>5</issue>
					<fpage>597</fpage>
					<lpage>605</lpage>
				</element-citation>
			</ref>
		</ref-list>
	</back>
	<sub-article article-type="translation" id="SA1" xml:lang="en">
		<front-stub>
			<article-categories>
				<subj-group subj-group-type="heading">
					<subject>CASE REPORTS</subject>
				</subj-group>
			</article-categories>
			<title-group>
				<article-title>Endovascular Repair of Abdominal Aortic Aneurism Using the Chimney Graft
               Technique</article-title>
			</title-group>
			<contrib-group>
				<contrib contrib-type="author">
					<name>
						<surname>Araujo</surname>
						<given-names>Adriano Gonçalves de</given-names>
					</name>
					<xref ref-type="aff" rid="aff02"/>
				</contrib>
				<contrib contrib-type="author">
					<name>
						<surname>Souza</surname>
						<given-names>Fábio Henrique Ribeiro de</given-names>
					</name>
					<xref ref-type="aff" rid="aff02"/>
				</contrib>
				<contrib contrib-type="author">
					<name>
						<surname>Fernandes</surname>
						<given-names>Fernando Henrique</given-names>
					</name>
					<xref ref-type="aff" rid="aff02"/>
				</contrib>
				<contrib contrib-type="author">
					<name>
						<surname>Barbosa</surname>
						<given-names>Flávio Passos</given-names>
					</name>
					<xref ref-type="aff" rid="aff02"/>
				</contrib>
				<contrib contrib-type="author">
					<name>
						<surname>Jatene</surname>
						<given-names>José Antônio</given-names>
					</name>
					<xref ref-type="aff" rid="aff02"/>
				</contrib>
				<contrib contrib-type="author">
					<name>
						<surname>Câmara</surname>
						<given-names>Paulo Cézar Guimarães</given-names>
					</name>
					<xref ref-type="aff" rid="aff02"/>
				</contrib>
			</contrib-group>
			<aff id="aff02">
				<institution content-type="original">ENCORE − Cardiologia e Radiologia Intervencionista, Goiânia, GO, Brazil</institution>
			</aff>
			<author-notes>
				<fn fn-type="conflict">
					<p>CONFLICTS OF INTEREST</p>
					<p>The authors declare no conflicts of interest.</p>
				</fn>
			</author-notes>
			<abstract>
				<p>An elderly patient with non-dialysis renal failure and oxygendependent chronic
               obstructive pulmonary disease was admitted to the emergency room with lancinating
               abdominal pain. Angiotomography of the abdomen revealed the presence of a large
               aortic aneurysm with involvement of visceral arteries. Due to the high surgical risk,
               endovascular repair was proposed, using the chimney graft technique for the
               preservation of the visceral vessels. This technique is promising because it enables
               endovascular repair of aneurysms, be it in elective cases, emergencies, or rescue of
               a visceral artery accidentally covered by an aortic stent graft.</p>
			</abstract>
			<kwd-group xml:lang="en">
				<kwd>Aortic aneurysm</kwd>
				<kwd>Aorta, abdominal</kwd>
				<kwd>Endovascular procedures</kwd>
				<kwd>Stents</kwd>
				<kwd>Treatment outcome</kwd>
			</kwd-group>
		</front-stub>
		<body>
			<p>The endovascular treatment of abdominal aortic aneurysms has been established in the
            last two decades as a minimally-invasive alternative to classical open surgery, thus
            becoming the procedure of choice for elderly and high surgical-risk patients. This is
            due to the fact that the technique is associated with significant decrease in operative
            time, blood loss volume, hospital length of stay, and morbimortality in the first 30
            days postoperatively; it also allows for the use of anesthetic techniques that dispense
            the use of mechanical ventilation.<xref ref-type="bibr" rid="B01">1</xref>
				<sup>,</sup>
				<xref ref-type="bibr" rid="B02">2</xref>
			</p>
			<p>However, 20% to 50% of patients with abdominal aortic aneurysm do not have favorable
            anatomy for endovascular treatment, due to the presence of short infrarenal neck or even
            the involvement of visceral branches by the aneurysm. Due to the high surgical risk of
            these patients, endovascular technique modifications have emerged as a viable
               alternative.<xref ref-type="bibr" rid="B03">3</xref>
			</p>
			<p>The first of these options is the use of fenestrated and branched stent grafts, which
            are custom-made for each patient. Given the lack of prompt availability of these
            endoprosthesis, several centers have proposed the chimney technique alternative as an
            adjunct measure to extend the proximal neck in patients with juxtarenal or suprarenal
            aneurysms. <xref ref-type="bibr" rid="B04">4</xref>
				<sup>,</sup>
				<xref ref-type="bibr" rid="B05">5</xref>
			</p>
			<p>The chimney technique, initially described by Greenberg et al. in 2003,<xref ref-type="bibr" rid="B06">6</xref> is based on stent implantation in the visceral
            vessels in parallel to the main body of the endoprosthesis, thus allowing the proximal
            neck of the latter to be located in the most proximal portion of the aorta, but without
            impairing blood flow to the visceral branches.</p>
			<p>The present article reports the case of an elderly patient with several comorbidities,
            treated at the emergency department, in whom a large abdominal aortic aneurysm was
            diagnosed, which involved the renal and superior mesenteric arteries, and was treated
            with minimally-invasive surgery using the chimney technique.</p>
			<sec sec-type="cases">
				<title>CASE REPORT</title>
				<p>The 77-year-old male patient was admitted to the emergency room of this institution,
               presenting with excruciating abdominal pain, which had started approximately 3 hours
               before. On physical examination, he had good overall status and a large, pulsatile
               abdominal mass. He had severe chronic obstructive pulmonary disease and was in home
               oxygen therapy. He also had systemic arterial hypertension, was a smoker, and had
               chronic renal failure that did not require dialysis. He underwent an abdominal
               angiography, which disclosed the presence of a large abdominal aortic aneurysm with
               visceral artery involvement (<xref ref-type="fig" rid="f04">Figure 1</xref>).</p>
				<p>Although initially there was no rupture sign, given the clinical and computed
               tomography (CT) findings, the diagnosis was that of an expanding aneurysm, and
               invasive treatment was proposed for this emergency situation.</p>
				<fig id="f04">
					<label>Figure 1</label>
					<caption>
						<title>Abdominal computed tomography. Saccular and fusiform aneurysm of the
                     abdominal aorta (A). Dilation of the abdominal aorta at the level of the celiac
                     trunk (B). Saccular aneurysm (77 mm) of the abdominal aorta, involving the
                     renal arteries (C). Fusiform aneurysm (58 mm) of the abdominal aorta below the
                     level of the renal arteries (D).</title>
					</caption>
					<graphic xlink:href="0104-1843-rbci-22-04-0386-gf01-en.tif"/>
				</fig>
				<p>The following therapeutic options were considered: (1) conventional surgical
               treatment; (2) endovascular treatment with fenestrated or branched stent graft
               implantation; and (3) endovascular treatment with endoprosthesis implantation using
               the chimney technique, aiming at visceral artery preservation.</p>
				<p>The patient underwent conscious sedation and a continuous epidural anesthesia was
               administered. Subsequently, five arterial accesses were obtained, three in the upper
               limbs, in both brachial arteries and in the left axillary artery, through which long
               valved 12-F sheaths were introduced; and two lower-limb accesses, in both femoral
               arteries, through which two long valved 6-F sheaths were introduced. Through the
               upper-limb accesses, Amplatz Super Stiff <sup>TM</sup> guide wires (Boston Scientific
               Corporation, Natick, United Stated) were passed in the visceral arteries that would
               be addressed: right renal artery, superior mesenteric artery, and left renal artery.
               The lower accesses were used for the positioning of the aortic endoprosthesis over
               the Lunderquist<sup>&#x00AE;</sup> guide wire (Cook Inc, Bloomington, Indiana, United
               States) with the aid of a calibrated pigtail catheter, maintained in the abdominal
               aorta through the left femoral artery (<xref ref-type="fig" rid="f05">Figure
                  2A</xref>). Subsequently, coated, self-expanding 6 &#x00D7; 80 mm
                  Fluency<sup>&#x00AE;</sup> stents (C.R. Bard Inc, Tempe, United States) were
               implanted in both renal arteries, whereas an 8 &#x00D7; 60 mm one was implanted in
               the superior mesenteric artery; the aortic endoprosthesis Excluder<sup>&#x00AE;</sup>
                  (GORE<sup>&#x00AE;</sup>, Flagstaff, United States) was positioned below the level
               of the proximal extremity of these stents (<xref ref-type="fig" rid="f05">Figure
                  2B</xref>).</p>
				<fig id="f05">
					<label>Figure 2</label>
					<caption>
						<title>Positioning of guide wires in the aorta, superior mesenteric artery, and
                     right and left renal arteries (A). Prostheses ready to be released (B)</title>
					</caption>
					<graphic xlink:href="0104-1843-rbci-22-04-0386-gf02-en.tif"/>
				</fig>
				<p>After angiographic confirmation that the prostheses were correctly positioned, the
               aortic endoprosthesis was released, followed by each of the visceral stents. The
               contralateral segment of the aortic endoprosthesis was then attached to its main
               body. Subsequently, control angiographies of the iliac arteries, of the visceral
               branches and the main body of the aortic endoprosthesis demonstrated the absence of
               endoleaks with complete aneurysm exclusion while maintaining the patency of the
               involved branches, without the use of additional stents or balloons.</p>
				<p>The patient had very favorable evolution and was discharged on the fourth day
               post-intervention. Tomographic control was performed on the third day of evolution
               and new control CTs were planned at 30 days, 6, 12, and 18 months after the
               procedure. The CT assessment was performed aiming to verify the patency of the
               visceral stents and whether they were positioned above the level of the aortic
               endoprosthesis, aneurysm exclusion, and the presence of leaks (<xref ref-type="fig" rid="f06">Figure 3</xref>).</p>
				<fig id="f06">
					<label>Figure 3</label>
					<caption>
						<title>Tomographic reconstruction of the abdominal aorta after endoprosthesis and
                     stent implantation in the renal arteries (A) and superior mesenteric artery
                     (B). Control computed tomography showing complete aneurysm exclusion and
                     absence of leaks (C to E)</title>
					</caption>
					<graphic xlink:href="0104-1843-rbci-22-04-0386-gf03-en.tif"/>
				</fig>
			</sec>
			<sec sec-type="discussions">
				<title>DISCUSSION</title>
				<p>The endovascular treatment of abdominal aortic aneurysm with unfavorable neck for
               endoprosthesis fixation or visceral vessel impairment and emergency signs has
               recently become a reality, after the development of the chimney technique. This was
               shown to be an alternative to the complex conventional open surgery, especially in
               high-risk surgical patients such as those with severe pulmonary disease, left
               ventricular dysfunction, renal failure, older age, or presence of multiple
               comorbidities.</p>
				<p>Although robust studies are still necessary, the chimney technique was shown to be
               promising as it allows for aortic aneurysm endovascular repair, either in scheduled
               elective cases or in urgency/emergency situations or, ultimately, as a rescue method
               for a visceral artery accidentally occluded by an aortic endoprosthesis.</p>
				<p>In emergency situations, the chimney technique is a valuable method and has been used
               as a safe, less expensive alternative. It is sometimes preferred over the branched
               and fenestrated prostheses, as it eliminates the time needed for prosthesis
               manufacture, thus being an excellent choice, especially in cases where time is a
               limiting factor.</p>
				<p>The contraindications for the performance of this technique include aortic dissection
               or stenosis, or other factors that reduce the vessel luminal diameter, limiting the
               space available for adequate placement of the aortic endoprosthesis and visceral
               stents in parallel.<xref ref-type="bibr" rid="B07">7</xref>
				</p>
				<p>Good planning is critical to a successful procedure. The proximal zone in which the
               prosthesis is anchored must be carefully assessed, as well as the involved visceral
               branches, the aortic arch, and the axillary arterial access. An overlap of the
               endoprosthesis is desirable, in addition to visceral stents of at least 20 mm, in
               order to prevent the occurrence of leaks. Type-I endoleaks and complications due to
               the insertion of these devices are the most commonly reported problems. <xref ref-type="bibr" rid="B08">8</xref>
				</p>
				<p>A recently published study presented data on 77 patients followed-up for two years
               after treatment of complex aortic aneurysm involving the visceral vessels, using the
               chimney technique. The success rate of this procedure was 99%, with aneurysm diameter
               reduction or maintenance in 95% of cases and patency of the approached visceral
               vessels of 98%. No stent migration or leaks were observed. Renal function remained
               stable in all patients. These data support the safety and effectiveness of this
               method for the correction of abdominal aneurysms, with adequate blood flow
               maintenance toinvolved visceral vessels in the medium-term.<xref ref-type="bibr" rid="B09">9</xref>
				</p>
			</sec>
		</body>
		<back>
			<fn-group>
				<fn fn-type="financial-disclosure">
					<p>FUNDING SOURCES</p>
					<p>None declared.</p>
				</fn>
			</fn-group>
		</back>
	</sub-article>
</article>
