<?xml version="1.0" encoding="utf-8"?>
<!DOCTYPE article PUBLIC "-//NLM//DTD JATS (Z39.96) Journal Publishing DTD v1.0 20120330//EN" "JATS-journalpublishing1.dtd">
<article xmlns:xlink="http://www.w3.org/1999/xlink" xmlns:mml="http://www.w3.org/1998/Math/MathML" dtd-version="1.0" specific-use="sps-1.1" article-type="research-article" xml:lang="pt">
	<front>
		<journal-meta>
			<journal-id journal-id-type="publisher-id">rbci</journal-id>
			<journal-title-group>
				<journal-title>Revista Brasileira de Cardiologia Invasiva</journal-title>
				<abbrev-journal-title abbrev-type="publisher">Rev. Bras. Cardiol.
               Invasiva</abbrev-journal-title>
			</journal-title-group>
			<issn pub-type="ppub">0104-1843</issn>
			<issn pub-type="epub">2179-8397</issn>
			<publisher>
				<publisher-name>Sociedade Brasileira de Hemodinâmica e Cardiologia
               Intervencionista</publisher-name>
			</publisher>
		</journal-meta>
		<article-meta>
			<article-id pub-id-type="doi">10.1590/0104-1843000000058</article-id>
			<article-categories>
				<subj-group subj-group-type="heading">
					<subject>ARTIGOS ORIGINAIS</subject>
				</subj-group>
			</article-categories>
			<title-group>
				<article-title>Comparação entre os Tempos de Procedimento e Fluoroscopia e o Volume de
               Contraste das Vias de Acesso Radial e Femoral em Pacientes Submetidos a Cateterismo
               Cardíaco</article-title>
			</title-group>
			<contrib-group>
				<contrib contrib-type="author">
					<name>
						<surname>Vargas</surname>
						<given-names>Túlio Torres</given-names>
					</name>
					<xref ref-type="aff" rid="aff01"/>
					<xref ref-type="corresp" rid="c01"/>
				</contrib>
				<contrib contrib-type="author">
					<name>
						<surname>Campos</surname>
						<given-names>Barbara Cardoso</given-names>
					</name>
					<xref ref-type="aff" rid="aff01"/>
				</contrib>
				<contrib contrib-type="author">
					<name>
						<surname>Soares</surname>
						<given-names>Naury de Jesus Danzi</given-names>
					</name>
					<xref ref-type="aff" rid="aff01"/>
				</contrib>
				<contrib contrib-type="author">
					<name>
						<surname>Vitorino</surname>
						<given-names>Luciano Magalhães</given-names>
					</name>
					<xref ref-type="aff" rid="aff01"/>
				</contrib>
				<contrib contrib-type="author">
					<name>
						<surname>Ibrahim</surname>
						<given-names>Samir Duarte</given-names>
					</name>
					<xref ref-type="aff" rid="aff01"/>
				</contrib>
				<contrib contrib-type="author">
					<name>
						<surname>Janella</surname>
						<given-names>Bruno Laurenti</given-names>
					</name>
					<xref ref-type="aff" rid="aff01"/>
				</contrib>
				<aff id="aff01">
					<institution content-type="orgname">Faculdade de Medicina de Itajubá</institution>
					<institution content-type="orgdiv1">Hospital Escola</institution>
					<addr-line>
						<named-content content-type="city">Itajubá</named-content>
						<named-content content-type="state">MG</named-content>
					</addr-line>
					<country country="BR">Brasil</country>
					<institution content-type="original">Hospital Escola da Faculdade de Medicina de
                  Itajubá, Itajubá, MG, Brasil.</institution>
				</aff>
			</contrib-group>
			<author-notes>
				<corresp id="c01">
					<bold>Correspondência:</bold> Túlio Torres Vargas. Rua Presidente
               Roosevelt, 33, sala 6 - Morro Chic - CEP: 37500-070 - Itajubá, MG, Brasil E-mail:
                  <email>tt.vargas@uol.com.br</email>
				</corresp>
				<fn fn-type="conflict">
					<p>
						<bold>CONFLITO DE INTERESSES</bold>
					</p>
					<p>Não há.</p>
				</fn>
			</author-notes>
			<pub-date pub-type="epub-ppub">
				<season>Oct-Dec</season>
				<year>2015</year>
			</pub-date>
			<volume>22</volume>
			<issue>4</issue>
			<fpage>349</fpage>
			<lpage>352</lpage>
			<history>
				<date date-type="received">
					<day>02</day>
					<month>09</month>
					<year>2014</year>
				</date>
				<date date-type="accepted">
					<day>27</day>
					<month>11</month>
					<year>2014</year>
				</date>
			</history>
			<permissions>
				<license license-type="open-access" xlink:href="http://creativecommons.org/licenses/by-nc/3.0/">
					<license-p>Este é um artigo publicado em acesso aberto (Open Access) sob a licença
                  Creative Commons Attribution NonCommercial, que permite uso, distribuição e
                  reprodução em qualquer meio, sem restrições desde que sem fins comerciais e que o
                  trabalho original seja corretamente citado.</license-p>
				</license>
			</permissions>
			<abstract>
				<sec>
					<title>Introdução:</title>
					<p>Há controvérsias na literatura quanto às vantagens da via radial para cateterismos
                  diagnósticos comparadas às da via femoral. O objetivo deste estudo foi comparar o
                  acesso pelas vias radial e femoral quanto aos tempos de procedimento e de
                  fluoroscopia, e ao volume de contraste utilizado.</p>
				</sec>
				<sec>
					<title>Métodos:</title>
					<p>Estudo observacional, retrospectivo, realizado por meio de análise documental de
                  registros de pacientes submetidos consecutivamente ao cateterismo cardíaco, nos
                  meses de julho de 2012 a dezembro de 2013.</p>
				</sec>
				<sec>
					<title>Resultados:</title>
					<p>Foram analisados 192 pacientes, sendo a via radial utilizada em 78,1% dos casos. A
                  idade dos pacientes foi de 63,1 ± 11,9 anos, a maioria era do sexo masculino
                  (55,7%) e 21,4% eram diabéticos. O tempo do procedimento foi menor no grupo radial
                  12,0 minutos (9,0 a 17,2 minutos) vs. 18,3 minutos (12,0 a 34,5 minutos),
                     <italic>p</italic> &lt; 0,01. O tempo de fluoroscopia foi de 270,0 segundos
                  (180,0 a 389,5 segundos) vs. 244,0 segundos (175,3 a 705,0 segundos), sem
                  diferença entre os grupos (<italic>p</italic> = 0,59). O volume de contraste foi
                  menor nos pacientes avaliados por via radial 100,0 mL (75,0 a 117,5 mL) vs. 100,0
                  mL (80,0 a 150,0 mL), <italic>p</italic> &lt; 0,01.</p>
				</sec>
				<sec>
					<title>Conclusões:</title>
					<p>Em nosso laboratório, que privilegiou a via radial como via de acesso para
                  cateterismos cardíacos, os tempos do procedimento e de fluoroscopia, bem como o
                  volume de contraste, foram menores ou comparáveis aos da abordagem femoral.</p>
				</sec>
			</abstract>
			<kwd-group xml:lang="pt">
				<kwd>Cateterismo cardíaco</kwd>
				<kwd>Fluoroscopia</kwd>
				<kwd>Meios de contraste</kwd>
				<kwd>Artéria radial</kwd>
				<kwd>Artéria femoral</kwd>
			</kwd-group>
			<counts>
				<fig-count count="4"/>
				<table-count count="4"/>
				<equation-count count="0"/>
				<ref-count count="14"/>
				<page-count count="4"/>
			</counts>
		</article-meta>
	</front>
	<body>
		<p>A via de acesso radial tem sido cada vez mais utilizada para procedimentos diagnósticos e
         terapêuticos percutâneos no Brasil e no mundo. Estudos demonstraram que a utilização da via
         radial traz maior conforto ao paciente, e diminui o risco de sangramento, as complicações
         vasculares e o tempo de internação hospitalar, além de reduzir custos.<xref ref-type="bibr" rid="B01">1</xref>
			<sup>-</sup>
			<xref ref-type="bibr" rid="B03">3</xref> No entanto, há
         dados conflitantes quanto ao uso da via radial, em relação à quantidade de contraste e à
         maior exposição à radiação ionizante, o que pode estar relacionado à curva de aprendizado
         do operador ou ao tipo de procedimento.<xref ref-type="bibr" rid="B04">4</xref>
			<sup>,</sup>
			<xref ref-type="bibr" rid="B05">5</xref>
		</p>
		<p>Dentro desse contexto, foi realizado este estudo com o objetivo de comparar as vias de
         acesso radial e femoral, em relação aos tempos total do procedimento e de fluoroscopia,
         além do volume de contraste utilizado em pacientes submetidos ao cateterismo cardíaco.</p>
		<sec sec-type="methods">
			<title>MÉTODOS</title>
			<sec>
				<title>Delineamento do estudo</title>
				<p>Tratou-se de um estudo observacional, retrospectivo, realizado por meio de análise
               documental dos registros de todos os pacientes submetidos à cineangiocoronariografia
               no Serviço de Hemodinâmica e Cardiologia Intervencionista do Hospital Escola da
               Faculdade de Medicina de Itajubá, em Minas Gerais, no período de junho de 2012 a
               dezembro de 2013. Cada paciente teve o registro de seus dados arquivado no Serviço de
               Hemodinâmica sob a responsabilidade do cardiologista e da enfermeira da unidade.
               Foram excluídos os registros de pacientes submetidos à revascularização cirúrgica do
               miocárdio prévia ou à angioplastia <italic>ad hoc</italic>. Os registros que possuíam
               dados insuficientes para realização da coleta dos dados também foram excluídos.</p>
				<p>O projeto foi aprovado pelo Comitê de Ética e Pesquisa da Plataforma Brasil, de
               acordo com o protocolo CAE 25235413.0.</p>
			</sec>
			<sec>
				<title>Variáveis de interesse</title>
				<p>As variáveis selecionadas para análise foram idade, sexo, índice de massa corporal
               (IMC), <italic>diabetes mellitus</italic>, hipertensão arterial e cateterismo
               cardíaco prévio. Foram também analisadas as vias de acesso (radial ou femoral), o
               volume total do contraste utilizado, os tempos de fluoroscopia e total do
               procedimento. Os dados foram coletados da descrição feita pelo operador no
               instrumento de registro do paciente. Essas variáveis foram organizadas e inseridas em
               um banco de dados Microsoft Excel<sup>®</sup> 2010.</p>
			</sec>
			<sec>
				<title>Análise estatística</title>
				<p>As variáveis categóricas foram apresentadas como frequências absolutas e relativas, e
               comparadas pelo teste qui quadrado. As variáveis contínuas foram apresentadas como
               média e desvio padrão, ou mediana, e intervalo interquartil, e foram comparadas pelo
               teste <italic>t</italic> de Student para dados que demonstraram normalidade (teste de
               Shapiro-Wilks). Caso contrário, foi utilizado um teste não paramétrico (U de
               Mann-Whitney). O coeficiente de correlação de Pearson foi utilizado para estimar as
               correlações entre as variáveis.</p>
				<p>Valor de p &lt; 0,05 foi considerado significativo. Os cálculos foram realizados com
               auxílio do <italic>software</italic> estatístico R 3.0.2 (R Core Team, 2014).</p>
			</sec>
		</sec>
		<sec sec-type="results">
			<title>RESULTADOS</title>
			<p>Um total de 291 pacientes submetidos à cinecoronariografia no período de junho de 2012 a
            dezembro de 2013 foi considerado para o estudo. Destes, 41 (14,1%) foram excluídos por
            indicação de angioplastia <italic>ad hoc</italic>, 31 (10,7%) por terem dados
            incompletos e 27 (9,3%) devido à revascularização prévia do miocárdio.</p>
			<p>Dos 192 pacientes incluídos nessa análise, observou-se que 150 (78,1%) foram submetidos
            à cineangiocoronariografia por via radial e 42 (21,9%) por via femoral. A média de idade
            dos pacientes foi de 63,1 ± 11,9 anos. A maioria era do sexo masculino (55,7%) e 21,4%
            eram diabéticos. Na comparação entre os grupos radial e femoral, não foram observadas
            diferenças em relação a idade, sexo, ou prevalência de <italic>diabetes
               mellitus</italic> e hipertensão arterial. No entanto, os pacientes do grupo radial
            apresentaram menos cateterismos diagnósticos prévios (<xref ref-type="table" rid="t01">Tabela 1</xref>).</p>
			<table-wrap id="t01">
				<label>TABELA 1</label>
				<caption>
					<title>Características clínicas dos pacientes submetidos à
                  cinecoronariografia</title>
				</caption>
				<table frame="hsides" rules="groups">
					<thead>
						<tr>
							<th>&#x00a0;</th>
							<th align="center">
								<bold>Total</bold>
								<bold> (n = 192)</bold>
							</th>
							<th align="center">
								<bold>Radial</bold>
								<bold> (n = 150)</bold>
							</th>
							<th align="center">
								<bold>Femoral</bold>
								<bold> (n = 42)</bold>
							</th>
							<th align="center">
								<bold>Valor de <italic>p</italic>
								</bold>
							</th>
						</tr>
					</thead>
					<tbody>
						<tr>
							<td>Idade, anos</td>
							<td align="center">63,1 &#x00B1; 11,9</td>
							<td align="center">62,4 &#x00B1; 11,2</td>
							<td align="center">65,8 &#x00B1; 14,0</td>
							<td align="center">0,14</td>
						</tr>
						<tr>
							<td>Sexo masculino, n (%)</td>
							<td align="center">107 (55,7)</td>
							<td align="center">89 (59,3)</td>
							<td align="center">18 (42,8)</td>
							<td align="center">0,09</td>
						</tr>
						<tr>
							<td>Índice de massa corporal, kg/m<sup>2</sup>
							</td>
							<td align="center">26,7 &#x00B1; 5,0</td>
							<td align="center">26,6 &#x00B1; 4,9</td>
							<td align="center">26,9 &#x00B1; 5,4</td>
							<td align="center">0,99</td>
						</tr>
						<tr>
							<td>
								<italic>Diabetes mellitus</italic>, n (%)</td>
							<td align="center">41 (21,4)</td>
							<td align="center">30 (20,0)</td>
							<td align="center">11 (26,2)</td>
							<td align="center">0,51</td>
						</tr>
						<tr>
							<td>Hipertensão arterial, n (%)</td>
							<td align="center">153 (79,7)</td>
							<td align="center">117 (78,0)</td>
							<td align="center">36 (85,7)</td>
							<td align="center">0,38</td>
						</tr>
						<tr>
							<td>Cateterismo cardíaco prévio, n (%)</td>
							<td align="center">62 (32,3)</td>
							<td align="center">39 (26,0)</td>
							<td align="center">23 (54,8)</td>
							<td align="center">&lt; 0,01</td>
						</tr>
					</tbody>
				</table>
			</table-wrap>
			<p>O tempo total do procedimento foi de 13,5 minutos (9,8 a 18,7 minutos), sendo
            significativamente menor no grupo radial: 12,0 minutos (9,0 a 17,2 minutos) vs. 18,3
            minutos (12,0 a 34,5 minutos), com <italic>p</italic> &lt; 0,01. O tempo de fluoroscopia
            foi de 266,0 segundos (180,0 a 411,5 segundos), sem diferença entre os grupos (<xref ref-type="table" rid="t02">Tabela 2</xref>). O volume de contraste utilizado foi
            menor nos pacientes avaliados por via radial, e, embora a mediana dos dois grupos tenha
            sido igual (100 mL), a variação no grupo femoral foi maior (<italic>p</italic> &lt;
            0,01) (<xref ref-type="fig" rid="f01">Figura 1</xref>).</p>
			<table-wrap id="t02">
				<label>TABELA 2</label>
				<caption>
					<title>Dados técnicos do procedimento</title>
				</caption>
				<table frame="hsides" rules="groups">
					<thead>
						<tr>
							<th>
								<bold>Variável</bold>
							</th>
							<th align="center">
								<bold>Total (n = 192)</bold>
							</th>
							<th align="center">
								<bold>Radial (n = 150)</bold>
							</th>
							<th align="center">
								<bold>Femoral (n = 42)</bold>
							</th>
							<th align="center">
								<bold>Valor de <italic>p</italic>
								</bold>
							</th>
						</tr>
					</thead>
					<tbody>
						<tr>
							<td>Tempo de procedimento, minutos</td>
							<td align="center">13,5 (9,8-18,7)</td>
							<td align="center">12,0 (9,0-17,2)</td>
							<td align="center">18,3 (12,0-34,5)</td>
							<td align="center">&lt; 0,01</td>
						</tr>
						<tr>
							<td>Tempo de fluoroscopia, segundos</td>
							<td align="center">266,0 (180,0-411,5)</td>
							<td align="center">270,0 (180,0-389,5)</td>
							<td align="center">244,0 (175,3-705,0)</td>
							<td align="center">0,59</td>
						</tr>
						<tr>
							<td>Volume de contraste, mL</td>
							<td align="center">100,0 (75,0-125,0)</td>
							<td align="center">100,0 (75,0-117,5)</td>
							<td align="center">100,0 (80,0-150,0)</td>
							<td align="center">&lt; 0,01</td>
						</tr>
					</tbody>
				</table>
				<table-wrap-foot>
					<fn>
						<p>Valores apresentados em mediana e intervalo interquartil (1º quartil - 3º
                     quartil).</p>
					</fn>
				</table-wrap-foot>
			</table-wrap>
			<fig id="f01">
				<label>Figura 1</label>
				<caption>
					<title>Volume do contraste, de acordo com a via de acesso.</title>
				</caption>
				<graphic xlink:href="0104-1843-rbci-22-04-0349-gf01.tif"/>
			</fig>
			<p>Por fim, encontramos correlação entre o volume do contraste e o tempo do procedimento. A
               <xref ref-type="fig" rid="f02">figura 2</xref> mostra essa correlação para cada uma
            das vias de acesso. A correlação estimada entre as medidas para o grupo radial foi 0,44
            (intervalo de confiança de 95% - IC 95% 0,305-0,563) e para o grupo femoral foi de 0,607
            (IC 95% 0,372-0,769).</p>
			<fig id="f02">
				<label>Figura 2</label>
				<caption>
					<title>Gráfico de dispersão entre volume do contraste e tempo do procedimento, por
                  via de acesso.</title>
				</caption>
				<graphic xlink:href="0104-1843-rbci-22-04-0349-gf02.tif"/>
			</fig>
		</sec>
		<sec sec-type="discussion">
			<title>DISCUSSÃO</title>
			<p>O presente estudo teve como objetivo avaliar registros de pacientes submetidos ao exame
            de cateterismo cardíaco com a finalidade de comparar as vias de acesso radial e femoral
            em relação ao tempo total de realização do exame, ao tempo de fluoroscopia e ao volume
            de contraste utilizado no procedimento.</p>
			<p>Quando se comparam os acessos radial e femoral para realização de intervenções cardíacas
            percutâneas, a estratégia ideal deve ser aquela que reduza as complicações vasculares e
               hemorrágicas.<xref ref-type="bibr" rid="B06">6</xref> Neste estudo, 78,1% dos
            registros apresentaram exames realizados pela via radial. Isso sugere que o operador que
            realizou tais exames esteve em consonância com a tendência mundial, incorporando a
            técnica pela via de acesso radial.<xref ref-type="bibr" rid="B03">3</xref>
				<sup>,</sup>
				<xref ref-type="bibr" rid="B07">7</xref>
			</p>
			<p>A utilização dessa via iniciou-se há cerca de 20 anos,<xref ref-type="bibr" rid="B08">8</xref> sendo considerada, por alguns autores, uma estratégia padrão para
            procedimentos cardíacos em laboratório de hemodinâmica.<xref ref-type="bibr" rid="B09">9</xref> Isso porque ela apresenta menores taxas de sangramento e complicações
            vasculares, maior conforto para o paciente, menor tempo de internação e menores custos,
            comparada a via femoral.<xref ref-type="bibr" rid="B02">2</xref>
				<sup>,</sup>
				<xref ref-type="bibr" rid="B07">7</xref>
				<sup>,</sup>
				<xref ref-type="bibr" rid="B10">10</xref>
				<sup>,</sup>
				<xref ref-type="bibr" rid="B11">11</xref>
			</p>
			<p>A via femoral, entretanto, permanece como a mais empregada pelos laboratórios de
            hemodinâmica para cateterismos cardíacos diagnósticos e intervenções coronárias
            percutâneas, tanto no cenário nacional quanto no internacional.<xref ref-type="bibr" rid="B06">6</xref>
			</p>
			<p>Em muitos estudos, a curva de aprendizado é apontada como uma das limitações para a
            utilização da via radial.<xref ref-type="bibr" rid="B12">12</xref>
				<sup>,</sup>
				<xref ref-type="bibr" rid="B13">13</xref> Tal fator está ligado às características do vaso,
            que é menos calibroso que a artéria femoral, às variações anatômicas e ao risco
            potencial de espasmo nessa artéria, resultando em procedimentos mais prolongados e em
            maior exposição à radiação ionizante.<xref ref-type="bibr" rid="B03">3</xref>
				<sup>,</sup>
				<xref ref-type="bibr" rid="B06">6</xref> A curva de aprendizado
            está intimamente relacionada ao aperfeiçoamento da técnica dos operadores, que deve
            minimizar a exposição do paciente durante a realização do procedimento.<xref ref-type="bibr" rid="B08">8</xref>
				<sup>,</sup>
				<xref ref-type="bibr" rid="B12">12</xref>
				<sup>,</sup>
				<xref ref-type="bibr" rid="B13">13</xref>
			</p>
			<p>Neste estudo, o tempo de realização do exame foi maior no grupo cujo acesso se deu pela
            via femoral, possivelmente devido à necessidade de troca de cateteres.<xref ref-type="bibr" rid="B13">13</xref> Quando há o procedimento pela via radial,
            emprega-se geralmente apenas um cateter pré-moldado, contra três pela via femoral.<xref ref-type="bibr" rid="B12">12</xref> O emprego de menos cateteres pré-moldados, somado
            ao menor tempo de realização do exame e ao menor volume de contraste utilizado pela via
            radial, em comparação à via femoral, favorece a primeira como escolha prioritária.
            Adicionalmente, estudos recomendam a realização do exame pelo acesso radial por este
            apresentar menos complicações vasculares, maior conforto para o paciente, e redução do
            tempo de internação e de custos.<xref ref-type="bibr" rid="B02">2</xref>
				<sup>,</sup>
				<xref ref-type="bibr" rid="B10">10</xref>
				<sup>,</sup>
				<xref ref-type="bibr" rid="B11">11</xref>
				<sup>,</sup>
				<xref ref-type="bibr" rid="B14">14</xref>
			</p>
			<p>Quanto ao tempo de fluoroscopia, não houve diferença estatisticamente significante entre
            os dois grupos analisados neste estudo. Esse dado é conflitante em relação aos de
            estudos encontrados na literatura, que tendem a favorecer o acesso pela via femoral, por
            sugerirem haver maior exposição à radiação pela via radial.<xref ref-type="bibr" rid="B03">3</xref>
				<sup>,</sup>
				<xref ref-type="bibr" rid="B04">4</xref> No estudo de
            Mattos et al.,<xref ref-type="bibr" rid="B03">3</xref> o tempo de fluoroscopia foi maior
            no grupo radial, mas também foi verificado que os operadores com grande experiência na
            punção radial realizaram os procedimentos de cateterismo com exposição radiológica
            similar entre as duas vias de acesso.</p>
			<p>Nossos dados demonstram que houve relação entre o volume de contraste e o tempo de
            realização do exame, sugerindo uma correlação que independe da via de acesso. Além
            disso, não só a quantidade de contraste utilizada, mas também o tempo de realização do
            exame e a exposição à radiação estiveram associados à experiência do operador.<xref ref-type="bibr" rid="B03">3</xref>
				<sup>,</sup>
				<xref ref-type="bibr" rid="B12">12</xref>
				<sup>,</sup>
				<xref ref-type="bibr" rid="B13">13</xref> Dessa forma, este
            constitui um tema interessante para investigações futuras.</p>
			<sec>
				<title>Limitação do estudo</title>
				<p>Por se tratar de um estudo transversal, observacional, não foi possível avaliar os
               desfechos clínicos e a curva de aprendizado do operador, e nem comparar os dados
               entre operadores.</p>
			</sec>
		</sec>
		<sec sec-type="conclusions">
			<title>CONCLUSÕES</title>
			<p>Em nosso laboratório, que privilegiou a via radial como via de acesso para cateterismos
            cardíacos, os tempos do procedimento e de fluoroscopia, bem como o volume de contraste,
            foram menores ou comparáveis à abordagem femoral. Nossos resultados minimizaram as
            preocupações de que a cateterização cardíaca por via radial pode estar associada a
            certas características do procedimento desfavoráveis.</p>
		</sec>
	</body>
	<back>
		<fn-group>
			<fn fn-type="financial-disclosure">
				<p>
					<bold>FONTE DE FINANCIAMENTO</bold>
				</p>
				<p>Não há.</p>
			</fn>
		</fn-group>
		<ref-list>
			<title>REFERÊNCIAS</title>
			<ref id="B01">
				<label>1</label>
				<mixed-citation>Trindade LF, Pozetti AHG, Osti AVG, Paula JGR, Barbosa RB, Santos MA, et
               al. desfechos clínicos em 30 dias dos pacientes submetidos a intervenção coronária
               percutânea eletiva com alta no mesmo dia. Rev Bras Cardiol Invasiva.
               2012;20(4):398-402.</mixed-citation>
				<element-citation publication-type="journal">
					<person-group person-group-type="author">
						<name>
							<surname>Trindade</surname>
							<given-names>LF</given-names>
						</name>
						<name>
							<surname>Pozetti</surname>
							<given-names>AHG</given-names>
						</name>
						<name>
							<surname>Osti</surname>
							<given-names>AVG</given-names>
						</name>
						<name>
							<surname>Paula</surname>
							<given-names>JGR</given-names>
						</name>
						<name>
							<surname>Barbosa</surname>
							<given-names>RB</given-names>
						</name>
						<name>
							<surname>Santos</surname>
							<given-names>MA</given-names>
						</name>
						<etal/>
					</person-group>
					<article-title>desfechos clínicos em 30 dias dos pacientes submetidos a intervenção
                  coronária percutânea eletiva com alta no mesmo dia</article-title>
					<source>Rev Bras Cardiol Invasiva</source>
					<year>2012</year>
					<volume>20</volume>
					<issue>4</issue>
					<fpage>398</fpage>
					<lpage>402</lpage>
				</element-citation>
			</ref>
			<ref id="B02">
				<label>2</label>
				<mixed-citation>Dall'Orto CC, Lapa GA, Carneiro Neto JD, Carnieto NM, Oliveira Neto JB,
               Mauro MFZ, et al. Angioplastia coronária nas indicações off-label: comparação das
               vias radial vs. femoral. Rev Bras Cardiol Invasiva.
               2010;18(2):177-84.</mixed-citation>
				<element-citation publication-type="journal">
					<person-group person-group-type="author">
						<name>
							<surname>Dall'Orto </surname>
							<given-names>CC </given-names>
						</name>
						<name>
							<surname>Lapa</surname>
							<given-names>GA</given-names>
						</name>
						<name>
							<surname>Carneiro</surname>
							<given-names>JD</given-names>
							<suffix>Neto</suffix>
						</name>
						<name>
							<surname>Carnieto</surname>
							<given-names>NM</given-names>
						</name>
						<name>
							<surname>Oliveira</surname>
							<given-names>JB</given-names>
							<suffix>Neto</suffix>
						</name>
						<name>
							<surname>Mauro</surname>
							<given-names>MFZ</given-names>
						</name>
						<etal/>
					</person-group>
					<article-title>Angioplastia coronária nas indicações off-label: comparação das vias
                  radial vs. femoral</article-title>
					<source>Rev Bras Cardiol Invasiva</source>
					<year>2010</year>
					<volume>18</volume>
					<issue>2</issue>
					<fpage>177</fpage>
					<lpage>184</lpage>
				</element-citation>
			</ref>
			<ref id="B03">
				<label>3</label>
				<mixed-citation>Mattos EI, Cardoso CO, Moraes CV, Teixeira JVS, Azmus AD, Fischer LS, et
               al. Exposição radiológica em procedimentos coronários realizados pelas vias radial e
               femoral. Rev Bras Cardiol Invasiva. 2013;21(1):54-9.</mixed-citation>
				<element-citation publication-type="journal">
					<person-group person-group-type="author">
						<name>
							<surname>Mattos</surname>
							<given-names>EI</given-names>
						</name>
						<name>
							<surname>Cardoso</surname>
							<given-names>CO</given-names>
						</name>
						<name>
							<surname>Moraes</surname>
							<given-names>CV</given-names>
						</name>
						<name>
							<surname>Teixeira</surname>
							<given-names>JVS</given-names>
						</name>
						<name>
							<surname>Azmus</surname>
							<given-names>AD</given-names>
						</name>
						<name>
							<surname>Fischer</surname>
							<given-names>LS</given-names>
						</name>
						<etal/>
					</person-group>
					<article-title>Exposição radiológica em procedimentos coronários realizados pelas
                  vias radial e femoral</article-title>
					<source>Rev Bras Cardiol Invasiva</source>
					<year>2013</year>
					<volume>21</volume>
					<issue>1</issue>
					<fpage>54</fpage>
					<lpage>59</lpage>
				</element-citation>
			</ref>
			<ref id="B04">
				<label>4</label>
				<mixed-citation>Kim KP, Miller DL. Minimising radiation exposure to physicians
               performing fluoroscopically guided cardiac catheterisation procedures: a review.
               Radiat Prot Dosimetry. 2009;133(4):227-33.</mixed-citation>
				<element-citation publication-type="journal">
					<person-group person-group-type="author">
						<name>
							<surname>Kim</surname>
							<given-names>KP</given-names>
						</name>
						<name>
							<surname>Miller</surname>
							<given-names>DL</given-names>
						</name>
					</person-group>
					<article-title>Minimising radiation exposure to physicians performing
                  fluoroscopically guided cardiac catheterisation procedures: a
                  review</article-title>
					<source>Radiat Prot Dosimetry</source>
					<year>2009</year>
					<volume>133</volume>
					<issue>4</issue>
					<fpage>227</fpage>
					<lpage>233</lpage>
				</element-citation>
			</ref>
			<ref id="B05">
				<label>5</label>
				<mixed-citation>Ultramari FT, Bueno RRL, Cunha CLP, Andrade PM, Nercolini DC, Tarastchuk
               JCE, et al. Nefropatia induzida pelos meios de contraste radiológico após cateterismo
               cardíaco diagnóstico e terapêutico. Arq Bras Cardiol.
               2006;87(3):378-90.</mixed-citation>
				<element-citation publication-type="journal">
					<person-group person-group-type="author">
						<name>
							<surname>Ultramari</surname>
							<given-names>FT</given-names>
						</name>
						<name>
							<surname>Bueno</surname>
							<given-names>RRL</given-names>
						</name>
						<name>
							<surname>Cunha</surname>
							<given-names>CLP</given-names>
						</name>
						<name>
							<surname>Andrade</surname>
							<given-names>PM</given-names>
						</name>
						<name>
							<surname>Nercolini</surname>
							<given-names>DC</given-names>
						</name>
						<name>
							<surname>Tarastchuk</surname>
							<given-names>JCE</given-names>
						</name>
						<etal/>
					</person-group>
					<article-title>Nefropatia induzida pelos meios de contraste radiológico após
                  cateterismo cardíaco diagnóstico e terapêutico</article-title>
					<source>Arq Bras Cardiol</source>
					<year>2006</year>
					<volume>87</volume>
					<issue>3</issue>
					<fpage>378</fpage>
					<lpage>390</lpage>
				</element-citation>
			</ref>
			<ref id="B06">
				<label>6</label>
				<mixed-citation>Kukowski CN, Wozniak I, Souza Filho NFS, Cordeiro EA, Rell A, Leal M, et
               al. Acesso radial vc. acesso femoral em pacientes com idade avançada submetidos à
               intervenção coronária percutânea. Rev Bras Cardiol Invasiva.
               2014;22(2):125-30.</mixed-citation>
				<element-citation publication-type="journal">
					<person-group person-group-type="author">
						<name>
							<surname>Kukowski</surname>
							<given-names>CN</given-names>
						</name>
						<name>
							<surname>Wozniak</surname>
							<given-names>I</given-names>
						</name>
						<name>
							<surname>Souza</surname>
							<given-names>NFS</given-names>
							<suffix>Filho</suffix>
						</name>
						<name>
							<surname>Cordeiro</surname>
							<given-names>EA</given-names>
						</name>
						<name>
							<surname>Rell</surname>
							<given-names>A</given-names>
						</name>
						<name>
							<surname>Leal</surname>
							<given-names>M</given-names>
						</name>
						<etal/>
					</person-group>
					<article-title>Acesso radial vc. acesso femoral em pacientes com idade avançada
                  submetidos à intervenção coronária percutânea</article-title>
					<source>Rev Bras Cardiol Invasiva</source>
					<year>2014</year>
					<volume>22</volume>
					<issue>2</issue>
					<fpage>125</fpage>
					<lpage>130</lpage>
				</element-citation>
			</ref>
			<ref id="B07">
				<label>7</label>
				<mixed-citation>Espírito Santo CA, Melo PHMC, Takimura CK, Campos CAHM, Horta PE,
               Spadaro AG, et al. Tendências da utilização da via de acesso transradial em mais de
               uma década: a experiência do InCor. Rev Bras Cardiol Invasiva.
               2014;22(2):120-4.</mixed-citation>
				<element-citation publication-type="journal">
					<person-group person-group-type="author">
						<name>
							<surname>Espírito Santo</surname>
							<given-names>CA</given-names>
						</name>
						<name>
							<surname>Melo</surname>
							<given-names>PHMC</given-names>
						</name>
						<name>
							<surname>Takimura</surname>
							<given-names>CK</given-names>
						</name>
						<name>
							<surname>Campos</surname>
							<given-names>CAHM</given-names>
						</name>
						<name>
							<surname>Horta</surname>
							<given-names>PE</given-names>
						</name>
						<name>
							<surname>Spadaro</surname>
							<given-names>AG</given-names>
						</name>
						<etal/>
					</person-group>
					<article-title>Tendências da utilização da via de acesso transradial em mais de uma
                  década: a experiência do InCor</article-title>
					<source>Rev Bras Cardiol Invasiva</source>
					<year>2014</year>
					<volume>22</volume>
					<issue>2</issue>
					<fpage>120</fpage>
					<lpage>124</lpage>
				</element-citation>
			</ref>
			<ref id="B08">
				<label>8</label>
				<mixed-citation>Tebet MA, Andrade PB, Nogueira EF, Esteves V, Matos MPB, Andrade MVA, et
               al. Características operacionais das intervenções coronárias percutâneas em centro
               que prioriza a utilização do acesso radial. Rev Bras Cardiol Invasiva.
               2012;20(3):288-94.</mixed-citation>
				<element-citation publication-type="journal">
					<person-group person-group-type="author">
						<name>
							<surname>Tebet</surname>
							<given-names>MA</given-names>
						</name>
						<name>
							<surname>Andrade</surname>
							<given-names>PB</given-names>
						</name>
						<name>
							<surname>Nogueira</surname>
							<given-names>EF</given-names>
						</name>
						<name>
							<surname>Esteves</surname>
							<given-names>V</given-names>
						</name>
						<name>
							<surname>Matos</surname>
							<given-names>MPB</given-names>
						</name>
						<name>
							<surname>Andrade</surname>
							<given-names>MVA</given-names>
						</name>
						<etal/>
					</person-group>
					<article-title>Características operacionais das intervenções coronárias percutâneas
                  em centro que prioriza a utilização do acesso radial</article-title>
					<source>Rev Bras Cardiol Invasiva</source>
					<year>2012</year>
					<volume>20</volume>
					<issue>3</issue>
					<fpage>288</fpage>
					<lpage>294</lpage>
				</element-citation>
			</ref>
			<ref id="B09">
				<label>9</label>
				<mixed-citation>Hamon M, Nolan J. Should radial artery access be the "gold standard" for
               PCI? Heart. 2008;94(12):1530-2.</mixed-citation>
				<element-citation publication-type="journal">
					<person-group person-group-type="author">
						<name>
							<surname>Hamon</surname>
							<given-names>M</given-names>
						</name>
						<name>
							<surname>Nolan</surname>
							<given-names>J</given-names>
						</name>
					</person-group>
					<article-title>Should radial artery access be the "gold standard" for
                  PCI?</article-title>
					<source>Heart</source>
					<year>2008</year>
					<volume>94</volume>
					<issue>12</issue>
					<fpage>1530</fpage>
					<lpage>1532</lpage>
				</element-citation>
			</ref>
			<ref id="B10">
				<label>10</label>
				<mixed-citation>Almeida MH, Meireles GCX, Silva EV, Costa Jr JR, Staico R, Siqueira DA,
               et al. Intervenção coronária percutânea pelas vias radial e femoral: comparação entre
               desconfortos relacionados ao procedimento e custos. Rev Bras Cardiol Invasiva.
               2013;21(4):373-7.</mixed-citation>
				<element-citation publication-type="journal">
					<person-group person-group-type="author">
						<name>
							<surname>Almeida</surname>
							<given-names>MH</given-names>
						</name>
						<name>
							<surname>Meireles</surname>
							<given-names>GCX</given-names>
						</name>
						<name>
							<surname>Silva</surname>
							<given-names>EV</given-names>
						</name>
						<name>
							<surname>Costa</surname>
							<given-names>JR</given-names>
							<suffix>Jr</suffix>
						</name>
						<name>
							<surname>Staico</surname>
							<given-names>R</given-names>
						</name>
						<name>
							<surname>Siqueira</surname>
							<given-names>DA</given-names>
						</name>
						<etal/>
					</person-group>
					<article-title>Intervenção coronária percutânea pelas vias radial e femoral:
                  comparação entre desconfortos relacionados ao procedimento e
                  custos</article-title>
					<source>Rev Bras Cardiol Invasiva</source>
					<year>2013</year>
					<volume>21</volume>
					<issue>4</issue>
					<fpage>373</fpage>
					<lpage>377</lpage>
				</element-citation>
			</ref>
			<ref id="B11">
				<label>11</label>
				<mixed-citation>Roussanov O, Wilson SJ, Henley K, Estacio G, Hill J, Dogan B, et al.
               Cost-effectiveness of the radial versus femoral artery approach to diagnostic cardiac
               catheterization. J Invasive Cardiol. 2007;19(8):349-53.</mixed-citation>
				<element-citation publication-type="journal">
					<person-group person-group-type="author">
						<name>
							<surname>Roussanov</surname>
							<given-names>O</given-names>
						</name>
						<name>
							<surname>Wilson</surname>
							<given-names>SJ</given-names>
						</name>
						<name>
							<surname>Henley</surname>
							<given-names>K</given-names>
						</name>
						<name>
							<surname>Estacio</surname>
							<given-names>G</given-names>
						</name>
						<name>
							<surname>Hill</surname>
							<given-names>J</given-names>
						</name>
						<name>
							<surname>Dogan</surname>
							<given-names>B</given-names>
						</name>
						<etal/>
					</person-group>
					<article-title>Cost-effectiveness of the radial versus femoral artery approach to
                  diagnostic cardiac catheterization</article-title>
					<source>J Invasive Cardiol</source>
					<year>2007</year>
					<volume>19</volume>
					<issue>8</issue>
					<fpage>349</fpage>
					<lpage>353</lpage>
				</element-citation>
			</ref>
			<ref id="B12">
				<label>12</label>
				<mixed-citation>Cardoso CO, Moraes CV, Voltolini I, Azevedo EM, Santos MA, Borba RP, et
               al. Influência da curva de aprendizado nos procedimentos percutâneos por via
               transradial. Rev Bras Cardiol Invasiva. 2011;19(3):260-5.</mixed-citation>
				<element-citation publication-type="journal">
					<person-group person-group-type="author">
						<name>
							<surname>Cardoso</surname>
							<given-names>CO</given-names>
						</name>
						<name>
							<surname>Moraes</surname>
							<given-names>CV</given-names>
						</name>
						<name>
							<surname>Voltolini</surname>
							<given-names>I</given-names>
						</name>
						<name>
							<surname>Azevedo</surname>
							<given-names>EM</given-names>
						</name>
						<name>
							<surname>Santos</surname>
							<given-names>MA</given-names>
						</name>
						<name>
							<surname>Borba</surname>
							<given-names>RP</given-names>
						</name>
						<etal/>
					</person-group>
					<article-title>Influência da curva de aprendizado nos procedimentos percutâneos por
                  via transradial</article-title>
					<source>Rev Bras Cardiol Invasiva</source>
					<year>2011</year>
					<volume>19</volume>
					<issue>3</issue>
					<fpage>260</fpage>
					<lpage>265</lpage>
				</element-citation>
			</ref>
			<ref id="B13">
				<label>13</label>
				<mixed-citation>Labrunie A, Tebet MA, Andrade PB, Andrade MVA, Conterno LO, Mattos LA,
               et al. Coronariografia via transradial: curva de aprendizagem, avaliada por estudo
               multicêntrico. Rev Bras Cardiol Invasiva. 2009;17(1):82-7.</mixed-citation>
				<element-citation publication-type="journal">
					<person-group person-group-type="author">
						<name>
							<surname>Labrunie</surname>
							<given-names>A</given-names>
						</name>
						<name>
							<surname>Tebet</surname>
							<given-names>MA</given-names>
						</name>
						<name>
							<surname>Andrade</surname>
							<given-names>PB</given-names>
						</name>
						<name>
							<surname>Andrade</surname>
							<given-names>MVA</given-names>
						</name>
						<name>
							<surname>Conterno</surname>
							<given-names>LO</given-names>
						</name>
						<name>
							<surname>Mattos</surname>
							<given-names>LA</given-names>
						</name>
						<etal/>
					</person-group>
					<article-title>Coronariografia via transradial: curva de aprendizagem, avaliada por
                  estudo multicêntrico</article-title>
					<source>Rev Bras Cardiol Invasiva</source>
					<year>2009</year>
					<volume>17</volume>
					<issue>1</issue>
					<fpage>82</fpage>
					<lpage>87</lpage>
				</element-citation>
			</ref>
			<ref id="B14">
				<label>14</label>
				<mixed-citation>Feldman DN, Swaminathan RV, Kaltenbach LA, Baklanov DV, Kim LK, Wong SC.
               Adoption of radial access and comparison of outcomes to femoral access in
               percutaneous coronary intervention an updated report from the national cardiovascular
               data registry (2007-2012). Circulation. 2013;127(23):2295-306.</mixed-citation>
				<element-citation publication-type="journal">
					<person-group person-group-type="author">
						<name>
							<surname>Feldman</surname>
							<given-names>DN</given-names>
						</name>
						<name>
							<surname>Swaminathan</surname>
							<given-names>RV</given-names>
						</name>
						<name>
							<surname>Kaltenbach</surname>
							<given-names>LA</given-names>
						</name>
						<name>
							<surname>Baklanov</surname>
							<given-names>DV</given-names>
						</name>
						<name>
							<surname>Kim</surname>
							<given-names>LK</given-names>
						</name>
						<name>
							<surname>Wong</surname>
							<given-names>SC</given-names>
						</name>
					</person-group>
					<article-title>Adoption of radial access and comparison of outcomes to femoral access
                  in percutaneous coronary intervention an updated report from the national
                  cardiovascular data registry (2007-2012)</article-title>
					<source>Circulation</source>
					<year>2013</year>
					<volume>127</volume>
					<issue>23</issue>
					<fpage>2295</fpage>
					<lpage>2306</lpage>
				</element-citation>
			</ref>
		</ref-list>
	</back>
	<sub-article article-type="translation" id="SA1" xml:lang="en">
		<front-stub>
			<title-group>
				<article-title>Comparison of Procedural and Fluoroscopy Times and Contrast Volume
               between Radial and Femoral Access for Cardiac Catheterization</article-title>
			</title-group>
			<contrib-group>
				<contrib contrib-type="author">
					<name>
						<surname>Vargas</surname>
						<given-names>Túlio Torres</given-names>
					</name>
					<xref ref-type="aff" rid="aff02"/>
					<xref ref-type="corresp" rid="c02"/>
				</contrib>
				<contrib contrib-type="author">
					<name>
						<surname>Campos</surname>
						<given-names>Barbara Cardoso</given-names>
					</name>
					<xref ref-type="aff" rid="aff02"/>
				</contrib>
				<contrib contrib-type="author">
					<name>
						<surname>Soares</surname>
						<given-names>Naury de Jesus Danzi</given-names>
					</name>
					<xref ref-type="aff" rid="aff02"/>
				</contrib>
				<contrib contrib-type="author">
					<name>
						<surname>Vitorino</surname>
						<given-names>Luciano Magalhães</given-names>
					</name>
					<xref ref-type="aff" rid="aff02"/>
				</contrib>
				<contrib contrib-type="author">
					<name>
						<surname>Ibrahim</surname>
						<given-names>Samir Duarte</given-names>
					</name>
					<xref ref-type="aff" rid="aff02"/>
				</contrib>
				<contrib contrib-type="author">
					<name>
						<surname>Janella</surname>
						<given-names>Bruno Laurenti</given-names>
					</name>
					<xref ref-type="aff" rid="aff02"/>
				</contrib>
				<aff id="aff02">
					<institution content-type="original">Hospital Escola da Faculdade de Medicina de
                  Itajubá, Itajubá, MG, Brazil.</institution>
				</aff>
			</contrib-group>
			<author-notes>
				<corresp id="c02">
					<bold>Corresponding Author:</bold> Túlio Torres Vargas. Rua Presidente
               Roosevelt, 33, sala 6 - Morro Chic - CEP: 37500-070 - Itajubá, MG, Brazil E-mail:
                  <email>tt.vargas@uol.com.br</email>
				</corresp>
				<fn fn-type="conflict">
					<p>
						<bold>CONFLICT OF INTERESTS</bold>
					</p>
					<p>The authors declare no conflicts of interest.</p>
				</fn>
			</author-notes>
			<abstract>
				<sec>
					<title>Background:</title>
					<p>There is controversy in the literature about the advantages of the radial vs.
                  femoral access route for diagnostic catheterizations. This study aimed to compare
                  the radial and femoral access for procedural and fluoroscopy times and for
                  contrast volume.</p>
				</sec>
				<sec>
					<title>Methods:</title>
					<p>This was an observational, retrospective study based on the records of consecutive
                  patients undergoing cardiac catheterization from July 2012 to December 2013.</p>
				</sec>
				<sec>
					<title>Results:</title>
					<p>We evaluated 192 patients and the radial access was used in 78.1% of the cases.
                  Mean age was 63.1 ± 11.9 years, most were male (55.7%) and 21.4% had diabetes.
                  Procedural time was lower in the radial group: 12.0 minutes (9.0 to 17.2 minutes)
                  vs. 18.3 minutes (12.0 to 34.5 minutes), <italic>p</italic> &lt; 0.01. Fluoroscopy
                  time was 270.0 seconds (180.0 to 389.5 seconds) vs. 244.0 seconds (175.3 to 705.0
                  seconds), and there was no difference between groups (<italic>p</italic> = 0.59).
                  Contrast volume was lower in the radial group: 100.0 mL (75.0 to 117.5 mL) vs.
                  100.0 mL (80.0 to 150.0 mL), <italic>p</italic> &lt; 0.01.</p>
				</sec>
				<sec>
					<title>Conclusions:</title>
					<p>In this laboratory, which favored the radial access for cardiac catheterization,
                  procedural and fluoroscopy times, as well as contrast volume, were lower or
                  comparable to the femoral access.</p>
				</sec>
			</abstract>
			<kwd-group xml:lang="en">
				<kwd>Cardiac catheterization</kwd>
				<kwd>Fluoroscopy</kwd>
				<kwd>Contrast media</kwd>
				<kwd>Radial artery</kwd>
				<kwd>Femoral artery</kwd>
			</kwd-group>
		</front-stub>
		<body>
			<p>The radial access route has been increasingly used for diagnostic and therapeutic
            percutaneous procedures in Brazil and worldwide. Studies have demonstrated that the use
            of the radial route brings comfort to the patient and reduces the risk of bleeding,
            vascular complications, and hospitalization time, with lower costs.<xref ref-type="bibr" rid="B01">1</xref>
				<sup>-</sup>
				<xref ref-type="bibr" rid="B03">3</xref> However, there
            are conflicting data regarding the use of the radial route, in relation to the amount of
            contrast and increased exposure to ionizing radiation, which may be related to the
            learning curve of the operating physician or type of procedure.<xref ref-type="bibr" rid="B04">4</xref>
				<sup>,</sup>
				<xref ref-type="bibr" rid="B05">5</xref>
			</p>
			<p>In this context, this study was conducted in order to compare radial and femoral access
            routes in relation to total procedure and fluoroscopy times, as well as the volume of
            contrast used in patients undergoing cardiac catheterization.</p>
			<sec sec-type="methods">
				<title>METHODS</title>
				<sec>
					<title>Study design</title>
					<p>This was an observational, retrospective study, conducted through documentary
                  analysis of medical records of all patients undergoing coronary angiography at the
                  Hemodynamics and Interventional Cardiology Service, Hospital Universitário,
                  Faculdade de Medicina de Itajubá, Minas Gerais, from June 2012 to December 2013.
                  Each patient had his/her data logged and stored in the Interventional Cardiology
                  Service, under the responsibility of the unit's cardiologist and nurse. Medical
                  records from patients who underwent coronary artery bypass graft surgery (CABG) or
                     <italic>ad hoc</italic> angioplasty were excluded. Medical records with
                  insufficient data to perform data collection were also excluded.</p>
					<p>The project was approved by the Research Ethics Committee of Platform Brazil,
                  under protocol Nº CAE 25235413.0.</p>
				</sec>
				<sec>
					<title>Variables of interest</title>
					<p>The variables selected for analysis were age, gender, body mass index (BMI),
                  diabetes mellitus, hypertension, and previous cardiac catheterization. Access
                  route (radial or femoral), total volume of contrast used, and total procedure and
                  fluoroscopy times were analyzed. Data were collected based on the description by
                  the operating physician in the patient's logging instrument. These variables were
                  organized and inserted into a Microsoft Excel 2010 database.</p>
				</sec>
				<sec>
					<title>Statistical analysis</title>
					<p>Categorical variables were presented as absolute and relative frequencies, and
                  compared using the chi-squared test. Continuous variables were presented as means
                  and standard deviations or medians and interquartile ranges, and were compared by
                  Student's <italic>t</italic>-test for normally distributed data (Shapiro-Wilks
                  test). Otherwise, a non-parametric test (Mann-Whitney U test) was used. Pearson's
                  correlation coefficient was used to estimate the correlations between
                  variables.</p>
					<p>
						<italic>P</italic> values &lt; 0.05 were considered significant. Calculations were
                  performed with the aid of R 3.0.2 (R Core Team, 2014) statistical software.</p>
				</sec>
			</sec>
			<sec sec-type="results">
				<title>RESULTS</title>
				<p>A total of 291 patients who underwent coronary angiography from June 2012 to December
               2013 were considered for the study. Of these patients, 41 (14.1%) were excluded for
               indication of <italic>ad hoc</italic> angioplasty, 31 (10.7%) for having incomplete
               data, and 27 (9.3%) due to previous CABG.</p>
				<p>Of the 192 patients included in this analysis, it was observed that 150 (78.1%)
               underwent coronary angiography via the radial route, and 42 (21.9%) via the femoral
               route. The mean age of patients was 63.1 ± 11.9 years. Most were male (55.7%) and
               21.4% had diabetes. When comparing the radial and femoral groups, no differences in
               age, gender, or prevalence of diabetes mellitus and hypertension were observed.
               However, patients in the radial group had less previous diagnostic catheterizations
                  (<xref ref-type="table" rid="t03">Table 1</xref>).</p>
				<table-wrap id="t03">
					<label>TABLE 1</label>
					<caption>
						<title>Clinical characteristics of patients undergoing coronary
                     angiography</title>
					</caption>
					<table frame="hsides" rules="groups">
						<thead>
							<tr>
								<th>&#x00a0;</th>
								<th align="center">
									<bold>Total (n = 192)</bold>
								</th>
								<th align="center">
									<bold>Radial (n = 150)</bold>
								</th>
								<th align="center">
									<bold>Femoral (n = 42)</bold>
								</th>
								<th align="center">
									<bold>
										<italic>p value</italic>
									</bold>
								</th>
							</tr>
						</thead>
						<tbody>
							<tr>
								<td>Age, years</td>
								<td align="center">63.1 ± 11.9</td>
								<td align="center">62.4 ± 11.2</td>
								<td align="center">65.8 ± 14.0</td>
								<td align="center">0.14</td>
							</tr>
							<tr>
								<td>Male gender, n (%)</td>
								<td align="center">107 (55.7)</td>
								<td align="center">89 (59.3)</td>
								<td align="center">18 (42.8)</td>
								<td align="center">0.09</td>
							</tr>
							<tr>
								<td>Body mass index, kg/m<sup>2</sup>
								</td>
								<td align="center">26.7 ± 5.0</td>
								<td align="center">26.6 ± 4.9</td>
								<td align="center">26.9 ± 5.4</td>
								<td align="center">0.99</td>
							</tr>
							<tr>
								<td>
									<italic>Diabetes mellitus</italic>, n (%)</td>
								<td align="center">41 (21.4)</td>
								<td align="center">30 (20.0)</td>
								<td align="center">11 (26.2)</td>
								<td align="center">0.51</td>
							</tr>
							<tr>
								<td>Arterial hypertension, n (%)</td>
								<td align="center">153 (79.7)</td>
								<td align="center">117 (78.0)</td>
								<td align="center">36 (85.7)</td>
								<td align="center">0.38</td>
							</tr>
							<tr>
								<td>Previous cardiac catheterization, n (%)</td>
								<td align="center">62 (32.3)</td>
								<td align="center">39 (26.0)</td>
								<td align="center">23 (54.8)</td>
								<td align="center">&lt; 0.01</td>
							</tr>
						</tbody>
					</table>
				</table-wrap>
				<p>The total procedure time was 13.5 minutes (9.8-18.7), and it was significantly
               shorter in the radial group: 12.0 (9.0-17.2) vs. 18.3 minutes (12.0-34.5),
                  <italic>p</italic> &lt; 0.01. The fluoroscopy time was 266.0 seconds
               (180.0-411.5), with no difference between groups (<xref ref-type="table" rid="t04">Table 2</xref>). The volume of contrast medium used was lower in patients
               evaluated by radial route, and although the median of the two groups was equal (100
               mL), the variation in the femoral group was greater (<italic>p</italic> &lt; 0.01;
                  <xref ref-type="fig" rid="f03">Figure 1</xref>).</p>
				<table-wrap id="t04">
					<label>TABLE 2</label>
					<caption>
						<title>Technical data of the procedure</title>
					</caption>
					<table frame="hsides" rules="groups">
						<thead>
							<tr>
								<th>
									<bold>Variable</bold>
								</th>
								<th align="center">
									<bold>Total (n = 192)</bold>
								</th>
								<th align="center">
									<bold>Radial (n = 150)</bold>
								</th>
								<th align="center">
									<bold>Femoral (n = 42)</bold>
								</th>
								<th align="center">
									<bold>
										<italic>p value</italic>
									</bold>
								</th>
							</tr>
						</thead>
						<tbody>
							<tr>
								<td>Procedure time, minutes</td>
								<td align="center">13.5 (9.8-18.7)</td>
								<td align="center">12.0 (9.0-17.2)</td>
								<td align="center">18.3 (12.0-34.5)</td>
								<td align="center">&lt; 0.01</td>
							</tr>
							<tr>
								<td>Fluoroscopy time, seconds</td>
								<td align="center">266.0 (180.0-411.5)</td>
								<td align="center">270.0 (180.0-389.5)</td>
								<td align="center">244.0 (175.3-705.0)</td>
								<td align="center">0.59</td>
							</tr>
							<tr>
								<td>Volume of contrast medium, mL</td>
								<td align="center">100.0 (75.0-125.0)</td>
								<td align="center">100.0 (75.0-117.5)</td>
								<td align="center">100.0 (80.0-150.0)</td>
								<td align="center">&lt; 0.01</td>
							</tr>
						</tbody>
					</table>
					<table-wrap-foot>
						<fn>
							<p>Values presented as median and interquartile range (1st quartile-3rd
                        quartile).</p>
						</fn>
					</table-wrap-foot>
				</table-wrap>
				<fig id="f03">
					<label>Figure 1</label>
					<caption>
						<title>Volume of contrast medium, according to access route.</title>
					</caption>
					<graphic xlink:href="0104-1843-rbci-22-04-0349-gf01-en.tif"/>
				</fig>
				<p>Finally, a correlation was observed between volume of contrast medium and procedure
               time. <xref ref-type="fig" rid="f04">Figure 2</xref> presents this correlation for
               each of the access routes. The estimated correlation between measurements for the
               radial group was 0.44 (95% confidence interval [95% CI]: 0.305-0.563) and for the
               femoral group was 0.607 (95% CI: 0.372-0.769).</p>
				<fig id="f04">
					<label>Figure 2</label>
					<caption>
						<title>Scatter plot between volume of contrast medium and procedure time, by
                     access route.</title>
					</caption>
					<graphic xlink:href="0104-1843-rbci-22-04-0349-gf02-en.tif"/>
				</fig>
			</sec>
			<sec sec-type="discussion">
				<title>DISCUSSION</title>
				<p>This study aimed to evaluate medical records of patients submitted to cardiac
               catheterization in order to compare the radial and femoral routes regarding total
               procedure time, fluoroscopy time, and volume of contrast medium used in the
               procedure.</p>
				<p>When radial and femoral access routes in percutaneous cardiac interventions are
               compared, the ideal strategy must be the one that reduces vascular and bleeding
                  complications.<xref ref-type="bibr" rid="B06">6</xref> In the present study, 78.1%
               of the medical records had tests performed via radial route. This suggests that the
               operating physician was in line with the global trend, using the radial route
                  technique.<xref ref-type="bibr" rid="B03">3</xref>
					<sup>,</sup>
					<xref ref-type="bibr" rid="B07">7</xref>
				</p>
				<p>The use of this route began approximately 20 years ago,<xref ref-type="bibr" rid="B08">8</xref> and some authors consider it as a default strategy for cardiac
               procedures in a catheterization laboratory,<xref ref-type="bibr" rid="B09">9</xref>
               since the technique presents lower bleeding and vascular complication rates, brings
               more comfort for the patient, and allows for a shorter hospital stay with lower costs
               when compared with the femoral route.<xref ref-type="bibr" rid="B02">2</xref>
					<sup>,</sup>
					<xref ref-type="bibr" rid="B07">7</xref>
					<sup>,</sup>
					<xref ref-type="bibr" rid="B10">10</xref>
					<sup>,</sup>
					<xref ref-type="bibr" rid="B11">11</xref>
				</p>
				<p>Nonetheless, the femoral route remains the most used technique in hemodynamic
               laboratories for diagnostic cardiac catheterizations and percutaneous coronary
               interventions, both on national and international scenarios.<xref ref-type="bibr" rid="B06">6</xref>
				</p>
				<p>In many studies, the learning curve is considered as one of the limitations to the
               use of the radial route.<xref ref-type="bibr" rid="B12">12</xref>
					<sup>,</sup>
					<xref ref-type="bibr" rid="B13">13</xref> This factor is linked to the characteristics
               of the vessel, with its smaller size compared to femoral artery; to anatomical
               variations; and to the potential risk of spasm in this artery, resulting in longer
               procedures and greater exposure to ionizing radiation.<xref ref-type="bibr" rid="B03">3</xref>
					<sup>,</sup>
					<xref ref-type="bibr" rid="B06">6</xref> The learning curve
               is closely related to the technical improvement of the operating physician, which
               should minimize patient exposure during the procedure.<xref ref-type="bibr" rid="B08">8</xref>
					<sup>,</sup>
					<xref ref-type="bibr" rid="B12">12</xref>
					<sup>,</sup>
					<xref ref-type="bibr" rid="B13">13</xref>
				</p>
				<p>In this study, the total exam time was longer in the group with femoral access,
               possibly due to the need to exchange catheters.<xref ref-type="bibr" rid="B13">13</xref> When the procedure is performed via radial route, the operating
               physician usually employs only one pre-shaped catheter, versus three for the femoral
                  route.<xref ref-type="bibr" rid="B12">12</xref> The use of pre-shaped catheters,
               combined with the shorter procedure time and the smaller volume of contrast medium
               used in the radial <italic>versus</italic> femoral route favor the former technique
               as first choice. Additionally, studies recommend the radial route, because this
               technique results in fewer vascular complications, brings greater comfort to the
               patient, and decreases the length of stay and costs.<xref ref-type="bibr" rid="B02">2</xref>
					<sup>,</sup>
					<xref ref-type="bibr" rid="B10">10</xref>
					<sup>,</sup>
					<xref ref-type="bibr" rid="B11">11</xref>
					<sup>,</sup>
					<xref ref-type="bibr" rid="B14">14</xref>
				</p>
				<p>As for fluoroscopy time, no statistically significant difference was observed between
               the two groups analyzed in this study. This finding conflicts with data from studies
               in the literature, which tend to favor femoral access, due to their suggestion of an
               increased exposure to radiation with the use of the radial route.<xref ref-type="bibr" rid="B03">3</xref>
					<sup>,</sup>
					<xref ref-type="bibr" rid="B04">4</xref>
				</p>
				<p>In the study by Mattos et al.,<xref ref-type="bibr" rid="B03">3</xref> the
               fluoroscopy time was longer in the radial group, but it was also found that operating
               physicians with an extensive experience in radial puncture performed the
               catheterization procedures with similar radiological exposure for these two access
               routes.</p>
				<p>The present data show that there was a relationship between volume of contrast and
               exam time, suggesting a non-dependent correlation of the access route. Moreover, not
               only the amount of contrast used, but also the exam time and radiation exposure were
               associated with the operating physician's experience.<xref ref-type="bibr" rid="B03">3</xref>
					<sup>,</sup>
					<xref ref-type="bibr" rid="B12">12</xref>
					<sup>,</sup>
					<xref ref-type="bibr" rid="B13">13</xref> Thus, this is an interesting subject for
               future research.</p>
				<sec>
					<title>Study limitations</title>
					<p>Since this was an observational cross-sectional study, it was not possible to
                  evaluate clinical outcomes and the learning curve of the operating physicians, nor
                  was it possible to compare data between operating physicians.</p>
				</sec>
			</sec>
			<sec sec-type="conclusions">
				<title>CONCLUSIONS</title>
				<p>In this laboratory, which favored the radial route as the access route for cardiac
               catheterization, the total procedure and fluoroscopy times, as well as the volume of
               contrast medium, were inferior or comparable to those registered in the femoral
               route. In light of the present results, concerns that the cardiac catheterization by
               radial route may be associated with certain unfavorable characteristics of the
               procedure are minimized.</p>
			</sec>
		</body>
		<back>
			<fn-group>
				<fn fn-type="financial-disclosure">
					<p>
						<bold>FUNDING SOURCE</bold>
					</p>
					<p>None.</p>
				</fn>
			</fn-group>
		</back>
	</sub-article>
</article>
