<?xml version="1.0" encoding="utf-8"?>
<!DOCTYPE article PUBLIC "-//NLM//DTD JATS (Z39.96) Journal Publishing DTD v1.0 20120330//EN" "../JATS-journalpublishing1.dtd">
<article xmlns:xlink="http://www.w3.org/1999/xlink" xmlns:mml="http://www.w3.org/1998/Math/MathML" dtd-version="1.0" specific-use="sps-1.1" article-type="case-report" xml:lang="pt">
	<front>
		<journal-meta>
			<journal-id journal-id-type="publisher-id">rbci</journal-id>
			<journal-title-group>
				<journal-title>Revista Brasileira de Cardiologia Invasiva</journal-title>
				<abbrev-journal-title abbrev-type="publisher">Rev. Bras. Cardiol.
               Invasiva</abbrev-journal-title>
			</journal-title-group>
			<issn pub-type="ppub">0104-1843</issn>
			<issn pub-type="epub">2179-8397</issn>
			<publisher>
				<publisher-name>Sociedade Brasileira de Hemodinâmica e Cardiologia
               Intervencionista</publisher-name>
			</publisher>
		</journal-meta>
		<article-meta>
			<article-id pub-id-type="doi">10.1590/0104-1843000000067</article-id>
			<article-categories>
				<subj-group subj-group-type="heading">
					<subject>RELATOS DE CASO</subject>
				</subj-group>
			</article-categories>
			<title-group>
				<article-title>Trombose Muito Tardia de Stent pela Angiografia. Um Caso de Progressão da Aterosclerose pela OCT</article-title>
			</title-group>
			<contrib-group>
				<contrib contrib-type="author">
					<name>
						<surname>Castro-Filho</surname>
						<given-names>Antonio de</given-names>
					</name>
					<xref ref-type="aff" rid="aff01"/>
				</contrib>
				<contrib contrib-type="author">
					<name>
						<surname>Chamié</surname>
						<given-names>Daniel</given-names>
					</name>
					<xref ref-type="aff" rid="aff01"/>
					<xref ref-type="corresp" rid="c01"/>
				</contrib>
				<contrib contrib-type="author">
					<name>
						<surname>Abizaid</surname>
						<given-names>Alexandre</given-names>
					</name>
					<xref ref-type="aff" rid="aff01"/>
				</contrib>
			</contrib-group>
			<aff id="aff01">
				<institution content-type="orgname">Instituto Dante Pazzanese de Cardiologia</institution>
				<addr-line>
					<named-content content-type="city">São Paulo</named-content>
					<named-content content-type="state">SP</named-content>
				</addr-line>
				<country country="BR">Brasil</country>
				<institution content-type="original">Instituto Dante Pazzanese de Cardiologia, São Paulo, SP, Brasil</institution>
				<institution content-type="normalized">Instituto Dante Pazzanese de Cardiologia</institution>
			</aff>
			<author-notes>
				<corresp id="c01">
					<bold>Correspondência:</bold> Daniel Chamié. Serviço de Cardiologia
               Invasiva do Instituto Dante Pazzanese de Cardiologia. Avenida Dr. Dante Pazzanese,
               500 − Vila Mariana − CEP: 04012-180 − São Paulo, SP, Brasil. E-mail:
                  <email>daniel.chamie@gmail.com</email>
				</corresp>
				<fn fn-type="conflict">
					<p>
						<bold>CONFLITO DE INTERESSES</bold>
					</p>
					<p>Não há.</p>
				</fn>
			</author-notes>
			<pub-date pub-type="epub-ppub">
				<season>Oct-Dec</season>
				<year>2015</year>
			</pub-date>
			<volume>22</volume>
			<issue>4</issue>
			<fpage>394</fpage>
			<lpage>400</lpage>
			<history>
				<date date-type="received">
					<day>01</day>
					<month>09</month>
					<year>2014</year>
				</date>
				<date date-type="accepted">
					<day>25</day>
					<month>11</month>
					<year>2014</year>
				</date>
			</history>
			<permissions>
				<license license-type="open-access" xlink:href="http://creativecommons.org/licenses/by-nc/3.0/">
					<license-p>Este é um artigo publicado em acesso aberto (Open Access) sob a licença
                  Creative Commons Attribution NonCommercial, que permite uso, distribuição e
                  reprodução em qualquer meio, sem restrições desde que sem fins comerciais e que o
                  trabalho original seja corretamente citado.</license-p>
				</license>
			</permissions>
			<abstract>
				<p>Em pacientes submetidos à intervenção coronária percutânea, a natureza progressiva da
               doença coronária aterosclerótica é frequentemente negligenciada. Geralmente, infartos
               muito tardios (&gt; 1 ano) acometendo o território tratado são atribuídos a
               complicações relacionadas ao dispositivo. Apresentamos o caso de uma paciente com
               infarto agudo do miocárdio com supradesnivelamento do segmento ST na parede inferior,
               que apresentava oclusão trombótica de um stent não farmacológico implantado 8 anos
               antes. Apesar do diagnóstico angiográfico de trombose muito tardia, a tomografia de
               coerência óptica revelou que a etiologia foi a ruptura de placa aterosclerótica no
               leito distal, fora do segmento previamente tratado.</p>
			</abstract>
			<kwd-group xml:lang="pt">
				<kwd>Infarto do miocárdio</kwd>
				<kwd>Intervenção coronária percutânea</kwd>
				<kwd>Stents</kwd>
				<kwd>Tomografia de coerência óptica</kwd>
				<kwd>Trombose coronária</kwd>
			</kwd-group>
			<counts>
				<fig-count count="10"/>
				<table-count count="0"/>
				<equation-count count="0"/>
				<ref-count count="15"/>
				<page-count count="7"/>
			</counts>
		</article-meta>
	</front>
	<body>
		<p>A introdução dos stents coronários, principalmente dos farmacológicos, representou grande
         avanço no tratamento percutâneo da doença arterial coronária, tornando essa intervenção uma
         das modalidades terapêuticas mais realizadas na medicina. <xref ref-type="bibr" rid="B01">1</xref> No entanto, em meados dos anos 2000, a documentação de maior ocorrência de
         trombose tardia após implante de stents farmacológicos de primeira geração originou uma
         série de debates acerca da segurança tardia desses dispositivos. Com o objetivo de
         padronizar as definições e fornecer recomendações de consenso para a classificação dos
         desfechos clínicos após a intervenção coronária percutânea (ICP), um documento foi
         publicado em 2007 pelo <italic>Academic Research Consortium</italic> (ARC).<xref ref-type="bibr" rid="B02">2</xref> Em linhas gerais, eventos adversos que ocorrem em um
         território anteriormente tratado são atribuídos ao dispositivo implantado, até que outra
         causa inequívoca seja documentada. No caso específico da trombose de stents, o ARC fornece
         o maior grau de evidência para o diagnóstico quando se tem a documentação angiográfica de
         oclusão trombótica de um stent implantado em um vaso responsável por um território sob
         isquemia aguda - a chamada trombose definitiva de stent.</p>
		<p>No presente relato, apresentamos um caso de paciente com infarto agudo do miocárdio (IAM)
         com elevação do segmento ST, em quem o diagnóstico angiográfico de trombose definitiva
         muito tardia (&gt; 1 ano) de um stent não farmacológico foi rechaçado pela tomografia de
         coerência óptica (OCT).</p>
		<sec sec-type="cases">
			<title>RELATO DO CASO</title>
			<p>Paciente do sexo feminino, de 58 anos, sofreu IAM há 8 anos, ocasião em que foi
            submetida à ICP com implante de dois stents não farmacológicos na artéria coronária
            direita (CD). Desde então, permaneceu assintomática e teve evolução clínica sem novos
            eventos. Em junho de 2014, deu entrada no pronto-socorro da nossa instituição com quadro
            de dor precordial típica, iniciada em repouso 2,5 horas antes da admissão. A perfusão
            periférica era adequada e não havia sinais de congestão pulmonar. Eletrocardiograma
            revelou supradesnivelamento do segmento ST nas paredes inferior, lateral e posterior
               (<xref ref-type="fig" rid="f01">Figura 1</xref>).</p>
			<fig id="f01">
				<label>Figura 1</label>
				<caption>
					<title>Eletrocardiograma na admissão. Observa-se supradesnivelamento do segmento ST
                  nas paredes inferior, lateral e posterior</title>
				</caption>
				<graphic xlink:href="0104-1843-rbci-22-04-0394-gf01.tif"/>
			</fig>
			<p>A paciente foi medicada com 300 mg de ácido acetilsalicílico, 600 mg de clopidogrel e
            5.000 unidades de heparina não fracionada intravenosa, sendo prontamente encaminhada
            para o laboratório de cateterismo cardíaco.</p>
			<p>A cineangiocoronariografia foi realizada pela via radial direita, com utilização de
            introdutor arterial hidrofílico 6 F. A coronária esquerda apresentava discretas
            irregularidades parietais, sem obstruções (<xref ref-type="fig" rid="f02">Figuras
               2A</xref> a <xref ref-type="fig" rid="f02">2C</xref>). A CD era dominante, exibia
            stent no terço proximal que estava patente, com hiperplasia difusa e obstrução luminal
            de 40% no ponto de maior estreitamento, seguidas de oclusão com retenção de contraste no
            interior do outro stent localizado no terço distal (<xref ref-type="fig" rid="f02">Figura 2D</xref>), configurando quadro de trombose definitiva e muito tardia do
               stent.<xref ref-type="bibr" rid="B02">2</xref> O ventrículo esquerdo apresentava
            hipocinesia inferior (médio-basal) moderada (<xref ref-type="fig" rid="f02">Figuras
               2E</xref> e <xref ref-type="fig" rid="f02">2F</xref>).</p>
			<fig id="f02">
				<label>Figura 2</label>
				<caption>
					<title>Cinecoronariografia. Coronária esquerda sem obstruções significativas (A, B e
                  C). A coronária direita exibia imagem de trombo no interior do stent posicionado
                  no terço distal (D). A ventriculografia esquerda (E e F) exibia hipocinesia
                  ínfero-médio-basal moderada. As linhas pontilhadas indicam os locais dos stents
                  implantados previamente</title>
				</caption>
				<graphic xlink:href="0104-1843-rbci-22-04-0394-gf02.tif"/>
			</fig>
			<p>Após posicionamento do guia 0,014" no leito distal da CD, realizamos múltiplas passagens
            do cateter de tromboaspiração Export<sup>&#x00AE;</sup> (Medtronic Inc., Minneapolis,
            Estados Unidos), cobrindo todo o segmento distal do vaso, com a retirada de grande
            quantidade de trombos e a restauração do fluxo coronário distal TIMI 3. Após
            administração de nitroglicerina intracoronária (200 &#x00B5;g), a angiografia de
            controle evidenciou estenose grave após o bordo distal do stent, seguida de grande
            ectasia da parede do vaso e imagens de falha de enchimento dispersas até a bifurcação
            distal, compatíveis com carga trombótica residual (<xref ref-type="fig" rid="f03">Figura
               3A</xref> a <xref ref-type="fig" rid="f03">3C</xref>).</p>
			<fig id="f03">
				<label>Figura 3</label>
				<caption>
					<title>Tomografia de coerência óptica. Os painéis centrais mostram a coronária
                  direita antes (A) e após (B) a restauração do fluxo. Trombos removidos durante a
                  tromboaspiração (C). O stent no terço distal exibia hastes com cobertura tecidual
                  homogênea. As áreas do stent e do lúmen, indicadas pelos contornos vermelho e
                  azul, delimitam o tecido neointimal com aspecto óptico normal (1). Após o bordo
                  distal do stent, observa-se placa fibrótica estenótica (2). No “ombro” dessa
                  estenose, nota-se placa predominantemente lipídica, com ruptura da capa fibrosa e
                  trombo residual (3). O segmento ectásico que se segue representa região do vaso
                  com aspecto normal (4). Distal a esse segmento, observa-se placa lipídica, com
                  múltiplos pontos de ruptura da capa fibrosa (5-7). Na bifurcação, observa-se
                  grande quantidade de trombo (8), seguida de placa fibrótica excêntrica (9). A
                  parte proximal do ramo descendente posterior apresentava espessamento intimal
                  concêntrico (10).</title>
				</caption>
				<graphic xlink:href="0104-1843-rbci-22-04-0394-gf03.tif"/>
			</fig>
			<p>Em razão do longo segmento acometido na porção distal ao stent, realizamos OCT
            intracoronária para: (1) definir a etiologia da trombose do vaso (trombose intra-stent
            ou ruptura de uma placa distal); (2) avaliar a extensão da doença aterosclerótica no
            segmento distal do vaso, prejudicada na avaliação angiográfica pela presença de trombos
            residuais; (3) identificar locais de referência adequados para posicionamento do(s)
            stent(s); (4) mensurar acuradamente as dimensões do vaso-alvo para melhor seleção dos
            dispositivos a serem implantados - o segmento em investigação mostrava grande
            desproporção de calibre entre os segmentos ectásicos e adjacentes, proximais e
            distais.</p>
			<p>As imagens da OCT foram adquiridas com o sistema <italic>Frequency Domain</italic>
            comercialmente disponível (C7 XR<sup>&#x00AE;</sup> , St. Jude Medical, St. Paul,
            Estados Unidos) durante injeção intracoronária de contraste iônico de baixa osmolaridade
               Hexabrix<sup>&#x00AE;</sup> (Guerbet, Bloomington, Estados Unidos) pelo cateter-guia,
            com auxílio de bomba programada para injetar o contraste com velocidade constante de 3
            mL/s por 3 segundos.</p>
			<p>Nas imagens da OCT, evidenciamos cicatrização adequada do stent, com cobertura completa
            de suas hastes por tecido, que apresentava características ópticas normais (<xref ref-type="fig" rid="f03">Figura 3</xref>, painel 1). No entanto, distal ao stent,
            observamos longo segmento com acometimento aterosclerótico, com composição complexa e
            heterogênea. Oito milímetros após o bordo distal do stent, notamos placa fibrótica,
            focal, promovendo estenose grave, com área luminal mínima de 1,34 mm<sup>2</sup> (<xref ref-type="fig" rid="f03">Figura 3</xref>, painel 2). Na entrada do segmento ectásico,
            observamos placa rica em lipídeo, com distribuição excêntrica e ruptura da capa fibrosa
               (<xref ref-type="fig" rid="f03">Figura 3</xref>, painel 3). A região ectásica
            apresentava diâmetro médio de 5 mm, com morfologia praticamente normal e presença de
            pequena placa fibrótica excêntrica (<xref ref-type="fig" rid="f03">Figura 3</xref>,
            painel 4). Nos segmentos distais à ectasia, notamos longa placa lipídica, estendendo-se
            até a bifurcação, com três pontos adicionais de ruptura da capa fibrosa (<xref ref-type="fig" rid="f03">Figura 3</xref>, painéis 5 a 7) e presença de trombo
            residual na carina (<xref ref-type="fig" rid="f03">Figura 3</xref>, painel 8). A
            bifurcação apresentava placa fibrótica excêntrica, com área luminal de 2,21
               mm<sup>2</sup> (<xref ref-type="fig" rid="f03">Figura 3</xref>, painel 9), enquanto o
            terço proximal do ramo descendente posterior apresentava aspecto normal (<xref ref-type="fig" rid="f03">Figura 3</xref>, painel 10).</p>
			<p>Após administração de bólus intravenoso de abciximabe (0,25 mg/kg), optamos pelo
            tratamento de todo o segmento doente, cobrindo desde a bifurcação até a borda distal do
            stent. Com base nas medidas obtidas pela OCT, implantamos um stent eluidor de
            zotarolimus Endeavor Sprint<sup>&#x00AE;</sup> (Medtronic Inc., Minneapolis, Estados
            Unidos) 2,5 x 18 mm, posicionado na CD em direção ao terço proximal do ramo descendente
            posterior, cobrindo a bifurcação com o ramo ventricular posterior (<xref ref-type="fig" rid="f04">Figura 4A</xref>). Esse stent foi pós-dilatado em sua parte proximal com
            balão não complacente 3,0 x 12 mm, insuflado com alta pressão (20 atm) (<xref ref-type="fig" rid="f04">Figura 4B</xref>), seguido de pós-dilatação do ramo
            ventricular posterior com balão não complacente 2,0 x 8 mm, insuflado a 16 atm (<xref ref-type="fig" rid="f04">Figura 4C</xref>). A optimização do implante na bifurcação
            foi realizada com insuflação simultânea dos dois balões
               (<italic>kissing-balloon</italic>) (<xref ref-type="fig" rid="f04">Figura 4D</xref>).
            Um segundo stent Endeavor Sprint<sup>&#x00AE;</sup> 4,0 x 30 mm foi implantado
            proximalmente, de forma a obtermos mínima sobreposição com o stent acima mencionado e
            com o previamente existente (<xref ref-type="fig" rid="f04">Figura 4E</xref>).
            Pós-dilatação focal, com balão não complacente 5,0 x 12 mm, foi realizada apenas na
            região do stent posicionada sob a ectasia, visando à adequada aposição de suas hastes
               (<xref ref-type="fig" rid="f04">Figura 4F</xref>). Angiografia de controle revelou
            estenose residual menor que 5%, imagem de hipertransparência no interior do segmento
            tratado e fluxo distal TIMI 3 (<xref ref-type="fig" rid="f05">Figura 5</xref>).</p>
			<fig id="f04">
				<label>Figura 4</label>
				<caption>
					<title>Intervenção coronária percutânea. Stent 2,5 x 18 mm foi implantado no segmento
                  distal (A). Esse stent foi pós-dilatado em sua parte proximal com balão não
                  complacente 3,0 x 12 mm (B). Após reposicionamento dos guias, o óstio do ramo
                  ventricular posterior foi pós-dilatado com um balão não complacente 2,0 x 8 mm
                  (C), seguido de insuflação simultânea dos balões nos ramos descendente posterior e
                  ventricular posterior (D). Outro stent 4,0 x 30 mm foi implantado proximalmente,
                  com mínima sobreposição com o previamente implantado (linha amarela) e com o stent
                  já existente (linha branca) (E). Pós-dilatação focal do stent, sob a região de
                  ectasia, foi realizada com balão não complacente 5,0 x 12 mm (F).</title>
				</caption>
				<graphic xlink:href="0104-1843-rbci-22-04-0394-gf04.tif"/>
			</fig>
			<fig id="f05">
				<label>Figura 5</label>
				<caption>
					<title>Angiografia e tomografia de coerência óptica de controle. Os stents
                  previamente implantados (linhas brancas) e os stents recém-implantados (linhas
                  amarela e verde) com mínima sobreposição das hastes, e cobertura completa do
                  segmento. O painel 1 indica o local de sobreposição das hastes com o stent prévio
                  (asteriscos). Observa-se prolapso de material trombótico, que explica a imagem de
                  hipertransparência na angiografia (2). A pós-dilatação focal com balão 5,0 x 12 mm
                  logrou adequada expansão e aposição das hastes no segmento ectásico (3 e 4). Fora
                  do segmento ectásico, o stent acompanha o tamanho do vaso (5). Próximo à
                  bifurcação, nota-se outro ponto de prolapso de material trombótico (6). Foram
                  obtidas adequada expansão e aposição do stent na bifurcação (7) e em sua borda
                  distal no terço proximal do ramo descendente posterior (8)</title>
				</caption>
				<graphic xlink:href="0104-1843-rbci-22-04-0394-gf05.tif"/>
			</fig>
			<p>Avaliação com OCT (<xref ref-type="fig" rid="f05">Figura 5</xref>) revelou adequada
            expansão e aposição das hastes dos stents ao longo do segmento tratado, inclusive na
            região ectásica. No entanto, prolapso de grande quantidade de material trombótico
            através das hastes do stent foi observado na região imediatamente proximal ao segmento
            ectásico, acometendo uma curta extensão de 1,5 mm. Confirmamos ainda a cobertura
            completa da lesão, com mínima sobreposição das hastes do stent 4,0 x 30 mm
            recém-implantado sobre as do stent previamente existente, além de adequada abertura da
            bifurcação ao nível do ramo ventricular posterior e ausência de dissecções de borda no
            ramo descendente posterior.</p>
			<p>O eletrocardiograma realizado cerca de 30 minutos após a ICP revelou resolução completa
            do supradesnivelamento do segmento ST e ausência de área eletricamente inativa. O
            inibidor de glicoproteína IIb/IIIa foi mantido por 12 horas após o procedimento.
            Ecocardiograma realizado no segundo dia pós-ICP evidenciou fração de ejeção de 60% e
            hipocinesia discreta da parede inferior e inferolateral. A paciente permaneceu
            assintomática e recebeu alta hospitalar no 7º dia pós-IAM.</p>
		</sec>
		<sec sec-type="discussions">
			<title>DISCUSSÃO</title>
			<p>A associação de IAM com a documentação angiográfica de oclusão trombótica do stent
            implantado em uma coronária responsável pelo suprimento de um segmento miocárdico
            concordante com a topografia do infarto constitui critério para a chamada trombose
            definitiva do stent, além de possuir a maior especificidade para o diagnóstico desse
               fenômeno.<xref ref-type="bibr" rid="B02">2</xref> Na ausência de documentação
            angiográfica, um IAM que esteja relacionado à documentação de isquemia aguda em um
            território previamente tratado, independentemente do tempo transcorrido após a ICP,
            configura o diagnóstico de trombose provável do stent.<xref ref-type="bibr" rid="B02">2</xref> Embora esses critérios visem aumentar a captação de eventos adversos
            relacionados a stents coronários implantados previamente, eles não permitem distinguir
            se a ocorrência do evento está realmente relacionada ao dispositivo em questão ou se
            está associada com a progressão da doença aterosclerótica fora do segmento tratado.</p>
			<p>No presente relato, apresentamos o caso de uma paciente que desenvolveu IAM na parede
            inferior 8 anos após ter sido tratada com implante de 2 stents não farmacológicos na CD.
            Embora a angiografia coronária mostrasse oclusão da artéria com imagem de trombo no
            interior do stent previamente implantado, o diagnóstico de trombose muito tardia foi
            contestado pelos achados obtidos na avaliação invasiva com a OCT. A OCT revelou que a
            trombose coronária foi decorrente de instabilização de um longo segmento de placas ricas
            em lipídeo localizadas distalmente ao segmento tratado - e não um acidente relacionado
            ao stent.</p>
			<p>Deve-se ter em mente que a aterosclerose coronária é uma doença difusa e progressiva, e
            que o tratamento de determinada estenose coronária não altera a história natural da
            doença aterosclerótica. Estenoses não obstrutivas e/ou não causadoras de isquemia em
            locais remotos ao tratado, no momento do procedimento índice, podem progredir, no
            futuro, para estenoses de alto grau com recidiva da angina ou instabilizar, gerando
            trombose e IAM. <xref ref-type="bibr" rid="B03">3</xref> Em uma análise de 1.228
            pacientes tratados com stents não farmacológicos, Cutlip et al.<xref ref-type="bibr" rid="B04">4</xref> demonstraram que eventos relacionados ao stent predominaram no
            primeiro ano após seu implante, tornando-se consideravelmente mais raros entre o segundo
            e quinto anos, quando eventos relacionados à história natural da doença aterosclerótica
            em outros sítios sobressaíram. Recentemente, Leon et al.<xref ref-type="bibr" rid="B05">5</xref> conduziram uma análise conjunta dos estudos TAXUS I, II,<xref ref-type="bibr" rid="B04">4</xref> IV e V, em que 1.400 pacientes tratados com o
            stent eluidor de paclitaxel Taxus Express<sup>&#x00AE;</sup> (Boston Scientific Corp.,
            Natick, Estados Unidos) foram comparados com 1.397 pacientes tratados com stents não
            farmacológicos. Enquanto a razão de risco anualizada para ocorrência de revascularização
            do vaso-alvo no primeiro ano foi significativamente menor nos pacientes tratados com o
            stent Taxus<sup>&#x00AE;</sup> (11,2% vs. 20,4%; <italic>p</italic> &lt; 0,0001), as
            taxas de revascularização do vaso-alvo, fora do segmento tratado previamente, foram
            relativamente constantes de cerca de 2% ao ano, entre o segundo e quinto anos de
            seguimento, e não significativamente diferentes entre os pacientes tratados com stents
               Taxus<sup>&#x00AE;</sup> ou não farmacológicos (3,3% vs. 3,8%; <italic>p</italic> =
            0,21), mais consistente com a progressão natural da doença do que um efeito específico
            relacionado aos stents.<xref ref-type="bibr" rid="B05">5</xref>
			</p>
			<p>Embora a angiografia coronária seja suficiente, na maioria das vezes, para diferenciar
            reestenose intra-stent de progressão da aterosclerose fora do segmento tratado em
            pacientes estáveis, o presente caso ilustrou a dificuldade de fazer o diagnóstico
            angiográfico no cenário da trombose coronária aguda. Mesmo após obtenção do fluxo TIMI 3
            com a tromboaspiração, o luminograma angiográfico não permitiu que determinássemos a
            origem da trombose coronária. A documentação de oclusão trombótica no interior do stent,
            em conjunto com um longo segmento de doença aterosclerótica distal, com áreas de ectasia
            e estenose, além da considerável carga de trombo residual, constituiu fator de confusão
            adicional e ressaltou a importância da complementação diagnóstica com um método de
            imagem invasivo.</p>
			<p>Neste contexto, a OCT tem papel decisivo e superior aos métodos de imagem existentes.
            Além de ser o único método de imagem capaz de avaliar com acurácia o grau de
            cicatrização das hastes dos stents,<xref ref-type="bibr" rid="B06">6</xref>
				<sup>,</sup>
				<xref ref-type="bibr" rid="B07">7</xref> a OCT também
            possibilita acurada caracterização dos componentes da placa aterosclerótica e seus
            aspectos morfométricos. Particularmente no cenário da síndrome coronariana aguda, a OCT
            possui alta sensibilidade (94%) e especificidade (92%) para detecção de placas
               lipídicas,<xref ref-type="bibr" rid="B08">8</xref> além de ser a única modalidade de
            imagem <italic>in vivo</italic> capaz de quantificar precisamente a espessura da capa
            fibrosa <xref ref-type="bibr" rid="B09">9</xref> e detectar a presença de inflamação com
            agregados de macrófagos, <xref ref-type="bibr" rid="B10">10</xref> aspectos morfológicos
            fundamentais para a caracterização do fibroateroma de capa fina - identificada como a
            "placa vulnerável", que mais frequentemente leva à ruptura e à oclusão coronária
               aguda.<xref ref-type="bibr" rid="B11">11</xref>
				<sup>,</sup>
				<xref ref-type="bibr" rid="B12">12</xref> Com o auxílio da OCT, verificamos que o stent encontrava-se
            cicatrizado, com todas as suas hastes homogeneamente cobertas por um tecido de
            características ópticas normais. Em contrapartida, identificamos longo (~ 30 mm)
            segmento de placas ricas em lipídeo, com capa fibrosa fina e múltiplos pontos de ruptura
            ao longo de seu trajeto, ocasionando a formação de grande carga trombótica, que
            acumulou-se a montante, ocluindo o fluxo coronário no interior do stent previamente
            existente. De forma importante e em consonância com a literatura prévia,<xref ref-type="bibr" rid="B13">13</xref>
				<sup>,</sup>
				<xref ref-type="bibr" rid="B14">14</xref> a trombose coronária ocorreu por rupturas da placa em segmentos lipídicos
            não estenóticos, poupando o ponto de maior estreitamento, que apresentava placa
            fibrótica com integridade preservada.</p>
			<p>Uma vez definida a etiologia, a OCT também foi muito útil para a avaliação da extensão
            da doença e a identificação das regiões de referência, para um posicionamento seguro das
            bordas dos stents. Importante mencionar que a certeza da adequada e consolidada
            cicatrização do stent implantado 8 anos antes permitiu tratar apenas o segmento distal
            do vaso, sem cobrir o stent prévio com um novo stent, prática que possivelmente não
            teria sido realizada dependendo apenas da avaliação angiográfica.</p>
			<p>Durante ICP primária no IAM, são práticas correntes o implante de stents com pressões de
            insuflação baixas/moderadas e a menor utilização de pós-dilatação, visando minimizar a
            ocorrência do fenômeno do <italic>no reflow</italic>, o que justifica, em parte, a maior
            frequência de má aposição aguda no IAM, em comparação com a ICP em pacientes
               estáveis.<xref ref-type="bibr" rid="B15">15</xref> No presente caso, a OCT permitiu
            conhecer de antemão as dimensões reais do lúmen vascular ao longo de todo o segmento,
            compreender o tipo de placa subjacente, e avaliar a quantidade e a localização dos
            trombos residuais. De posse dessas informações, pudemos ser mais "agressivos" na seleção
            dos diâmetros dos stents e balões utilizados durante o procedimento, visando maximizar a
            expansão dos stents implantados, em conformidade com as dimensões vasculares, e evitar
            eventuais má aposição de suas hastes. A utilização de um stent longo de 4,0 mm de
            diâmetro e a realização de múltiplas pós-dilatações com balões de diferentes diâmetros
            em locais selecionados, ao longo do segmento tratado, incluindo um balão de 5,0 mm de
            diâmetro para optimização da região central do stent posicionada sob a ectasia do vaso,
            certamente não teriam sido as estratégias adotada caso tivéssemos guiado o procedimento
            apenas pela angiografia. A contrapartida para tal prática é o maior risco para
            ocorrência de <italic>no reflow</italic>. Para minimizar esse risco, adicionamos um
            inibidor da glicoproteína IIb/IIIa ao esquema antitrombótico, maximizamos a seleção dos
            tamanhos dos stents em relação ao tamanho do vaso, e realizamos pós-dilatações focais,
            com balões curtos, nos segmentos do vaso que possuíam discrepância de tamanho com o
            tamanho nominal do stent utilizado, além de evitarmos manipulações excessivas nos locais
            com maior carga de trombo residual. Essa estratégia nos permitiu obter adequada expansão
            e aposição das hastes dos stents ao longo de todo o segmento tratado, às custas de um
            curto segmento de prolapso de material trombótico por entre as hastes do stent, porém
            sem prejuízo do fluxo epicárdico. O sucesso dessa estratégia ficou evidente pela
            completa regressão do supradesnivelamento do segmento ST 30 minutos após o procedimento
            e pela ausência de acinesia na parede acometida no ecocardiograma, realizado no segundo
            dia.</p>
		</sec>
	</body>
	<back>
		<fn-group>
			<fn fn-type="financial-disclosure">
				<p>
					<bold>FONTE DE FINANCIAMENTO</bold>
				</p>
				<p>Não há.</p>
			</fn>
		</fn-group>
		<ref-list>
			<title>REFERÊNCIAS</title>
			<ref id="B01">
				<label>1</label>
				<mixed-citation>Windecker S, Kolh P, Alfonso F, Collet JP, Cremer J, Falk V, et al. 2014 ESC/EACTS Guidelines on myocardial revascularization: The Task Force on Myocardial Revascularization of the European Society of Cardiology (ESC) and the European Association for Cardio-Thoracic Surgery (EACTS) Developed with the special contribution of the European Association of Percutaneous Cardiovascular Interventions (EAPCI). Eur Heart J. 2014;35(37):2541-619.</mixed-citation>
				<element-citation publication-type="journal">
					<person-group person-group-type="author">
						<name>
							<surname>Windecker</surname>
							<given-names>S</given-names>
						</name>
						<name>
							<surname>Kolh</surname>
							<given-names>P</given-names>
						</name>
						<name>
							<surname>Alfonso</surname>
							<given-names>F</given-names>
						</name>
						<name>
							<surname>Collet</surname>
							<given-names>JP</given-names>
						</name>
						<name>
							<surname>Cremer</surname>
							<given-names>J</given-names>
						</name>
						<name>
							<surname>Falk</surname>
							<given-names>V</given-names>
						</name>
						<etal>et al</etal>
					</person-group>
					<article-title>2014 ESC/EACTS Guidelines on myocardial revascularization: The Task Force on Myocardial Revascularization of the European Society of Cardiology (ESC) and the European Association for Cardio-Thoracic Surgery (EACTS) Developed with the special contribution of the European Association of Percutaneous Cardiovascular Interventions (EAPCI) </article-title>
					<source>Eur Heart J</source>
					<year>2014</year>
					<volume>35</volume>
					<issue>37</issue>
					<fpage>2541</fpage>
					<lpage>2619</lpage>
				</element-citation>
			</ref>
			<ref id="B02">
				<label>2</label>
				<mixed-citation>Cutlip DE, Windecker S, Mehran R, Boam A, Cohen DJ, van Es GA, et al. Clinical end points in coronary stent trials: a case for standardized definitions. Circulation. 2007;115(17):2344-51.</mixed-citation>
				<element-citation publication-type="journal">
					<person-group person-group-type="author">
						<name>
							<surname>Cutlip</surname>
							<given-names>DE</given-names>
						</name>
						<name>
							<surname>Windecker</surname>
							<given-names>S</given-names>
						</name>
						<name>
							<surname>Mehran</surname>
							<given-names>R</given-names>
						</name>
						<name>
							<surname>Boam</surname>
							<given-names>A</given-names>
						</name>
						<name>
							<surname>Cohen</surname>
							<given-names>DJ</given-names>
						</name>
						<name>
							<surname>van Es</surname>
							<given-names>GA</given-names>
						</name>
						<etal>et al</etal>
					</person-group>
					<article-title>Clinical end points in coronary stent trials: a case for standardized definitions</article-title>
					<source>Circulation</source>
					<year>2007</year>
					<volume>115</volume>
					<issue>17</issue>
					<fpage>2344</fpage>
					<lpage>2351</lpage>
				</element-citation>
			</ref>
			<ref id="B03">
				<label>3</label>
				<mixed-citation>Pfisterer ME, Zellweger MJ, Gersh BJ. Management of stable coronary artery disease. Lancet. 2010;375(9716):763-72.</mixed-citation>
				<element-citation publication-type="journal">
					<person-group person-group-type="author">
						<name>
							<surname>Pfisterer</surname>
							<given-names>ME</given-names>
						</name>
						<name>
							<surname>Zellweger</surname>
							<given-names>MJ</given-names>
						</name>
						<name>
							<surname>Gersh</surname>
							<given-names>BJ</given-names>
						</name>
					</person-group>
					<article-title>Management of stable coronary artery disease</article-title>
					<source>Lancet</source>
					<year>2010</year>
					<volume>375</volume>
					<issue>9716</issue>
					<fpage>763</fpage>
					<lpage>772</lpage>
				</element-citation>
			</ref>
			<ref id="B04">
				<label>4</label>
				<mixed-citation>Cutlip DE, Chhabra AG, Baim DS, Chauhan MS, Marulkar S, Massaro J, et al. Beyond restenosis: five-year clinical outcomes from second-generation coronary stent trials. Circulation. 2004;110(10):1226-30.</mixed-citation>
				<element-citation publication-type="journal">
					<person-group person-group-type="author">
						<name>
							<surname>Cutlip</surname>
							<given-names>DE</given-names>
						</name>
						<name>
							<surname>Chhabra</surname>
							<given-names>AG</given-names>
						</name>
						<name>
							<surname>Baim</surname>
							<given-names>DS</given-names>
						</name>
						<name>
							<surname>Chauhan</surname>
							<given-names>MS</given-names>
						</name>
						<name>
							<surname>Marulkar</surname>
							<given-names>S</given-names>
						</name>
						<name>
							<surname>Massaro</surname>
							<given-names>J</given-names>
						</name>
						<etal>et al</etal>
					</person-group>
					<article-title>Beyond restenosis: five-year clinical outcomes from second-generation coronary stent trials</article-title>
					<source>Circulation</source>
					<year>2004</year>
					<volume>110</volume>
					<issue>10</issue>
					<fpage>1226</fpage>
					<lpage>1230</lpage>
				</element-citation>
			</ref>
			<ref id="B05">
				<label>5</label>
				<mixed-citation>Leon MB, Allocco DJ, Dawkins KD, Baim DS. Late clinical events after drug-eluting stents: the interplay between stent-related and natural history-driven events. JACC Cardiovasc Interv. 2009;2(6):504-12.</mixed-citation>
				<element-citation publication-type="journal">
					<person-group person-group-type="author">
						<name>
							<surname>Leon</surname>
							<given-names>MB</given-names>
						</name>
						<name>
							<surname>Allocco</surname>
							<given-names>DJ</given-names>
						</name>
						<name>
							<surname>Dawkins</surname>
							<given-names>KD</given-names>
						</name>
						<name>
							<surname>Baim</surname>
							<given-names>DS</given-names>
						</name>
					</person-group>
					<article-title>Late clinical events after drug-eluting stents: the interplay between stent-related and natural history-driven events</article-title>
					<source>JACC Cardiovasc Interv</source>
					<year>2009</year>
					<volume>2</volume>
					<issue>6</issue>
					<fpage>504</fpage>
					<lpage>512</lpage>
				</element-citation>
			</ref>
			<ref id="B06">
				<label>6</label>
				<mixed-citation>Murata A, Wallace-Bradley D, Tellez A, Alviar C, Aboodi M, Sheehy A, et al. Accuracy of optical coherence tomography in the evaluation of neointimal coverage after stent implantation. JACC Cardiovasc Imaging. 2010;3(1):76-84.</mixed-citation>
				<element-citation publication-type="journal">
					<person-group person-group-type="author">
						<name>
							<surname>Murata</surname>
							<given-names>A</given-names>
						</name>
						<name>
							<surname>Wallace-Bradley</surname>
							<given-names>D</given-names>
						</name>
						<name>
							<surname>Tellez</surname>
							<given-names>A</given-names>
						</name>
						<name>
							<surname>Alviar</surname>
							<given-names>C</given-names>
						</name>
						<name>
							<surname>Aboodi</surname>
							<given-names>M</given-names>
						</name>
						<name>
							<surname>Sheehy</surname>
							<given-names>A</given-names>
						</name>
						<etal>et al</etal>
					</person-group>
					<article-title>Accuracy of optical coherence tomography in the evaluation of neointimal coverage after stent implantation</article-title>
					<source>JACC Cardiovasc Imaging</source>
					<year>2010</year>
					<volume>3</volume>
					<issue>1</issue>
					<fpage>76</fpage>
					<lpage>84</lpage>
				</element-citation>
			</ref>
			<ref id="B07">
				<label>7</label>
				<mixed-citation>Templin C, Meyer M, Muller MF, Djonov V, Hlushchuk R, Dimova I, et al. Coronary optical frequency domain imaging (OFDI) for in vivo evaluation of stent healing: comparison with light and electron microscopy. Eur Heart J. 2010;31(14):1792-801.</mixed-citation>
				<element-citation publication-type="journal">
					<person-group person-group-type="author">
						<name>
							<surname>Templin</surname>
							<given-names>C</given-names>
						</name>
						<name>
							<surname>Meyer</surname>
							<given-names>M</given-names>
						</name>
						<name>
							<surname>Muller</surname>
							<given-names>MF</given-names>
						</name>
						<name>
							<surname>Djonov</surname>
							<given-names>V</given-names>
						</name>
						<name>
							<surname>Hlushchuk</surname>
							<given-names>R</given-names>
						</name>
						<name>
							<surname>Dimova</surname>
							<given-names>I</given-names>
						</name>
						<etal>et al</etal>
					</person-group>
					<article-title>Coronary optical frequency domain imaging (OFDI) for in vivo evaluation of stent healing: comparison with light and electron microscopy</article-title>
					<source>Eur Heart J</source>
					<year>2010</year>
					<volume>31</volume>
					<issue>14</issue>
					<fpage>1792</fpage>
					<lpage>1801</lpage>
				</element-citation>
			</ref>
			<ref id="B08">
				<label>8</label>
				<mixed-citation>Yabushita H, Bouma BE, Houser SL, Aretz HT, Jang IK, Schlendorf KH, et al. Characterization of human atherosclerosis by optical coherence tomography. Circulation. 2002;106(13):1640-5.</mixed-citation>
				<element-citation publication-type="journal">
					<person-group person-group-type="author">
						<name>
							<surname>Yabushita</surname>
							<given-names>H</given-names>
						</name>
						<name>
							<surname>Bouma</surname>
							<given-names>BE</given-names>
						</name>
						<name>
							<surname>Houser</surname>
							<given-names>SL</given-names>
						</name>
						<name>
							<surname>Aretz</surname>
							<given-names>HT</given-names>
						</name>
						<name>
							<surname>Jang</surname>
							<given-names>IK</given-names>
						</name>
						<name>
							<surname>Schlendorf</surname>
							<given-names>KH</given-names>
						</name>
						<etal>et al</etal>
					</person-group>
					<article-title>Characterization of human atherosclerosis by optical coherence tomography</article-title>
					<source>Circulation</source>
					<year>2002</year>
					<volume>106</volume>
					<issue>13</issue>
					<fpage>1640</fpage>
					<lpage>1645</lpage>
				</element-citation>
			</ref>
			<ref id="B09">
				<label>9</label>
				<mixed-citation>Kume T, Akasaka T, Kawamoto T, Okura H, Watanabe N, Toyota E, et al. Measurement of the thickness of the fibrous cap by optical coherence tomography. Am Heart J. 2006;152(4):755e1-4.</mixed-citation>
				<element-citation publication-type="journal">
					<person-group person-group-type="author">
						<name>
							<surname>Kume</surname>
							<given-names>T</given-names>
						</name>
						<name>
							<surname>Akasaka</surname>
							<given-names>T</given-names>
						</name>
						<name>
							<surname>Kawamoto</surname>
							<given-names>T</given-names>
						</name>
						<name>
							<surname>Okura</surname>
							<given-names>H</given-names>
						</name>
						<name>
							<surname>Watanabe</surname>
							<given-names>N</given-names>
						</name>
						<name>
							<surname>Toyota</surname>
							<given-names>E</given-names>
						</name>
						<etal>et al</etal>
					</person-group>
					<article-title>Measurement of the thickness of the fibrous cap by optical coherence tomography</article-title>
					<source>Am Heart J</source>
					<year>2006</year>
					<volume>152</volume>
					<issue>4</issue>
					<fpage>755e1</fpage>
					<lpage>755e4</lpage>
				</element-citation>
			</ref>
			<ref id="B10">
				<label>10</label>
				<mixed-citation>Tearney GJ, Yabushita H, Houser S, Aretz HT, Jang IK, Schlendorf KH, et al. Quantification of macrophage content in atherosclerotic plaques by optical coherence tomography. Circulation. 2003;107(1):113-9.</mixed-citation>
				<element-citation publication-type="journal">
					<person-group person-group-type="author">
						<name>
							<surname>Tearney</surname>
							<given-names>GJ</given-names>
						</name>
						<name>
							<surname>Yabushita</surname>
							<given-names>H</given-names>
						</name>
						<name>
							<surname>Houser</surname>
							<given-names>S</given-names>
						</name>
						<name>
							<surname>Aretz</surname>
							<given-names>HT</given-names>
						</name>
						<name>
							<surname>Jang</surname>
							<given-names>IK</given-names>
						</name>
						<name>
							<surname>Schlendorf</surname>
							<given-names>KH</given-names>
						</name>
						<etal>et al</etal>
					</person-group>
					<article-title>Quantification of macrophage content in atherosclerotic plaques by optical coherence tomography</article-title>
					<source>Circulation</source>
					<year>2003</year>
					<volume>107</volume>
					<issue>1</issue>
					<fpage>113</fpage>
					<lpage>119</lpage>
				</element-citation>
			</ref>
			<ref id="B11">
				<label>11</label>
				<mixed-citation>Virmani R, Kolodgie FD, Burke AP, Farb A, Schwartz SM. Lessons from sudden coronary death: a comprehensive morphological classification scheme for atherosclerotic lesions. Arterioscler Thromb Vasc Biol. 2000;20(5):1262-75.</mixed-citation>
				<element-citation publication-type="journal">
					<person-group person-group-type="author">
						<name>
							<surname>Virmani</surname>
							<given-names>R</given-names>
						</name>
						<name>
							<surname>Kolodgie</surname>
							<given-names>FD</given-names>
						</name>
						<name>
							<surname>Burke</surname>
							<given-names>AP</given-names>
						</name>
						<name>
							<surname>Farb</surname>
							<given-names>A</given-names>
						</name>
						<name>
							<surname>Schwartz</surname>
							<given-names>SM</given-names>
						</name>
					</person-group>
					<article-title>Lessons from sudden coronary death: a comprehensive morphological classification scheme for atherosclerotic lesions</article-title>
					<source>Arterioscler Thromb Vasc Biol</source>
					<year>2000</year>
					<volume>20</volume>
					<issue>5</issue>
					<fpage>1262</fpage>
					<lpage>1275</lpage>
				</element-citation>
			</ref>
			<ref id="B12">
				<label>12</label>
				<mixed-citation>Virmani R, Burke AP, Farb A, Kolodgie FD. Pathology of the unstable plaque. Prog Cardiovasc Dis. 2002;44(5):349-56.</mixed-citation>
				<element-citation publication-type="journal">
					<person-group person-group-type="author">
						<name>
							<surname>Virmani</surname>
							<given-names>R</given-names>
						</name>
						<name>
							<surname>Burke</surname>
							<given-names>AP</given-names>
						</name>
						<name>
							<surname>Farb</surname>
							<given-names>A</given-names>
						</name>
						<name>
							<surname>Kolodgie</surname>
							<given-names>FD</given-names>
						</name>
					</person-group>
					<article-title>Pathology of the unstable plaque</article-title>
					<source>Prog Cardiovasc Dis</source>
					<year>2002</year>
					<volume>44</volume>
					<issue>5</issue>
					<fpage>349</fpage>
					<lpage>356</lpage>
				</element-citation>
			</ref>
			<ref id="B13">
				<label>13</label>
				<mixed-citation>Little WC, Constantinescu M, Applegate RJ, Kutcher MA, Burrows MT, Kahl FR, et al. Can coronary angiography predict the site of a subsequent myocardial infarction in patients with mild-to-moderate coronary artery disease? Circulation. 1988;78(5 Pt 1):1157-66.</mixed-citation>
				<element-citation publication-type="journal">
					<person-group person-group-type="author">
						<name>
							<surname>Little</surname>
							<given-names>WC</given-names>
						</name>
						<name>
							<surname>Constantinescu</surname>
							<given-names>M</given-names>
						</name>
						<name>
							<surname>Applegate</surname>
							<given-names>RJ</given-names>
						</name>
						<name>
							<surname>Kutcher</surname>
							<given-names>MA</given-names>
						</name>
						<name>
							<surname>Burrows</surname>
							<given-names>MT</given-names>
						</name>
						<name>
							<surname>Kahl</surname>
							<given-names>FR</given-names>
						</name>
						<etal>et al</etal>
					</person-group>
					<article-title>Can coronary angiography predict the site of a subsequent myocardial infarction in patients with mild-to-moderate coronary artery disease</article-title>
					<source>Circulation</source>
					<year>1988</year>
					<volume>78</volume>
					<issue>5</issue>
					<issue-part>Pt 1</issue-part>
					<fpage>1157</fpage>
					<lpage>1166</lpage>
				</element-citation>
			</ref>
			<ref id="B14">
				<label>14</label>
				<mixed-citation>Falk E, Shah PK, Fuster V. Coronary plaque disruption. Circulation. 1995;92(3):657-71.</mixed-citation>
				<element-citation publication-type="journal">
					<person-group person-group-type="author">
						<name>
							<surname>Falk</surname>
							<given-names>E</given-names>
						</name>
						<name>
							<surname>Shah</surname>
							<given-names>PK</given-names>
						</name>
						<name>
							<surname>Fuster</surname>
							<given-names>V</given-names>
						</name>
					</person-group>
					<article-title>Coronary plaque disruption</article-title>
					<source>Circulation</source>
					<year>1995</year>
					<volume>92</volume>
					<issue>3</issue>
					<fpage>657</fpage>
					<lpage>671</lpage>
				</element-citation>
			</ref>
			<ref id="B15">
				<label>15</label>
				<mixed-citation>Guo N, Maehara A, Mintz GS, He Y, Xu K, Wu X, et al. Incidence, mechanisms, predictors, and clinical impact of acute and late stent malapposition after primary intervention in patients with acute myocardial infarction: an intravascular ultrasound substudy of the Harmonizing Outcomes with Revascularization and Stents in Acute Myocardial Infarction (HORIZONS-AMI) trial. Circulation. 2010;122(11):1077-84.</mixed-citation>
				<element-citation publication-type="journal">
					<person-group person-group-type="author">
						<name>
							<surname>Guo</surname>
							<given-names>N</given-names>
						</name>
						<name>
							<surname>Maehara</surname>
							<given-names>A</given-names>
						</name>
						<name>
							<surname>Mintz</surname>
							<given-names>GS</given-names>
						</name>
						<name>
							<surname>He</surname>
							<given-names>Y</given-names>
						</name>
						<name>
							<surname>Xu</surname>
							<given-names>K</given-names>
						</name>
						<name>
							<surname>Wu</surname>
							<given-names>X</given-names>
						</name>
						<etal>et al</etal>
					</person-group>
					<article-title>Incidence, mechanisms, predictors, and clinical impact of acute and late stent malapposition after primary intervention in patients with acute myocardial infarction: an intravascular ultrasound substudy of the Harmonizing Outcomes with Revascularization and Stents in Acute Myocardial Infarction (HORIZONS-AMI) trial</article-title>
					<source>Circulation</source>
					<year>2010</year>
					<volume>122</volume>
					<issue>11</issue>
					<fpage>1077</fpage>
					<lpage>1084</lpage>
				</element-citation>
			</ref>
		</ref-list>
	</back>
	<sub-article article-type="translation" id="SA1" xml:lang="en">
		<front-stub>
			<article-categories>
				<subj-group subj-group-type="heading">
					<subject>CASE REPORTS</subject>
				</subj-group>
			</article-categories>
			<title-group>
				<article-title>Very Late Stent Thrombosis by Angiography. A Case of Atherosclerosis Progression by OCT</article-title>
			</title-group>
			<contrib-group>
				<contrib contrib-type="author">
					<name>
						<surname>Castro</surname>
						<given-names>Antonio de</given-names>
						<suffix>Filho</suffix>
					</name>
					<xref ref-type="aff" rid="aff02"/>
				</contrib>
				<contrib contrib-type="author">
					<name>
						<surname>Chamié</surname>
						<given-names>Daniel</given-names>
					</name>
					<xref ref-type="aff" rid="aff02"/>
				</contrib>
				<contrib contrib-type="author">
					<name>
						<surname>Abizaid</surname>
						<given-names>Alexandre</given-names>
					</name>
					<xref ref-type="aff" rid="aff02"/>
				</contrib>
			</contrib-group>
			<aff id="aff02">
				<institution content-type="original">Instituto Dante Pazzanese de Cardiologia, São Paulo, SP, Brazil</institution>
			</aff>
			<author-notes>
				<fn fn-type="conflict">
					<p>
						<bold>CONFLICTS OF INTEREST</bold>
					</p>
					<p>The authors declare no conflicts of interest.</p>
				</fn>
			</author-notes>
			<abstract>
				<p>The progressive nature of coronary atherosclerotic disease is often neglected in
               patients submitted to percutaneous coronary intervention. Very late (&gt; 1 year)
               myocardial infarctions affecting the treated myocardial territory are usually
               attributed to device related complications. We report the case of a patient with
               acute inferior wall ST-elevation myocardial infarction, who had a thrombotic
               occlusion of a bare-metal stent implanted 8 years before. Despite the angiographic
               diagnosis of very late stent thrombosis, optical coherence tomography revealed that
               the acute myocardial infarction was caused by rupture of an atherosclerotic plaque
               outside of the previously stented segment.</p>
			</abstract>
			<kwd-group xml:lang="en">
				<kwd>Myocardial infarction</kwd>
				<kwd>Percutaneous coronary intervention</kwd>
				<kwd>Stents</kwd>
				<kwd>Tomography, optical coherence</kwd>
				<kwd>Coronary thrombosis</kwd>
			</kwd-group>
		</front-stub>
		<body>
			<p>The introduction of coronary stents, especially the drug-eluting, represented a great
            advance in the percutaneous treatment of coronary artery disease, making this
            intervention one of the therapeutic modalities most often performed in medicine.<xref ref-type="bibr" rid="B01">1</xref> However, in the mid-2000's, reports of a higher
            incidence of late thrombosis after implantation of first-generation drug-eluting stents
            gave rise to a series of debates on the long-term safety of these devices. In order to
            standardize the definitions and provide consensus recommendations for the classification
            of clinical outcomes after percutaneous coronary intervention (PCI), a document was
            published in 2007 by the Academic Research Consortium (ARC).<xref ref-type="bibr" rid="B02">2</xref> In brief, adverse events occurring in a previously treated area
            are attributed to the implanted device, until another clear cause is documented. In the
            specific case of stent thrombosis, the ARC provides the highest level of evidence for
            the diagnosis when there is angiographic documentation of thrombotic occlusion of a
            stent implanted in a vessel responsible for a territory under acute ischemia - the
            so-called definite stent thrombosis.</p>
			<p>In this report, the authors present a case of a patient with acute myocardial infarction
            (AMI) with ST-segment elevation, in which the angiographic diagnosis of very late
            definite thrombosis (&gt; 1 year) of a bare-metal stent was ruled out by optical
            coherence tomography (OCT).</p>
			<sec sec-type="cases">
				<title>CASE REPORT</title>
				<p>Female patient, 58 years old, had an AMI eight years before, when she was submitted
               to PCI with implantation of two bare-metal stents in the right coronary artery (RCA).
               Since then, she remained asymptomatic and her clinical evolution showed no new
               events. In June 2014, she was admitted to the emergency room of this hospital with
               typical chest pain, which had started at rest 2.5 hours before admission. Peripheral
               perfusion was adequate and there were no signs of pulmonary congestion. ECG showed
               ST-segment elevation in the inferior lateral and posterior walls (<xref ref-type="fig" rid="f06">Figure 1</xref>).</p>
				<fig id="f06">
					<label>Figure 1</label>
					<caption>
						<title>Electrocardiogram at admission. ST-segment elevation is observed in the
                     inferior, lateral, and posterior walls</title>
					</caption>
					<graphic xlink:href="0104-1843-rbci-22-04-0394-gf01-en.tif"/>
				</fig>
				<p>The patient was treated with 300 mg acetylsalicylic acid, 600 mg of clopidogrel, and
               5,000 units of unfractionated heparin administered intravenously, being promptly
               referred to the cardiac catheterization laboratory.</p>
				<p>Coronary angiography was performed through the right radial access route, using a 6-F
               hydrophilic arterial sheath. The left coronary artery showed discreet parietal
               irregularities, with no obstructions (<xref ref-type="fig" rid="f07">Figures
                  2A</xref> to <xref ref-type="fig" rid="f07">2C</xref>). The RCA was dominant,
               showed a stent in the proximal third that was patent, with diffuse hyperplasia and
               40% luminal obstruction in its narrowest point, followed by occlusion with contrast
               retention inside another stent located in the distal third (<xref ref-type="fig" rid="f07">Figure 2D</xref>),demonstrating definite and very late stent
                  thrombosis.<xref ref-type="bibr" rid="B02">2</xref> The left ventricle showed
               moderate inferior hypokinesis (medio-basal) (<xref ref-type="fig" rid="f07">Figures
                  2E</xref> and <xref ref-type="fig" rid="f07">2F</xref>).</p>
				<fig id="f07">
					<label>Figure 2</label>
					<caption>
						<title>Coronary angiography. Left main coronary artery with no significant
                     obstructions (A, B, and C). Right coronary artery shows a thrombus inside the
                     stent positioned in the distal third (D). Left ventriculography (E and F) show
                     moderate basal and mid-inferior wall hypokinesis. Dotted lines indicate the
                     sites of previously implanted stents</title>
					</caption>
					<graphic xlink:href="0104-1843-rbci-22-04-0394-gf02-en.tif"/>
				</fig>
				<p>After positioning the 0.014-inch guide wire on the RCA distal bed, the
                  Export<sup>&#x00AE;</sup> thromboaspiration catheter (Medtronic Inc., Minneapolis,
               USA) was passed multiple times, covering the entire distal segment of the vessel,
               removing large amounts of thrombus and restoring Thrombolysis in Myocardial
               Infarction (TIMI 3) distal coronary blood flow. After administration of intracoronary
               nitroglycerin (200 &#x00B5;g), control angiography showed severe stenosis after the
               distal stent border, followed by extensive ectasia of the vessel wall and filling
               failure images dispersed until the distal bifurcation, compatible with residual
               thrombotic burden (<xref ref-type="fig" rid="f08">Figure 3A</xref> to <xref ref-type="fig" rid="f08">3C</xref>).</p>
				<fig id="f08">
					<label>Figure 3</label>
					<caption>
						<title>Optical coherence tomography. The central panels show the right coronary
                     artery before (A) and after (B) flow restoration. Thrombi removed during
                     thromboaspiration (C). The stent in the distal third showed struts with
                     homogeneous tissue coverage. The stent and lumen areas, indicated by red and
                     blue contours, define the neointimal tissue with normal optical appearance (1).
                     After the stent distal edge, stenotic fibrotic plaque can be observed (2). At
                     the “shoulder” of the stenosis, a predominantly lipid plaque can be observed,
                     with fibrous cap rupture and residual thrombus (3). The following ectatic
                     segment is the vessel region with normal appearance (4). Distal to this
                     segment, a lipid plaque, with multiple fibrous caprupture sites, can be
                     observed (5-7). At the bifurcation, there is large amount of thrombus (8),
                     followed by eccentric fibrotic plaque (9). The proximal part of the posterior
                     descending branch shows concentric intimal thickening (10).</title>
					</caption>
					<graphic xlink:href="0104-1843-rbci-22-04-0394-gf03-en.tif"/>
				</fig>
				<p>Due to the long segment affected in the distal stent portion, intracoronary OCT was
               performed to: (1) define the etiology of the vessel thrombosis (in-stent thrombosis
               or rupture of a distal plaque); (2) assess the extent of atherosclerotic disease in
               the distal segment of the vessel, impaired at the angiographic assessment due to the
               presence of residual thrombus; (3) identify adequate reference sites for stent
               positioning; (4) accurately measure the target-vessel size for better selection of
               devices to be implanted - the assessed segment showed large caliber disproportion
               between the ectatic and proximal and distal adjacent segments.</p>
				<p>The OCT images were acquired using the commercially available Frequency Domain system
               (C7 XR<sup>&#x00AE;</sup>; St. Jude Medical, St. Paul, United States) during
               intracoronary injection of Hexabrix<sup>&#x00AE;</sup> ionic low-osmolarity contrast
               (Guerbet, Bloomington, United States) using a catheter guide with the help of a pump
               programmed to inject contrast at a constant speed of 3 mL/s for 3 seconds.</p>
				<p>In the OCT images, adequate stent healing was observed, with complete coverage of the
               struts by tissue that had normal optical characteristics (<xref ref-type="fig" rid="f08">Figure 3</xref>, panel 1). However, distal to the stent, a long segment
               with atherosclerotic involvement, of complex and heterogeneous composition, was
               observed. Eight millimeters after the stent distal border, it was observed the
               presence of fibrotic, focal plaque, promoting severe stenosis with minimal luminal
               area of 1.34 mm<sup>2</sup> (<xref ref-type="fig" rid="f08">Figure 3</xref>, panel
               2). At the entrance of the ectatic segment, the presence of a lipid-rich plaque was
               observed, with eccentric distribution and fibrous cap rupture (<xref ref-type="fig" rid="f08">Figure 3</xref>, panel 3). The ectatic region had a mean diameter of 5
               mm, almost normal morphology, and the presence of small eccentric fibrous plaque
                  (<xref ref-type="fig" rid="f08">Figure 3</xref>, panel 4). At the segments distal
               to the ectasia, the presence of a long lipid plaque that extended to the bifurcation
               was observed, with three additional sites of fibrous cap rupture (<xref ref-type="fig" rid="f08">Figure 3</xref>, panels 5-7) and presence of residual
               thrombus in the carina (<xref ref-type="fig" rid="f08">Figure 3</xref>, panel 8). The
               bifurcation showed an eccentric fibrotic plaque with luminal area of 2.21
                  mm<sup>2</sup> (<xref ref-type="fig" rid="f08">Figure 3</xref>, panel 9), while
               the proximal third of the posterior descending branch was normal (<xref ref-type="fig" rid="f08">Figure 3</xref>, panel 10).</p>
				<p>After intravenous bolus administration of abciximab (0.25 mg/kg), the authors chose
               to treat the entire affected segment, covering from the bifurcation to the distal
               edge of the stent. Based on the measurements obtained by OCT, a 2.5 &#x00D7; 18 mm
               zotarolimus-eluting Endeavor Sprint<sup>&#x00AE;</sup> stent (Medtronic Inc.,
               Minneapolis, United States) was implanted, positioned in the RCA towards the proximal
               third of the posterior descending branch, covering the bifurcation with the posterior
               ventricular branch (<xref ref-type="fig" rid="f09">Figure 4A</xref>). This stent was
               post-dilated at its proximal portion using a 3.0 &#x00D7; 12 mm noncompliant balloon,
               inflated with high pressure (20 atm; <xref ref-type="fig" rid="f09">Figure
               4B</xref>), followed by post-dilation of the posterior ventricular branch with a 2.0
               &#x00D7; 8 mm noncompliant balloon, inflated to 16 atm (<xref ref-type="fig" rid="f09">Figure 4C</xref>). The implant optimization at the bifurcation was
               performed with simultaneous inflation of kissing-balloons (<xref ref-type="fig" rid="f09">Figure 4D</xref>). A second 4.0 &#x00D7; 30 mm Endeavor
                  Sprint<sup>&#x00AE;</sup> stent was implanted proximally to obtain minimal overlap
               with the aforementioned stent and the previously existing stent (<xref ref-type="fig" rid="f09">Figure 4E</xref>). Focal post-dilation with a 5.0 &#x00D7; 12 mm
               noncompliant balloon was performed only in the stent region positioned under the
               ectasia, aiming at adequate strut apposition (<xref ref-type="fig" rid="f09">Figure
                  4F</xref>). Control angiography showed residual stenosis &lt; 5%, hypertransparent
               image inside the treated segment, and TIMI 3 distal flow (<xref ref-type="fig" rid="f10">Figure 5</xref>).</p>
				<fig id="f09">
					<label>Figure 4</label>
					<caption>
						<title>Percutaneous coronary intervention. A 2.5 &#x00D7; 18 mm stent was
                     implanted in the distal segment (A). This stent was post-dilated in its
                     proximal part with a 3.0 &#x00D7; 12 mm noncompliant balloon (B). After the
                     guide wires were repositioned, the posterior ventricular branch ostium was
                     post-dilated with a 2.0 &#x00D7; 8 mm non-compliant balloon (C), followed by
                     simultaneous balloon inflation in the posterior descending and posterior
                     ventricular branches (D). Another 4.0 &#x00D7; 30 mm stent was implanted
                     proximally, with minimal overlap with the previously implanted stent (yellow
                     line) and the existing stent (white line) (E). Focal stent post-dilation, under
                     the ectatic region, was performed with a 12 &#x00D7; 5.0 mm noncompliant
                     balloon (F).</title>
					</caption>
					<graphic xlink:href="0104-1843-rbci-22-04-0394-gf01-en.tif"/>
				</fig>
				<fig id="f10">
					<label>Figure 5</label>
					<caption>
						<title>Control angiography and optical coherence tomography. The previously
                     implanted stents (white lines) and the newly implanted stents (yellow and green
                     lines) show minimal overlap of the struts and complete segmental coverage.
                     Panel 1 shows the location of the overlapping struts with the previous stent
                     (asterisks). Thrombotic material prolapse can be observed, which explains the
                     hypertransparent image on angiography (2). The focal post-dilation with a 5.0
                     &#x00D7; 12 mm balloon showed appropriate expansion and strut apposition in the
                     ectatic segment (3 and 4). Outside the ectatic segment, the stent accompanies
                     the size of the vessel (5). Next to the bifurcation, another point of
                     thrombotic material prolapse is observed (6). Adequate stent expansion and
                     apposition were attained at the bifurcation (7) and at its distal edge in the
                     proximal third of the posterior descending branch (8)</title>
					</caption>
					<graphic xlink:href="0104-1843-rbci-22-04-0394-gf05-en.tif"/>
				</fig>
				<p>OCT assessment (<xref ref-type="fig" rid="f10">Figure 5</xref>) showed adequate
               expansion and apposition of stent struts along the treated segment, including the
               ectatic region. However, the prolapse of a large amount of thrombotic material
               through the stent struts was observed in the region immediately proximal to the
               ectatic segment, affecting a short extension of 1.5 mm. Full coverage of the lesion
               was also confirmed, with minimal overlap of the recently implanted 4.0 &#x00D7; 30 mm
               stent struts on those of the previously existing stent, as well as adequate opening
               of the bifurcation at the posterior ventricular branch level, and absence of
               dissections in the posterior descending branch borders.</p>
				<p>The electrocardiogram performed approximately 30 minutes after the PCI showed
               complete resolution of ST-segment elevation and absence of electrically inactive
               area. Glycoprotein IIb/IIIa inhibitor was maintained for 12 hours after the
               procedure. The echocardiography performed on the second day post-PCI showed an
               ejection fraction of 60% and mild hypokinesia of the lower and infero-lateral walls.
               The patient remained asymptomatic and was discharged on the 7º day after AMI.</p>
			</sec>
			<sec sec-type="discussions">
				<title>DISCUSSION</title>
				<p>The association of AMI with angiographic documentation of thrombotic occlusion of a
               stent placed in a coronary artery responsible for the supply of a myocardial segment
               consistent with the topography of infarction constitutes a criterion for the
               so-called definite stent thrombosis, as well as having the highest specificity for
               the diagnosis of this phenomenon.<xref ref-type="bibr" rid="B02">2</xref> In the
               absence of angiographic documentation, an AMI that is related to acute ischemia
               documentation in a previously treated territory, regardless of the time elapsed after
               PCI, establishes the diagnosis of probable stent thrombosis.<xref ref-type="bibr" rid="B02">2</xref> Although these criteria aim to increase the detection of
               adverse events related to previously implanted coronary stents, they cannot
               differentiate whether the event occurrence is really related to the device or if it
               is associated with the atherosclerotic disease progression outside the treated
               segment.</p>
				<p>In this report, the authors present the case of a patient who developed AMI on the
               inferior wall eight years after being treated with the implantation of two bare-metal
               stents in the RCA. Although the coronary angiography showed arterial occlusion with a
               thrombus inside the previously implanted stent, the diagnosis of very late thrombosis
               was challenged by the findings obtained at the invasive assessment with OCT, which
               showed that coronary thrombosis was due to the destabilization of a long segment of
               lipid-rich plaques located distally to the treated segment - and not to an accident
               related to the stent.</p>
				<p>It should be kept in mind that coronary atherosclerosis is a diffuse, progressive
               disease and the treatment of a certain coronary stenosis does not change the natural
               history of atherosclerotic disease. Non-obstructive stenosis and/or those not causing
               ischemia in sites that are distant from the treated one at the time of the index
               procedure can progress in the future into high-grade stenosis with recurrent angina
               or destabilize, causing thrombosis and AMI.<xref ref-type="bibr" rid="B03">3</xref>
               In an analysis of 1,228 patients treated with bare-metal stents, Cutlip et al.<xref ref-type="bibr" rid="B04">4</xref> demonstrated that stent-related events
               predominated in the first year after implantation, becoming considerably rarer
               between the second and fifth years, when events related to the natural history of
               atherosclerotic disease in other sites were highlighted. Recently, Leon et al.<xref ref-type="bibr" rid="B05">5</xref> carried out a joint analysis of the TAXUS I,
                  II,<xref ref-type="bibr" rid="B04">4</xref> IV, and V studies, in which 1,400
               patients treated with the paclitaxel-eluting Taxus Express<sup>&#x00AE;</sup> stent
               (Boston Scientific Corp., Natick, United States) were compared with 1,397 patients
               treated with bare-metal stents. While the annualized risk ratio for the occurrence of
               target-vessel revascularization in the first year was significantly lower in patients
               treated with the Taxus<sup>TM</sup> stent (11.2% vs. 20.4%; <italic>p</italic> &lt;
               0.0001), target-vessel revascularization rates outside the previously treated segment
               were relatively constant, of approximately 2% a year between the second and fifth
               years of follow-up, and not significantly different between patients treated with
                  Taxus<sup>TM</sup> or bare-metal stents (3.3% vs. 3.8%; <italic>p</italic> =
               0.21), more consistent with the natural disease progression than a specific
               stent-related effect.<xref ref-type="bibr" rid="B05">5</xref>
				</p>
				<p>Although the coronary angiography is sufficient, in most cases, to differentiate
               in-stent restenosis from atherosclerosis progression outside the treated segment in
               stable patients, this case illustrates the difficulty of taining the angiographic
               diagnosis in the setting of acute coronary thrombosis. Even after obtaining the
               TIMI-3 flow with thromboaspiration, the angiographic luminogram did not allow the
               authors to establish the coronary thrombosis origin. The documentation of thrombotic
               occlusion inside the stent, together with a long segment of distal atherosclerotic
               disease, with areas of ectasia and stenosis, together with the considerable residual
               thrombus burden, constituted an additional confounding factor and highlighted the
               importance of diagnostic complementation with an invasive imaging method.</p>
				<p>In this context, the OCT has a critical role that is superior to existing imaging
               methods. In addition to being the only imaging method capable of accurately assessing
               the degree of stent struthealing,<xref ref-type="bibr" rid="B06">6</xref>
					<sup>,</sup>
					<xref ref-type="bibr" rid="B07">7</xref> OCT also allows for
               an accurate characterization of the atherosclerotic plaque components and their
               morphometric aspects. Particularly in the setting of acute coronary syndrome, OCT has
               high sensitivity (94%) and specificity (92%) for lipid plaque detection,<xref ref-type="bibr" rid="B08">8</xref> and is the only <italic>in vivo</italic>
               imaging method capable of precisely quantifying the fibrous capthickness<xref ref-type="bibr" rid="B09">9</xref> and detecting the presence of inflammation with
               macrophage aggregates,<xref ref-type="bibr" rid="B10">10</xref> morphological aspects
               that are crucial for characterization of the thin-cap fibroatheroma - identified as
               the "vulnerable plaque", which most frequently leads to rupture and acute coronary
                  occlusion.<xref ref-type="bibr" rid="B11">11</xref>
					<sup>,</sup>
					<xref ref-type="bibr" rid="B12">12</xref> With the help of the OCT, it was verified that
               the stent was healed, with all its struts homogeneously covered by tissue with normal
               optical characteristics. Nonetheless, a long (~ 30 mm) segment of lipid-rich plaques
               with thin fibrous cap and multiple rupture points along its trajectory was
               identified, causing the formation of a large thrombotic burden, which accumulated
               upstream, occluding the coronary flow inside the previously existing stent.
               Importantly, and in line with the previous literature, <xref ref-type="bibr" rid="B13">13</xref>
					<sup>,</sup>
					<xref ref-type="bibr" rid="B14">14</xref> coronary
               thrombosis occurred due to rupture in plaques in lipidic non-stenotic segments,
               sparing the point of greatest narrowing, which showed the presence of a fibrotic
               plaque with preserved integrity.</p>
				<p>Once the etiology was defined, the OCT was also very helpful to assess the disease
               extent and to identify reference regions for safe positioning of the stent borders.
               It is important to mention that the assurance of adequate and consolidated healing of
               the stent implanted eight years before allowed the team to treat only the distal
               vessel segment, without covering the previous stent with a new stent, a practice that
               possibly would not have been performed depending only on the angiographic
               assessment.</p>
				<p>During primary PCI in AMI, stent implantation with low/moderate inflation pressures
               and less use of post-dilation are common practices, used to minimize the occurrence
               of the no-reflow phenomenon, which justifies, in part, the higher frequency of poor
               acute apposition in AMI, in comparison with PCI in stable patients.<xref ref-type="bibr" rid="B15">15</xref> In this case, the OCT allowed the authors to
               know beforehand the actual dimensions of the vascular lumen throughout the entire
               segment, to understand the type of the underlying plaque, and evaluate the amount and
               location of residual thrombi. With this information, the authors were able to be more
               "aggressive" when selecting the diameters of the stents and balloons used during the
               procedure, aiming to maximize implanted stent expansion according to vascular
               dimensions and prevent any eventual strut malapposition. The use of a long stent with
               a 4.0 mm diameter and the performance of multiple post-dilations with balloons of
               different diameters at selected locations along the treated segment, including a 5.0
               mm diameter balloon to optimize the central region of stent positioned under the
               vessel ectasia would certainly not have been the chosen strategies if the procedure
               had been guided by angiographyalone. Nonetheless, this practice brings a higher risk
               of no-reflow. To minimize this risk, a glycoprotein IIb/IIIa inhibitor was added to
               the antithrombotic regimen, stent sizes were maximized in relation to vessel size,
               and focal post-dilations with short balloons were performed in the vessel segments
               that showed size discrepancy with the nominal size of the stent used, in addition to
               avoiding excessive manipulation in sites with higher residual thrombus burden. This
               strategy allowed the authors to obtain adequate stent expansion and strut apposition
               throughout the treated segment, at the expense of a short segment of thrombotic
               material prolapse through the stent struts, albeit without epicardial flow
               impairment. The success of this strategy was demonstrated by the complete regression
               of ST-segment elevation 30 minutes after the procedure and by the absence of akinesia
               in the affected wall on the echocardiogram, performed on the second day.</p>
			</sec>
		</body>
		<back>
			<fn-group>
				<fn fn-type="financial-disclosure">
					<p>FUNDING SOURCES</p>
					<p>None declared.</p>
				</fn>
			</fn-group>
		</back>
	</sub-article>
</article>
