<?xml version="1.0" encoding="utf-8"?>
<!DOCTYPE article PUBLIC "-//NLM//DTD JATS (Z39.96) Journal Publishing DTD v1.0 20120330//EN" "JATS-journalpublishing1.dtd">
<article xmlns:xlink="http://www.w3.org/1999/xlink" xmlns:mml="http://www.w3.org/1998/Math/MathML" dtd-version="1.0" specific-use="sps-1.1" article-type="research-article" xml:lang="pt">
	<front>
		<journal-meta>
			<journal-id journal-id-type="publisher-id">rbci</journal-id>
			<journal-title-group>
				<journal-title>Revista Brasileira de Cardiologia Invasiva</journal-title>
				<abbrev-journal-title abbrev-type="publisher">Rev. Bras. Cardiol.
               Invasiva</abbrev-journal-title>
			</journal-title-group>
			<issn pub-type="ppub">0104-1843</issn>
			<issn pub-type="epub">2179-8397</issn>
			<publisher>
				<publisher-name>Sociedade Brasileira de Hemodinâmica e Cardiologia
               Intervencionista</publisher-name>
			</publisher>
		</journal-meta>
		<article-meta>
			<article-id pub-id-type="doi">10.1590/0104-1843000000053</article-id>
			<article-categories>
				<subj-group subj-group-type="heading">
					<subject>ARTIGOS ORIGINAIS</subject>
				</subj-group>
			</article-categories>
			<title-group>
				<article-title>Padrão de Exposição Radiológica em Profissionais da Saúde Durante
               Procedimentos Cardiológicos Invasivos</article-title>
			</title-group>
			<contrib-group>
				<contrib contrib-type="author">
					<name>
						<surname>Cardoso</surname>
						<given-names>Cristiano de Oliveira</given-names>
					</name>
					<xref ref-type="aff" rid="aff01"/>
					<xref ref-type="corresp" rid="c01"/>
				</contrib>
				<contrib contrib-type="author">
					<name>
						<surname>Moraes</surname>
						<given-names>Cláudio Vasques de</given-names>
					</name>
					<xref ref-type="aff" rid="aff01"/>
				</contrib>
				<contrib contrib-type="author">
					<name>
						<surname>Teixeira</surname>
						<given-names>Júlio Vinícius de Souza</given-names>
					</name>
					<xref ref-type="aff" rid="aff01"/>
				</contrib>
				<contrib contrib-type="author">
					<name>
						<surname>Fischer</surname>
						<given-names>Leandro dos Santos</given-names>
					</name>
					<xref ref-type="aff" rid="aff01"/>
				</contrib>
				<contrib contrib-type="author">
					<name>
						<surname>Broetto</surname>
						<given-names>Gabriel Garcia</given-names>
					</name>
					<xref ref-type="aff" rid="aff01"/>
				</contrib>
				<contrib contrib-type="author">
					<name>
						<surname>Silva</surname>
						<given-names>Bruna Santos</given-names>
					</name>
					<xref ref-type="aff" rid="aff01"/>
				</contrib>
				<contrib contrib-type="author">
					<name>
						<surname>Medeiros</surname>
						<given-names>Rogério Fachel de</given-names>
					</name>
					<xref ref-type="aff" rid="aff01"/>
				</contrib>
				<contrib contrib-type="author">
					<name>
						<surname>Sarmento-Leite</surname>
						<given-names>Rogério</given-names>
					</name>
					<xref ref-type="aff" rid="aff01"/>
				</contrib>
				<contrib contrib-type="author">
					<name>
						<surname>Gottschall</surname>
						<given-names>Carlos Antônio Mascia</given-names>
					</name>
					<xref ref-type="aff" rid="aff01"/>
				</contrib>
				<aff id="aff01">
					<institution content-type="orgname">Fundação Universitária de Cardiologia</institution>
					<institution content-type="orgdiv1">Instituto de Cardiologia do Rio Grande do
                  Sul</institution>
					<addr-line>
						<named-content content-type="city">Porto Alegre</named-content>
						<named-content content-type="state">RS</named-content>
					</addr-line>
					<country country="BR">Brasil</country>
					<institution content-type="original">Instituto de Cardiologia do Rio Grande do Sul,
                  Fundação Universitária de Cardiologia, Porto Alegre, RS, Brasil.</institution>
				</aff>
			</contrib-group>
			<author-notes>
				<corresp id="c01">
					<bold>Correspondência:</bold> Cristiano de Oliveira Cardoso. Rua José
               Albano Volkmer, 340/506 – Jardim do Salso – CEP: 91410-180 – Porto Alegre, RS, Brasil
               E-mail: <email>cro_cardoso@yahoo.com.br</email>
				</corresp>
				<fn fn-type="conflict">
					<p>
						<bold>CONFLITO DE INTERESSES</bold>
					</p>
					<p>Não há.</p>
				</fn>
			</author-notes>
			<pub-date pub-type="epub-ppub">
				<season>Oct-Dec</season>
				<year>2015</year>
			</pub-date>
			<volume>22</volume>
			<issue>4</issue>
			<fpage>320</fpage>
			<lpage>323</lpage>
			<history>
				<date date-type="received">
					<day>03</day>
					<month>09</month>
					<year>2014</year>
				</date>
				<date date-type="accepted">
					<day>26</day>
					<month>11</month>
					<year>2014</year>
				</date>
			</history>
			<permissions>
				<license license-type="open-access" xlink:href="http://creativecommons.org/licenses/by-nc/3.0/">
					<license-p>Este é um artigo publicado em acesso aberto (Open Access) sob a licença
                  Creative Commons Attribution NonCommercial, que permite uso, distribuição e
                  reprodução em qualquer meio, sem restrições desde que sem fins comerciais e que o
                  trabalho original seja corretamente citado.</license-p>
				</license>
			</permissions>
			<abstract>
				<sec>
					<title>Introdução:</title>
					<p>Procedimentos cardiológicos invasivos expõem Médicos e enfermeiros/técnicos de
                  enfermagem aos riscos da radiação ionizante. O objetivo deste estudo foi
                  determinar os padrões de exposição radiológica em profissionais da saúde durante
                  procedimentos cardiológicos.</p>
				</sec>
				<sec>
					<title>Métodos:</title>
					<p>Estudo prospectivo incluindo pacientes submetidos a procedimento cardiológico
                  invasivo entre dezembro de 2011 e agosto de 2012 em equipamento com detectores do
                  tipo plano. Características clínicas, angiográficas e de exposição à radiação
                  foram registradas em banco de dados específico. Os padrões de exposição à radiação
                  foram determinados em pacientes submetidos ao cateterismo cardíaco diagnóstico.
                  Correlação entre dose do médico operador e enfermeiro/técnico de enfermagem também
                  foi efetuada.</p>
				</sec>
				<sec>
					<title>Resultados:</title>
					<p>Amostra incluiu 119 pacientes submetidos ao cateterismo. A dose de kerma no ar e o
                  produto dose-área médio de radiação recebida pelos pacientes foram de 549 ± 220
                  mGy e 29.054 ± 14.696 mGy.cm<sup>2</sup>, respectivamente. Médicos e
                  enfermeiros/técnicos de enfermagem foram expostos à dose efetiva média por exame
                  de 0,47 ± 0,16 e 0,28 ± 0,13 mSv, respectivamente. A correlação entre dose efetiva
                  dos Médicos e enfermeiro/técnicos de enfermagem foi de 0,54 ( <italic>p</italic>
                  &lt; 0,001).</p>
				</sec>
				<sec>
					<title>Conclusões:</title>
					<p>Médicos e enfermeiros/técnicos de enfermagem são expostos a doses pequenas de
                  radiação ionizante durante cateterismo cardíaco diagnóstico. Enfermeiros/técnicos
                  de enfermagem são expostos a cerca de 60% da dose do médico operador.</p>
				</sec>
			</abstract>
			<kwd-group xml:lang="pt">
				<kwd>Cateterismo cardíaco</kwd>
				<kwd>Radiação ionizante</kwd>
				<kwd>Exposição a radiação</kwd>
				<kwd>Dosagem de radiação</kwd>
			</kwd-group>
			<counts>
				<fig-count count="2"/>
				<table-count count="4"/>
				<equation-count count="0"/>
				<ref-count count="17"/>
				<page-count count="4"/>
			</counts>
		</article-meta>
	</front>
	<body>
		<p>Procedimentos na sala de hemodinâmica têm sido amplamente utilizados para avaliação da
         doença arterial coronariana. Ao mesmo tempo em que o número de exames invasivos tem
         crescido na Cardiologia moderna, pacientes, equipe médica e de enfermagem são expostos a
         doses maiores de radiação ionizante.<xref ref-type="bibr" rid="B01">1</xref>
			<sup>,</sup>
			<xref ref-type="bibr" rid="B02">2</xref>
		</p>
		<p>Atualmente, relatos crescentes de lesões<xref ref-type="bibr" rid="B03">3</xref>
			<sup>,</sup>
			<xref ref-type="bibr" rid="B04">4</xref> relacionadas à radiação
         ionizante têm colocado equipes de saúde em preocupação constante. No entanto, a literatura
         nacional carece de dados sobre a exposição radiológica em profissionais da saúde nos dias
         atuais.</p>
		<p>O objetivo do presente trabalho foi determinar o padrão de exposição radiológica em
         profissionais da saúde em procedimentos cardiológicos invasivos.</p>
		<sec sec-type="methods">
			<title>MÉTODOS</title>
			<p>Tratouse de estudo observacional com coleta de dados prospectiva.</p>
			<sec>
				<title>Registro RADIAÇÃO</title>
				<p>O registro RADIAÇÃO é um registro institucional com a finalidade de documentar os
               procedimentos diagnósticos e terapêuticos no campo da cardiologia intervencionista
               realizados em um aparelho com detectores planos (<italic>flat detectors</italic>).
               Informações referentes à exposição radiológica e detalhes técnicos dos procedimentos
               foram prospectivamente registradas.</p>
			</sec>
			<sec>
				<title>Amostra</title>
				<p>Pacientes com indicação de cateterismo cardíaco diagnóstico tiveram seus
               procedimentos acompanhados com o intuito de registro dos padrões de exposição
               radiológica. Todos os pacientes assinaram um Termo de Consentimento, e o protocolo
               foi aprovado pelo Comitê de Ética em Pesquisa local (UP 4454/10).</p>
			</sec>
			<sec>
				<title>Características analisadas</title>
				<p>Para o registro, foram coletadas e analisadas informações referentes a: idade, sexo,
               fatores de risco para doença cardiovascular, apresentação clínica e indicação do
               procedimento, função ventricular, número de vasos comprometidos, vaso tratado,
               características das lesões e índice de sucesso. Dados específicos de exposição
               radiológica (dose recebida, produto dose-área e tempo de fluoroscopia) também foram
               coletados.</p>
			</sec>
			<sec>
				<title>Procedimentos cardiológicos invasivos</title>
				<p>As imagens foram adquiridas no único aparelho com detector plano (Philips Allura,
               Einthoven, Holanda) com três campos de magnificação (15, 20 e 25 cm) e duplo filtro
               (cobre + alumínio). Para obtenção das imagens, foram realizadas cinco projeções para
               coronária esquerda, duas para coronária direita e uma para a ventriculografia
               esquerda. As posições do detector plano seguiram as seguintes angulações: (1)
               coronária esquerda: oblíqua anterior direita 20º com angulação caudal 20º,
               anteroposterior com angulação caudal 20º, oblíqua anterior esquerda 40º com angulação
               caudal 30º (<italic>spider view</italic>), oblíqua anterior direita 40º com angulação
               cranial 25º, anteroposterior com angulação cranial 40º (2) coronária direita: oblíqua
               anterior direita 30º, oblíqua anterior esquerda 30º com angulação cranial 30º (3)
               ventriculografia esquerda: oblíqua anterior direita 30º. Todas as imagens foram
               obtidas com aquisição de imagens em 15 quadros por segundo. Os exames foram
               executados por intervencionistas habilitados e exclusivamente pela via de acesso
               femoral. Devido às características do protocolo, pacientes com cirurgia de
               revascularização miocárdica foram excluídos.</p>
			</sec>
			<sec>
				<title>Parâmetros de exposição radiológica</title>
				<p>A exposição radiológica dos profissionais da saúde foi mensurada por meio de
               dosímetro digital (Polimaster PM1621, Arlington, Estados Unidos) em cada
               procedimento. A dose efetiva (&#181;Sv) recebida foi determinada de acordo com
               seguinte fórmula: dose efetiva = (dose procedimento - radiação de fundo) x fator
               conversão. Radiação de fundo (<italic>background radiation</italic>) foi determinada
               pelo tempo de procedimento em segundos x 0,00004 &#181;Sv/s, considerando o fator de
               conversão de 1,01. O dosímetro era zerado no início do procedimento, e a dose final
               aferida no término do mesmo.</p>
				<p>Dois dosímetros foram utilizados, sendo um pelo médico operador do procedimento e
               outro por um enfermeiro/técnico de enfermagem que auxiliava o exame. Todos os
               profissionais utilizaram equipamento de proteção radiológica (avental e protetor de
               tireoide, 0,5 mm de espessura) com o dosímetro posicionado sobre o avental de chumbo.
               No caso do médico executante do cateterismo, foram utilizados anteparos superior e
               inferior (saia e escudo) para proteção adicional.</p>
			</sec>
			<sec>
				<title>Análise estatística</title>
				<p>Os dados foram analisados em programa <italic>Statistical Package for the Social
                  Sciences</italic> (SPSS), versão 18.0, sendo os resultados apresentados em média e
               desvio padrão, ou números absolutos e percentuais. Correlação entre dose do médico
               operador e enfermeiro/técnico de enfermagem foi avaliada.</p>
			</sec>
		</sec>
		<sec sec-type="results">
			<title>RESULTADOS</title>
			<p>Entre dezembro de 2011 e agosto de 2012 foram avaliados 119 procedimentos cardiológicos
            invasivos com finalidade diagnóstica. Na <xref ref-type="table" rid="t01">tabela
               1</xref>, são demonstradas as características clínicas dos pacientes incluídos no
            estudo.</p>
			<table-wrap id="t01">
				<label>TABELA 1</label>
				<caption>
					<title>Características clínicas do pacientes</title>
				</caption>
				<table frame="hsides" rules="groups">
					<thead>
						<tr>
							<th>
								<bold>Variável</bold>
							</th>
							<th align="center">
								<bold>n = 119</bold>
							</th>
						</tr>
					</thead>
					<tbody>
						<tr>
							<td>Idade, anos</td>
							<td align="center">58,2 &#x00B1; 10,2</td>
						</tr>
						<tr>
							<td>Sexo masculino, n (%)</td>
							<td align="center">68 (57,1)</td>
						</tr>
						<tr>
							<td>Raça branca, n (%)</td>
							<td align="center">105 (88,2)</td>
						</tr>
						<tr>
							<td>Peso, kg</td>
							<td align="center">82,8 &#x00B1; 17,7</td>
						</tr>
						<tr>
							<td>Altura, cm</td>
							<td align="center">167,0 &#x00B1; 12,1</td>
						</tr>
						<tr>
							<td>Tabagismo ativo, n (%)</td>
							<td align="center">40 (33,6)</td>
						</tr>
						<tr>
							<td>Hipertensão arterial, n (%)</td>
							<td align="center">92 (77,3)</td>
						</tr>
						<tr>
							<td>Diabetes, n (%)</td>
							<td align="center">40 (33,6)</td>
						</tr>
						<tr>
							<td>&#x00a0;&#x00a0;&#x00a0;&#x00a0;Em uso de insulina</td>
							<td align="center">11 (9,2)</td>
						</tr>
						<tr>
							<td>Dislipidemia, n (%)</td>
							<td align="center">55 (46,2)</td>
						</tr>
						<tr>
							<td>História familiar de DAC, n (%)</td>
							<td align="center">52 (43,7)</td>
						</tr>
						<tr>
							<td>Intervenção coronariana percutânea prévia, n (%)</td>
							<td align="center">26 (21,8)</td>
						</tr>
						<tr>
							<td>Infarto do miocárdio prévio, n (%)</td>
							<td align="center">23 (19,3)</td>
						</tr>
						<tr>
							<td>Acidente vascular cerebral prévio, n (%)</td>
							<td align="center">4 (3,4)</td>
						</tr>
						<tr>
							<td>Medicações em uso, n (%)</td>
							<td align="center"/>
						</tr>
						<tr>
							<td>&#x00a0;&#x00a0;&#x00a0;&#x00a0;Ácido acetilsalicílico</td>
							<td align="center">92 (77,3)</td>
						</tr>
						<tr>
							<td>&#x00a0;&#x00a0;&#x00a0;&#x00a0;Clopidogrel/ticlopidina</td>
							<td align="center">16 (13,4)</td>
						</tr>
						<tr>
							<td>&#x00a0;&#x00a0;&#x00a0;&#x00a0;Betabloqueador</td>
							<td align="center">82 (68,9)</td>
						</tr>
						<tr>
							<td>&#x00a0;&#x00a0;&#x00a0;&#x00a0;Nitrato</td>
							<td align="center">34 (28,6)</td>
						</tr>
						<tr>
							<td>&#x00a0;&#x00a0;&#x00a0;&#x00a0;Estatina</td>
							<td align="center">61 (51,3)</td>
						</tr>
						<tr>
							<td>&#x00a0;&#x00a0;&#x00a0;&#x00a0;IECA</td>
							<td align="center">64 (53,8)</td>
						</tr>
						<tr>
							<td>&#x00a0;&#x00a0;&#x00a0;&#x00a0;Antagonista do cálcio</td>
							<td align="center">17 (14,3)</td>
						</tr>
						<tr>
							<td>&#x00a0;&#x00a0;&#x00a0;&#x00a0;Diurético</td>
							<td align="center">41 (34,5)</td>
						</tr>
						<tr>
							<td>&#x00a0;&#x00a0;&#x00a0;&#x00a0;Antagonista da aldosterona</td>
							<td align="center">18 (15,1)</td>
						</tr>
					</tbody>
				</table>
				<table-wrap-foot>
					<fn>
						<p>DAC: doença arterial coronária; IECA: inibidores da enzima de conversão da
                     angiotensina.</p>
					</fn>
				</table-wrap-foot>
			</table-wrap>
			<p>Em relação às características angiográficas, verificou-se que 60 pacientes (50,4%) não
            apresentaram estenose coronariana &gt; 70%. Lesões graves em 1, 2 ou 3 vasos ocorreu em
            35 (29,4%), 19 (16,0%) e 5 (4,2%) pacientes, respectivamente. A fração de ejeção dos
            pacientes foi de 67 ± 15%. O tempo de procedimento médio foi de 15h06 ± 4h03 minutos e
            da fluoroscopia foi de 2h55 ± 4h03 minutos, com volume de contraste de 96,9 ± 10,7 mL
            por exame. Foram realizadas 9,45 ± 0,65 aquisições por procedimento com cerca de 741 ±
            101 quadros por exame. A média de quadros por aquisição foi 78 ± 10.</p>
			<p>A exposição radiológica dos pacientes envolvidos no estudo, bem como dos profissionais
            da saúde, está demonstrada na <xref ref-type="table" rid="t02">tabela 2</xref>. A
            correlação entre dose efetiva dos Médicos e enfermeiro/técnico de enfermagem é
            demonstrada na figura.</p>
			<table-wrap id="t02">
				<label>TABELA 2</label>
				<caption>
					<title>Parâmetros de exposição radiológica média por exame</title>
				</caption>
				<table frame="hsides" rules="groups">
					<thead>
						<tr>
							<th>
								<bold>Variável</bold>
							</th>
							<th align="center">
								<bold>Valor</bold>
							</th>
						</tr>
					</thead>
					<tbody>
						<tr>
							<td>Exposição radiológica do paciente</td>
							<td align="center"/>
						</tr>
						<tr>
							<td>&#x00a0;&#x00a0;&#x00a0;&#x00a0;Kerma no ar, mGy</td>
							<td align="center">549 &#x00B1; 220</td>
						</tr>
						<tr>
							<td>&#x00a0;&#x00a0;&#x00a0;&#x00a0;Produto dose-área, mGy.cm<sup>2</sup>
							</td>
							<td align="center">29.054 &#x00B1; 14.696</td>
						</tr>
						<tr>
							<td>Exposição radiológica do operador</td>
							<td align="center"/>
						</tr>
						<tr>
							<td>&#x00a0;&#x00a0;&#x00a0;&#x00a0;Dose efetiva, μSv</td>
							<td align="center">0,47 &#x00B1; 0,16</td>
						</tr>
						<tr>
							<td>Exposição radiológica do enfermeiro/técnico de enfermagem</td>
							<td align="center"/>
						</tr>
						<tr>
							<td>&#x00a0;&#x00a0;&#x00a0;&#x00a0;Dose efetiva, Sv</td>
							<td align="center">0,28 &#x00B1; 0,13</td>
						</tr>
					</tbody>
				</table>
			</table-wrap>
			<fig id="f01">
				<label>Figura</label>
				<caption>
					<title>Correlação da exposição ocupacional entre profissionais da saúde.</title>
				</caption>
				<graphic xlink:href="0104-1843-rbci-22-04-0320-gf01.tif"/>
			</fig>
		</sec>
		<sec sec-type="discussion">
			<title>DISCUSSÃO</title>
			<p>O presente estudo visou determinar a exposição radiológica dos profissionais de saúde
            envolvidos diretamente na realização de procedimentos cardiológicos invasivos em
            aparelhos de hemodinâmica com detectores planos. A tecnologia com detectores planos vem
            sendo incorporada nos novos aparelhos de hemodinâmica, pois, conforme informam os
            fabricantes, essa tecnologia promove maior qualidade de imagem e, teoricamente, menor
            exposição radiológica.<xref ref-type="bibr" rid="B05">5</xref>
				<sup>,</sup>
				<xref ref-type="bibr" rid="B06">6</xref>
			</p>
			<p>Todos que trabalham com o uso da radiação ionizante devem seguir o chamado princípio
            ALARA (ALARA, acrônimo de <italic>As Low As Reasonably Achievable</italic>),<xref ref-type="bibr" rid="B07">7</xref> que define basicamente que a exposição à radiação
            deve ser mantida tão baixa quanto razoavelmente exequível. Apesar de o conceito ALARA
            ser amplamente conhecido, pesquisa recente demonstrou que cerca de 80% dos profissionais
            que trabalham diretamente com radiação ionizante não demonstram conhecimento adequado
            sobre seus riscos.<xref ref-type="bibr" rid="B05">5</xref> Logo, é cabível e pertinente
            a todo indivíduo exposto a esse tipo de efeito biológico que promovam medidas na redução
            da dose e para o conhecimento adequado sobre seu uso.</p>
			<p>Nosso grupo demonstrou previamente os padrões atuais de exposição radiológica durante
            procedimentos diagnósticos e terapêuticos.<xref ref-type="bibr" rid="B01">1</xref> Além
            disso, determinamos que peso,<xref ref-type="bibr" rid="B08">8</xref> tipo de
               procedimento<xref ref-type="bibr" rid="B09">9</xref>
				<sup>,</sup>
				<xref ref-type="bibr" rid="B10">10</xref> e via de acesso radial<xref ref-type="bibr" rid="B11">11</xref>
            são importantes preditores de exposição radiológica aumentada. No entanto, a exposição
            ocupacional individual era desconhecida nos dias atuais com o uso de detectores planos.
            Verificamos que as doses efetivas média individuais por exame foram relativamente baixas
            durante cateterismo cardíaco diagnóstico, tanto para Médicos (0,47 &#181;Sv) quanto para
            enfermeiro/técnicos (0,28 &#181;Sv). Apesar disso, nossos achados demonstraram que
            enfermeiros/técnicos são expostos a 60% da radiação do médico operador. Consideramos
            esses achados importantes, pois a dose efetiva recebida por enfermeiros/técnicos de
            enfermagem correlaciona-se diretamente com a do médico operador. Esse resultado é
            significativo e ratifica a necessidade de todos os profissionais utilizarem o máximo de
            dispositivos de proteção radiológica quando expostos à radiação ionizante.<xref ref-type="bibr" rid="B12">12</xref>
			</p>
			<p>A portaria do Ministério da Saúde 453<xref ref-type="bibr" rid="B13">13</xref> determina
            que a dose efetiva média anual não deve exceder 20 mSv em qualquer período de 5 anos
            consecutivos; não podendo exceder 50 mSv em nenhum ano. Medidas que promovam a redução
            na dose para pacientes e profissionais da saúde são pertinentes e cada vez mais
            estimuladas pelas sociedades científicas.<xref ref-type="bibr" rid="B12">12</xref>
				<sup>,</sup>
				<xref ref-type="bibr" rid="B14">14</xref>
				<sup>,</sup>
				<xref ref-type="bibr" rid="B15">15</xref> A literatura internacional tem demonstrado que
            simples ações podem promover significativa redução da exposição radiológica.
            Frequentemente pacientes submetidos a cateterismo cardíaco possuem função ventricular
            esquerda avaliada por ecocardiograma ou outro método de imagem. Lin et al.<xref ref-type="bibr" rid="B16">16</xref> demonstraram que a supressão da ventriculografia
            esquerda promove redução de 10% no produto dose-área. Seguindo essa linha, Abdelaal et
               al.<xref ref-type="bibr" rid="B17">17</xref> avaliaram, de maneira randomizada, dois
            métodos de aquisição de imagem: com 7,5 e 15 quadros/segundo. Essa simples redução na
            taxa de exposição promoveu de maneira significativa redução de 30% na dose do operador e
            19% na dose do paciente. Não advogamos uma mudança na técnica, mas é importante que
            todos os profissionais envolvidos em exames radiológicos tenham conhecimento de que
            simples medidas podem reduzir a dose em seus procedimentos. Cabe, portanto, ao
            profissional definir qual a estratégia a ser utilizada.</p>
			<p>O presente estudo teve limitações que devem ser consideradas. Essa foi uma análise em
            centro único e com um número reduzido de pacientes. Não foram incluídos pacientes
            submetidos à angioplastia coronariana, portadores de cirurgia de revascularização
            miocárdica ou procedimentos pela via de acesso radial. No entanto, em razão da carência
            de dados na literatura nacional, este artigo pode servir como referência para trabalhos
            futuros.</p>
		</sec>
		<sec sec-type="conclusions">
			<title>CONCLUSÕES</title>
			<p>Médicos e enfermeiros/técnicos de enfermagem são expostos a doses pequenas de radiação
            ionizante durante cateterismo cardíaco diagnóstico. Enfermeiros/técnicos de enfermagem
            são expostos a cerca de 60% da dose do médico operador.</p>
		</sec>
	</body>
	<back>
		<fn-group>
			<fn fn-type="financial-disclosure">
				<p>
					<bold>FONTE DE FINANCIAMENTO</bold>
				</p>
				<p>Não há.</p>
			</fn>
		</fn-group>
		<ref-list>
			<title>REFERÊNCIAS</title>
			<ref id="B01">
				<label>1</label>
				<mixed-citation>Cardoso CO, Sebben JC, Fischer LS, Vidal M, Broetto GG, Silva BS, et al.
               Padrão de exposição radiológica e preditores de superexposição dos pacientes
               submetidos a procedimentos cardiológicos invasivos em equipamentos com detectores
               planos. Rev Bras Cardiol Invasiva. 2011(1):84-9.</mixed-citation>
				<element-citation publication-type="journal">
					<person-group person-group-type="author">
						<name>
							<surname>Cardoso</surname>
							<given-names>CO</given-names>
						</name>
						<name>
							<surname>Sebben</surname>
							<given-names>JC</given-names>
						</name>
						<name>
							<surname>Fischer</surname>
							<given-names>LS</given-names>
						</name>
						<name>
							<surname>Vidal</surname>
							<given-names>M</given-names>
						</name>
						<name>
							<surname>Broetto</surname>
							<given-names>GG</given-names>
						</name>
						<name>
							<surname>Silva</surname>
							<given-names>BS</given-names>
						</name>
						<etal/>
					</person-group>
					<article-title>Padrão de exposição radiológica e preditores de superexposição dos
                  pacientes submetidos a procedimentos cardiológicos invasivos em equipamentos com
                  detectores planos</article-title>
					<source>Rev Bras Cardiol Invasiva</source>
					<year>2011</year>
					<issue>1</issue>
					<fpage>84</fpage>
					<lpage>89</lpage>
				</element-citation>
			</ref>
			<ref id="B02">
				<label>2</label>
				<mixed-citation>Vano E, Ubeda C, Leyton F, Miranda P, Gonzalez L. Staff radiation doses
               in interventional cardiology: correlation with patient exposure. Pediatr Cardiol.
               2009;30(4):409-13.</mixed-citation>
				<element-citation publication-type="journal">
					<person-group person-group-type="author">
						<name>
							<surname>Vano</surname>
							<given-names>E</given-names>
						</name>
						<name>
							<surname>Ubeda</surname>
							<given-names>C</given-names>
						</name>
						<name>
							<surname>Leyton</surname>
							<given-names>F</given-names>
						</name>
						<name>
							<surname>Miranda</surname>
							<given-names>P</given-names>
						</name>
						<name>
							<surname>Gonzalez</surname>
							<given-names>L</given-names>
						</name>
					</person-group>
					<article-title>Staff radiation doses in interventional cardiology: correlation with
                  patient exposure</article-title>
					<source>Pediatr Cardiol</source>
					<year>2009</year>
					<volume>30</volume>
					<issue>4</issue>
					<fpage>409</fpage>
					<lpage>413</lpage>
				</element-citation>
			</ref>
			<ref id="B03">
				<label>3</label>
				<mixed-citation>Roguin A, Goldstein J, Bar O. Brain malignancies and ionising radiation:
               more cases reported. EuroIntervention. 2012;8(1):169-70.</mixed-citation>
				<element-citation publication-type="journal">
					<person-group person-group-type="author">
						<name>
							<surname>Roguin</surname>
							<given-names>A</given-names>
						</name>
						<name>
							<surname>Goldstein</surname>
							<given-names>J</given-names>
						</name>
						<name>
							<surname>Bar</surname>
							<given-names>O</given-names>
						</name>
					</person-group>
					<article-title>Brain malignancies and ionising radiation: more cases
                  reported</article-title>
					<source>EuroIntervention</source>
					<year>2012</year>
					<volume>8</volume>
					<issue>1</issue>
					<fpage>169</fpage>
					<lpage>170</lpage>
				</element-citation>
			</ref>
			<ref id="B04">
				<label>4</label>
				<mixed-citation>Roguin A, Goldstein J, Bar O. Brain tumours among interventional
               cardiologists: a cause for alarm? Report of four new cases from two cities and a
               review of the literature. EuroIntervention. 2012;7(9):1081-6.</mixed-citation>
				<element-citation publication-type="journal">
					<person-group person-group-type="author">
						<name>
							<surname>Roguin</surname>
							<given-names>A</given-names>
						</name>
						<name>
							<surname>Goldstein</surname>
							<given-names>J</given-names>
						</name>
						<name>
							<surname>Bar</surname>
							<given-names>O</given-names>
						</name>
					</person-group>
					<article-title>Brain tumours among interventional cardiologists: a cause for alarm?
                  Report of four new cases from two cities and a review of the
                  literature</article-title>
					<source>EuroIntervention</source>
					<year>2012</year>
					<volume>7</volume>
					<issue>9</issue>
					<fpage>1081</fpage>
					<lpage>1086</lpage>
				</element-citation>
			</ref>
			<ref id="B05">
				<label>5</label>
				<mixed-citation>Gurley JC. Flat detectors and new aspects of radiation safety. Cardiol
               Clin. 2009;27(3):385-94.</mixed-citation>
				<element-citation publication-type="journal">
					<person-group person-group-type="author">
						<name>
							<surname>Gurley</surname>
							<given-names>JC</given-names>
						</name>
					</person-group>
					<article-title>Flat detectors and new aspects of radiation safety</article-title>
					<source>Cardiol Clin</source>
					<year>2009</year>
					<volume>27</volume>
					<issue>3</issue>
					<fpage>385</fpage>
					<lpage>394</lpage>
				</element-citation>
			</ref>
			<ref id="B06">
				<label>6</label>
				<mixed-citation>Trianni A, Bernardi G, Padovani R. Are new technologies always reducing
               patient doses in cardiac procedures? Radiat Prot Dosimetry.
               2005;117(1-3):97-101.</mixed-citation>
				<element-citation publication-type="journal">
					<person-group person-group-type="author">
						<name>
							<surname>Trianni</surname>
							<given-names>A</given-names>
						</name>
						<name>
							<surname>Bernardi</surname>
							<given-names>G</given-names>
						</name>
						<name>
							<surname>Padovani</surname>
							<given-names>R</given-names>
						</name>
					</person-group>
					<article-title>Are new technologies always reducing patient doses in cardiac
                  procedures?</article-title>
					<source>Radiat Prot Dosimetry</source>
					<year>2005</year>
					<volume>117</volume>
					<issue>1-3</issue>
					<fpage>97</fpage>
					<lpage>101</lpage>
				</element-citation>
			</ref>
			<ref id="B07">
				<label>7</label>
				<mixed-citation>International Commission on Radiological Protection (ICRP).
               Recommendations. Oxford: Pergamon Press; 1977. (Publication, 26).</mixed-citation>
				<element-citation publication-type="book">
					<person-group person-group-type="author">
						<collab>International Commission on Radiological Protection</collab>
					</person-group>
					<source>Recommendations</source>
					<publisher-loc>Oxford</publisher-loc>
					<publisher-name>Pergamon Press</publisher-name>
					<year>1977</year>
					<comment>(Publication, 26)</comment>
				</element-citation>
			</ref>
			<ref id="B08">
				<label>8</label>
				<mixed-citation>Vargas FG, Silva BS, Cardoso CO, Leguisamo N, Moraes CAR, Moraes CV, et
               al. Impacto do peso corporal dos pacientes na exposição radiológica durante
               procedimentos cardiológicos invasivos. Rev Bras Cardio Invasiva.
               2012(1):63-8.</mixed-citation>
				<element-citation publication-type="journal">
					<person-group person-group-type="author">
						<name>
							<surname>Vargas</surname>
							<given-names>FG</given-names>
						</name>
						<name>
							<surname>Silva</surname>
							<given-names>BS</given-names>
						</name>
						<name>
							<surname>Cardoso</surname>
							<given-names>CO</given-names>
						</name>
						<name>
							<surname>Leguisamo</surname>
							<given-names>N</given-names>
						</name>
						<name>
							<surname>Moraes</surname>
							<given-names>CAR</given-names>
						</name>
						<name>
							<surname>Moraes</surname>
							<given-names>CV</given-names>
						</name>
						<etal/>
					</person-group>
					<article-title>Impacto do peso corporal dos pacientes na exposição radiológica
                  durante procedimentos cardiológicos invasivos</article-title>
					<source>Rev Bras Cardio Invasiva</source>
					<year>2012</year>
					<issue>1</issue>
					<fpage>63</fpage>
					<lpage>68</lpage>
				</element-citation>
			</ref>
			<ref id="B09">
				<label>9</label>
				<mixed-citation>Medeiros RF, Sarmento-Leite R, Cardoso CO, Quadros AS, Risso E, Fischer
               L, et al. Exposição à radiação ionizante na sala de hemodinâmica. Rev Bras Cardiol
               Invasiva. 2010(3):316-20.</mixed-citation>
				<element-citation publication-type="journal">
					<person-group person-group-type="author">
						<name>
							<surname>Medeiros</surname>
							<given-names>RF</given-names>
						</name>
						<name>
							<surname>Sarmento-Leite</surname>
							<given-names>R</given-names>
						</name>
						<name>
							<surname>Cardoso</surname>
							<given-names>CO</given-names>
						</name>
						<name>
							<surname>Quadros</surname>
							<given-names>AS</given-names>
						</name>
						<name>
							<surname>Risso</surname>
							<given-names>E</given-names>
						</name>
						<name>
							<surname>Fischer</surname>
							<given-names>L</given-names>
						</name>
						<etal/>
					</person-group>
					<article-title>Exposição à radiação ionizante na sala de hemodinâmica</article-title>
					<source>Rev Bras Cardiol Invasiva</source>
					<year>2010</year>
					<issue>3</issue>
					<fpage>316</fpage>
					<lpage>320</lpage>
				</element-citation>
			</ref>
			<ref id="B10">
				<label>10</label>
				<mixed-citation>Azevedo EM, Gomes HB, Yordi LM, Moura MRS, Laguna A, Fischer LS, et al.
               Impacto das lesões complexas na exposição radiológica durante intervenção coronária
               percutânea. Rev Bras Cardiol Invasiva. 2013(1):49-53.</mixed-citation>
				<element-citation publication-type="journal">
					<person-group person-group-type="author">
						<name>
							<surname>Azevedo</surname>
							<given-names>EM</given-names>
						</name>
						<name>
							<surname>Gomes</surname>
							<given-names>HB</given-names>
						</name>
						<name>
							<surname>Yordi</surname>
							<given-names>LM</given-names>
						</name>
						<name>
							<surname>Moura</surname>
							<given-names>MRS</given-names>
						</name>
						<name>
							<surname>Laguna</surname>
							<given-names>A</given-names>
						</name>
						<name>
							<surname>Fischer</surname>
							<given-names>LS</given-names>
						</name>
						<etal/>
					</person-group>
					<article-title>Impacto das lesões complexas na exposição radiológica durante
                  intervenção coronária percutânea</article-title>
					<source>Rev Bras Cardiol Invasiva</source>
					<year>2013</year>
					<issue>1</issue>
					<fpage>49</fpage>
					<lpage>53</lpage>
				</element-citation>
			</ref>
			<ref id="B11">
				<label>11</label>
				<mixed-citation>Mattos EI, Cardoso CO, Moraes CV, Teixeira JVS, Azmus AD, Fischer LS, et
               al. Exposição radiológica em procedimentos coronários realizados pelas vias radial e
               femoral. Rev Bras Cardiol Invasiva. 2013(1):54-9.</mixed-citation>
				<element-citation publication-type="journal">
					<person-group person-group-type="author">
						<name>
							<surname>Mattos</surname>
							<given-names>EI</given-names>
						</name>
						<name>
							<surname>Cardoso</surname>
							<given-names>CO</given-names>
						</name>
						<name>
							<surname>Moraes</surname>
							<given-names>CV</given-names>
						</name>
						<name>
							<surname>Teixeira</surname>
							<given-names>JVS</given-names>
						</name>
						<name>
							<surname>Azmus</surname>
							<given-names>AD</given-names>
						</name>
						<name>
							<surname>Fischer</surname>
							<given-names>LS</given-names>
						</name>
						<etal/>
					</person-group>
					<article-title>Exposição radiológica em procedimentos coronários realizados pelas
                  vias radial e femoral</article-title>
					<source>Rev Bras Cardiol Invasiva</source>
					<year>2013</year>
					<issue>1</issue>
					<fpage>54</fpage>
					<lpage>59</lpage>
				</element-citation>
			</ref>
			<ref id="B12">
				<label>12</label>
				<mixed-citation>Chambers CE, Fetterly KA, Holzer R, Lin PJ, Blankenship JC, Balter S, et
               al. Radiation safety program for the cardiac catheterization laboratory. Catheter
               Cardiovasc Interv. 2011;77(4):546-56.</mixed-citation>
				<element-citation publication-type="journal">
					<person-group person-group-type="author">
						<name>
							<surname>Chambers</surname>
							<given-names>CE</given-names>
						</name>
						<name>
							<surname>Fetterly</surname>
							<given-names>KA</given-names>
						</name>
						<name>
							<surname>Holzer</surname>
							<given-names>R</given-names>
						</name>
						<name>
							<surname>Lin</surname>
							<given-names>PJ</given-names>
						</name>
						<name>
							<surname>Blankenship</surname>
							<given-names>JC</given-names>
						</name>
						<name>
							<surname>Balter</surname>
							<given-names>S</given-names>
						</name>
						<etal/>
					</person-group>
					<article-title>Radiation safety program for the cardiac catheterization
                  laboratory</article-title>
					<source>Catheter Cardiovasc Interv</source>
					<year>2011</year>
					<volume>77</volume>
					<issue>4</issue>
					<fpage>546</fpage>
					<lpage>556</lpage>
				</element-citation>
			</ref>
			<ref id="B13">
				<label>13</label>
				<mixed-citation>Brasil. Ministério da Saúde; Agência Nacional de Vigilância Sanitária.
               Portaria n. 453, de 1 de junho de 1998. Aprova o Regulamento Técnico que estabelece
               as diretrizes básicas para proteção radiológica em radiodiagnóstico médico e
               odontológico, dispõe sobre o uso dos raios-xdiagnósticos em todo território nacional
               e dá outras providências [Internet]. Brasília; 1998 [citado 2013 dez. 15]. Disponível
               em: http://www.conter.gov.br/uploads/legislativo/portaria_453.pdf</mixed-citation>
				<element-citation publication-type="webpage">
					<person-group person-group-type="author">
						<collab>Brasil</collab>
						<collab>Ministério da Saúde; Agência Nacional de Vigilância Sanitária</collab>
					</person-group>
					<source>Portaria n. 453, de 1 de junho de 1998. Aprova o Regulamento Técnico que
                  estabelece as diretrizes básicas para proteção radiológica em radiodiagnóstico
                  médico e odontológico, dispõe sobre o uso dos raios-xdiagnósticos em todo
                  território nacional e dá outras providências [Internet]</source>
					<publisher-loc>Brasília</publisher-loc>
					<year>1998</year>
					<date-in-citation content-type="access-date">citado 2013 dez. 15</date-in-citation>
					<comment>Disponível em: <ext-link ext-link-type="uri" xlink:href="http://www.conter.gov.br/uploads/legislativo/portaria_453.pdf">http://www.conter.gov.br/uploads/legislativo/portaria_453.pdf</ext-link>
					</comment>
				</element-citation>
			</ref>
			<ref id="B14">
				<label>14</label>
				<mixed-citation>Kim KP, Miller DL. Minimising radiation exposure to physicians
               performing fluoroscopically guided cardiac catheterisation procedures: a review.
               Radiat Prot Dosimetry. 2009;133(4):227-33.</mixed-citation>
				<element-citation publication-type="journal">
					<person-group person-group-type="author">
						<name>
							<surname>Kim</surname>
							<given-names>KP</given-names>
						</name>
						<name>
							<surname>Miller</surname>
							<given-names>DL</given-names>
						</name>
					</person-group>
					<article-title>Minimising radiation exposure to physicians performing
                  fluoroscopically guided cardiac catheterisation procedures: a
                  review</article-title>
					<source>Radiat Prot Dosimetry</source>
					<year>2009</year>
					<volume>133</volume>
					<issue>4</issue>
					<fpage>227</fpage>
					<lpage>233</lpage>
				</element-citation>
			</ref>
			<ref id="B15">
				<label>15</label>
				<mixed-citation>Brasselet C, Blanpain T, Tassan-Mangina S, Deschildre A, Duval S, Vitry
               F, et al. Comparison of operator radiation exposure with optimized radiation
               protection devices during coronary angiograms and ad hoc percutaneous coronary
               interventions by radial and femoral routes. Eur Heart J.
               2008;29(1):63-70.</mixed-citation>
				<element-citation publication-type="journal">
					<person-group person-group-type="author">
						<name>
							<surname>Brasselet</surname>
							<given-names>C</given-names>
						</name>
						<name>
							<surname>Blanpain</surname>
							<given-names>T</given-names>
						</name>
						<name>
							<surname>Tassan-Mangina</surname>
							<given-names>S</given-names>
						</name>
						<name>
							<surname>Deschildre</surname>
							<given-names>A</given-names>
						</name>
						<name>
							<surname>Duval</surname>
							<given-names>S</given-names>
						</name>
						<name>
							<surname>Vitry</surname>
							<given-names>F</given-names>
						</name>
						<etal/>
					</person-group>
					<article-title>Comparison of operator radiation exposure with optimized radiation
                  protection devices during coronary angiograms and ad hoc percutaneous coronary
                  interventions by radial and femoral routes</article-title>
					<source>Eur Heart J</source>
					<year>2008</year>
					<volume>29</volume>
					<issue>1</issue>
					<fpage>63</fpage>
					<lpage>70</lpage>
				</element-citation>
			</ref>
			<ref id="B16">
				<label>16</label>
				<mixed-citation>Lin A, Brennan P, Sadick N, Kovoor P, Lewis S, Robinson JW. Optimisation
               of coronary angiography exposures requires a multifactorial approach and careful
               procedural definition. Br J Radiol. 2013;86(1027):20120028.</mixed-citation>
				<element-citation publication-type="journal">
					<person-group person-group-type="author">
						<name>
							<surname>Lin</surname>
							<given-names>A</given-names>
						</name>
						<name>
							<surname>Brennan</surname>
							<given-names>P</given-names>
						</name>
						<name>
							<surname>Sadick</surname>
							<given-names>N</given-names>
						</name>
						<name>
							<surname>Kovoor</surname>
							<given-names>P</given-names>
						</name>
						<name>
							<surname>Lewis</surname>
							<given-names>S</given-names>
						</name>
						<name>
							<surname>Robinson</surname>
							<given-names>JW</given-names>
						</name>
					</person-group>
					<article-title>Optimisation of coronary angiography exposures requires a
                  multifactorial approach and careful procedural definition</article-title>
					<source>Br J Radiol</source>
					<year>2013</year>
					<volume>86</volume>
					<issue>1027</issue>
					<comment>20120028</comment>
				</element-citation>
			</ref>
			<ref id="B17">
				<label>17</label>
				<mixed-citation>Abdelaal E, Plourde G, MacHaalany J, Arsenault J, Rimac G, Déry JP, et
               al. Effectiveness of low rate fluoroscopy at reducing operator and patient radiation
               dose during transradial coronary angiography and interventions. JACC Cardiovasc
               Interv. 2014;7(5):567-74.</mixed-citation>
				<element-citation publication-type="journal">
					<person-group person-group-type="author">
						<name>
							<surname>Abdelaal</surname>
							<given-names>E</given-names>
						</name>
						<name>
							<surname>Plourde</surname>
							<given-names>G</given-names>
						</name>
						<name>
							<surname>MacHaalany</surname>
							<given-names>J</given-names>
						</name>
						<name>
							<surname>Arsenault</surname>
							<given-names>J</given-names>
						</name>
						<name>
							<surname>Rimac</surname>
							<given-names>G</given-names>
						</name>
						<name>
							<surname>Déry</surname>
							<given-names>JP</given-names>
						</name>
						<etal/>
					</person-group>
					<article-title>Effectiveness of low rate fluoroscopy at reducing operator and patient
                  radiation dose during transradial coronary angiography and
                  interventions</article-title>
					<source>JACC Cardiovasc Interv</source>
					<year>2014</year>
					<volume>7</volume>
					<issue>5</issue>
					<fpage>567</fpage>
					<lpage>574</lpage>
				</element-citation>
			</ref>
		</ref-list>
	</back>
	<sub-article article-type="translation" id="SA1" xml:lang="en">
		<front-stub>
			<title-group>
				<article-title>Pattern of Radiation Exposure in Healthcare Professionals During Coronary
               Angiography</article-title>
			</title-group>
			<contrib-group>
				<contrib contrib-type="author">
					<name>
						<surname>Cardoso</surname>
						<given-names>Cristiano de Oliveira</given-names>
					</name>
					<xref ref-type="aff" rid="aff02"/>
					<xref ref-type="corresp" rid="c02"/>
				</contrib>
				<contrib contrib-type="author">
					<name>
						<surname>Moraes</surname>
						<given-names>Cláudio Vasques de</given-names>
					</name>
					<xref ref-type="aff" rid="aff02"/>
				</contrib>
				<contrib contrib-type="author">
					<name>
						<surname>Teixeira</surname>
						<given-names>Júlio Vinícius de Souza</given-names>
					</name>
					<xref ref-type="aff" rid="aff02"/>
				</contrib>
				<contrib contrib-type="author">
					<name>
						<surname>Fischer</surname>
						<given-names>Leandro dos Santos</given-names>
					</name>
					<xref ref-type="aff" rid="aff02"/>
				</contrib>
				<contrib contrib-type="author">
					<name>
						<surname>Broetto</surname>
						<given-names>Gabriel Garcia</given-names>
					</name>
					<xref ref-type="aff" rid="aff02"/>
				</contrib>
				<contrib contrib-type="author">
					<name>
						<surname>Silva</surname>
						<given-names>Bruna Santos</given-names>
					</name>
					<xref ref-type="aff" rid="aff02"/>
				</contrib>
				<contrib contrib-type="author">
					<name>
						<surname>Medeiros</surname>
						<given-names>Rogério Fachel de</given-names>
					</name>
					<xref ref-type="aff" rid="aff02"/>
				</contrib>
				<contrib contrib-type="author">
					<name>
						<surname>Sarmento-Leite</surname>
						<given-names>Rogério</given-names>
					</name>
					<xref ref-type="aff" rid="aff02"/>
				</contrib>
				<contrib contrib-type="author">
					<name>
						<surname>Gottschall</surname>
						<given-names>Carlos Antônio Mascia</given-names>
					</name>
					<xref ref-type="aff" rid="aff02"/>
				</contrib>
				<aff id="aff02">
					<institution content-type="original">Instituto de Cardiologia do Rio Grande do Sul,
                  Fundação Universitária de Cardiologia, Porto Alegre, RS, Brazil.</institution>
				</aff>
			</contrib-group>
			<author-notes>
				<corresp id="c02">
					<bold>Corresponding Author:</bold> Cristiano de Oliveira Cardoso. Rua
               José Albano Volkmer, 340/506 – Jardim do Salso – CEP: 91410-180 – Porto Alegre, RS,
               Brazil E-mail: <email>cro_cardoso@yahoo.com.br</email>
				</corresp>
				<fn fn-type="conflict">
					<p>
						<bold>CONFLICT OF INTERESTS</bold>
					</p>
					<p>The authors declare no conflicts of interest.</p>
				</fn>
			</author-notes>
			<abstract>
				<sec>
					<title>Background:</title>
					<p>Invasive cardiologic procedures expose physicians and nurses/technicians to the
                  risks of ionizing radiation. The aim of this study was to determine the exposure
                  patterns in healthcare professionals during cardiologic procedures.</p>
				</sec>
				<sec>
					<title>Methods:</title>
					<p>Prospective study including patients undergoing invasive cardiologic procedures
                  between December 2011 and August 2012 using flat-panel detector fluoroscopy.
                  Clinical, angiographic and radiation exposure characteristics were recorded in a
                  dedicated database. Patterns of radiation exposure were determined in patients
                  undergoing diagnostic cardiac catheterization. The correlation between surgeon and
                  nurse/technician dose was also evaluated.</p>
				</sec>
				<sec>
					<title>Results:</title>
					<p>The sample included 119 patients undergoing catheterization. The patient mean air
                  kerma dose and dose-area product was 549 ± 220 mGy and 29,054 ± 14,696
                     mGy.cm<sup>2</sup>, respectively. Physicians and nurses/technicians were
                  exposed to a mean effective dose of 0.47 ± 0.16 and 0.28 ± 0.13 mSv per exam,
                  respectively. The correlation between physicians and nurses/technicians effective
                  dose was 0.54 (<italic>p</italic> &lt; 0.001).</p>
				</sec>
				<sec>
					<title>Conclusions:</title>
					<p>Physicians and nurses/technicians are exposed to low ionizing radiation doses
                  during diagnostic cardiac catheterization. Nurses/technicians are exposed to
                  approximately 60% of the operating physician's dose.</p>
				</sec>
			</abstract>
			<kwd-group xml:lang="en">
				<kwd>Cardiac catheterization</kwd>
				<kwd>Radiation, ionizing</kwd>
				<kwd>Radiation exposure</kwd>
				<kwd>Radiation dosage</kwd>
			</kwd-group>
		</front-stub>
		<body>
			<p>Catheterization laboratory procedures have been widely used for evaluation of coronary
            artery disease. As the number of invasive tests in modern cardiology increases, patients
            and the medical and nursing staffs are exposed to higher doses of ionizing
               radiation.<xref ref-type="bibr" rid="B01">1</xref>
				<sup>,</sup>
				<xref ref-type="bibr" rid="B02">2</xref>
			</p>
			<p>Currently, the ever more frequent reports of injuries<xref ref-type="bibr" rid="B03">3</xref>
				<sup>,</sup>
				<xref ref-type="bibr" rid="B04">4</xref> related to ionizing
            radiation are a constant concern for health teams. However, the Brazilian literature
            lacks contemporary data on the radiological exposure in health care workers.</p>
			<p>This study aimed to determine the pattern of radiation exposure in healthcare workers
            during invasive cardiac procedures.</p>
			<sec sec-type="methods">
				<title>METHODS</title>
				<p>This was an observational study with prospective data collection.</p>
			</sec>
			<sec>
				<title>RADIAÇÃO REGISTER</title>
				<p>The RADIAÇÃO Register is an institutional register that documents diagnostic and
               therapeutic procedures in interventional cardiology performed using a device with
               flat-panel detectors. Information related to radiation exposure and technical details
               of the procedures were prospectively recorded.</p>
				<sec>
					<title>Sample</title>
					<p>The radiation exposure patterns in the procedures performed on patients with
                  indication of diagnostic cardiac catheterization were registered. All patients
                  signed a free informed consent form, and the protocol was approved by the local
                  Ethics Committee in Research (UP 4454/10).</p>
				</sec>
				<sec>
					<title>Analyzed characteristics</title>
					<p>For inclusion in the register, information regarding age, gender, risk factors for
                  cardiovascular disease, clinical presentation and indication for the procedure,
                  ventricular function, number of affected vessels, treated vessel, lesion
                  characteristics, and success rate was collected and analyzed. Specific data on
                  radiological exposure (dose received, dose-area product, and fluoroscopy time)
                  were also collected.</p>
				</sec>
				<sec>
					<title>Invasive cardiac procedures</title>
					<p>Images were acquired using a single device with flat-panel detector (Philips
                  Allura - Einthoven, the Netherlands) with three magnification fields (15, 20, and
                  25 cm) and double filter (copper + aluminum). Five projections for the left
                  coronary artery, two for the right coronary artery, and one for left
                  ventriculography were performed in order to obtain the images. The positions of
                  the flat-panel detector were set at the following angles: (1) left coronary
                  artery: 20º right anterior oblique (RAO), with a 20º caudal tilt; anteroposterior
                  (AP) with a 20º caudal tilt; 40º left anterior oblique (LAO), with a 30º caudal
                  tilt (spider view); 40º RAO with a 25ºcranial tilt; AP with a 40º cranial tilt;
                  (2) right coronary artery: 30º RAO; 30º LAO with a 30º cranial tilt; (3) left
                  ventriculography: 30º RAO. All images were obtained with image acquisition at a
                  speed of 15 frames per second. The examinations were performed by qualified
                  interventionists and exclusively via the femoral access route. Due to the
                  characteristics of the protocol, patients with coronary artery bypass graft
                  surgery were excluded.</p>
				</sec>
				<sec>
					<title>Radiological exposure parameters</title>
					<p>The radiological exposure of healthcare professionals was measured using a digital
                  dosimeter (Polimaster PM1621 - Arlington, United States) in each procedure. The
                  effective dose (&#181;Sv) received was determined according to the following
                  formula: effective dose = (dose of procedure - background radiation) × conversion
                  factor. The background radiation was determined by the formula: procedure time (in
                  seconds) × 0.00004 &#181;Sv/s, considering a conversion factor of 1.01. The
                  dosimeter was reseted at the beginning of the procedure, and the final dose was
                  measured at the end.</p>
					<p>Two dosimeters were used: one for the operating physician conducting the
                  procedure, and the other by a nurse/nursing technician who assisted the exam. All
                  professionals used radiological protection equipment (an apron and thyroid shield,
                  0.5 mm thick), and the dosimeter was positioned over the lead apron. If the
                  physician was performing the catheterization, top and bottom shields were used
                  (skirt and shield) for added protection.</p>
				</sec>
				<sec>
					<title>Statistical analysis</title>
					<p>Data were analyzed using SPSS version 18.0, and the results were presented as
                  means and standard deviations, or as absolute numbers and percentages. The
                  correlation between dose of the operating physician and dose of the nurse/nursing
                  technician was evaluated.</p>
				</sec>
			</sec>
			<sec sec-type="results">
				<title>RESULTS</title>
				<p>Between December 2011 and August 2012, 119 invasive cardiac procedures for diagnostic
               purposes were evaluated. <xref ref-type="table" rid="t03">Table 1</xref> shows the
               clinical characteristics of patients included in the study.</p>
				<table-wrap id="t03">
					<label>TABLE 1</label>
					<caption>
						<title>Clinical characteristics of patients</title>
					</caption>
					<table frame="hsides" rules="groups">
						<thead>
							<tr>
								<th>
									<bold>Variable</bold>
								</th>
								<th align="center">
									<bold>n = 119</bold>
								</th>
							</tr>
						</thead>
						<tbody>
							<tr>
								<td>Age, years</td>
								<td align="center">58.2 ± 10.2</td>
							</tr>
							<tr>
								<td>Male gender, n (%)</td>
								<td align="center">68 (57.1)</td>
							</tr>
							<tr>
								<td>White, n (%)</td>
								<td align="center">105 (88.2)</td>
							</tr>
							<tr>
								<td>Weight, kg</td>
								<td align="center">82.8 ± 17.7</td>
							</tr>
							<tr>
								<td>Height, cm</td>
								<td align="center">167.0 ± 12.1</td>
							</tr>
							<tr>
								<td>Active smoking, n (%)</td>
								<td align="center">40 (33.6)</td>
							</tr>
							<tr>
								<td>Hypertension, n (%)</td>
								<td align="center">92 (77.3)</td>
							</tr>
							<tr>
								<td>Diabetes, n (%)</td>
								<td align="center">40 (33.6)</td>
							</tr>
							<tr>
								<td>&#x00a0;&#x00a0;&#x00a0;&#x00a0;Using insulin</td>
								<td align="center">11 (9.2)</td>
							</tr>
							<tr>
								<td>Dyslipidemia, n (%)</td>
								<td align="center">55 (46.2)</td>
							</tr>
							<tr>
								<td>Family history of CAD, n (%)</td>
								<td align="center">52 (43.7)</td>
							</tr>
							<tr>
								<td>Prior percutaneous coronary intervention, n (%)</td>
								<td align="center">26 (21.8)</td>
							</tr>
							<tr>
								<td>Previous myocardial infarction, n (%)</td>
								<td align="center">23 (19.3)</td>
							</tr>
							<tr>
								<td>Previous stroke, n (%)</td>
								<td align="center">4 (3.4)</td>
							</tr>
							<tr>
								<td>Medications in use, n (%)</td>
								<td align="center"/>
							</tr>
							<tr>
								<td>&#x00a0;&#x00a0;&#x00a0;&#x00a0;Acetylsalicylic acid</td>
								<td align="center">92 (77.3)</td>
							</tr>
							<tr>
								<td>&#x00a0;&#x00a0;&#x00a0;&#x00a0;Clopidogrel/ticlopidine</td>
								<td align="center">16 (13.4)</td>
							</tr>
							<tr>
								<td>&#x00a0;&#x00a0;&#x00a0;&#x00a0;Beta-blocker</td>
								<td align="center">82 (68.9)</td>
							</tr>
							<tr>
								<td>&#x00a0;&#x00a0;&#x00a0;&#x00a0;Nitrate</td>
								<td align="center">34 (28.6)</td>
							</tr>
							<tr>
								<td>&#x00a0;&#x00a0;&#x00a0;&#x00a0;Statin</td>
								<td align="center">61 (51.3)</td>
							</tr>
							<tr>
								<td>&#x00a0;&#x00a0;&#x00a0;&#x00a0;ACEI</td>
								<td align="center">64 (53.8)</td>
							</tr>
							<tr>
								<td>&#x00a0;&#x00a0;&#x00a0;&#x00a0;Calcium antagonist</td>
								<td align="center">17 (14.3)</td>
							</tr>
							<tr>
								<td>&#x00a0;&#x00a0;&#x00a0;&#x00a0;Diuretic</td>
								<td align="center">41 (34.5)</td>
							</tr>
							<tr>
								<td>&#x00a0;&#x00a0;&#x00a0;&#x00a0;Aldosterone antagonist</td>
								<td align="center">18 (15.1)</td>
							</tr>
						</tbody>
					</table>
					<table-wrap-foot>
						<fn>
							<p>CAD, coronary-artery disease; ACEI, angiotensin-converting-enzyme
                        inhibitors.</p>
						</fn>
					</table-wrap-foot>
				</table-wrap>
				<p>In relation to angiographic characteristics, it was observed that 60 patients (50.4%)
               did not present coronary stenosis &gt; 70%. Severe injury to one, two, or three
               vessels occurred in 35 (29.4%), 19 (16.0%), and five (4.2%) patients, respectively.
               The ejection fraction of the patients was 67 ± 15%. The mean procedural time was
               15h06 m ± 4h03 m, and that for the fluoroscopy was 2h55m ± 4h03m , with contrast
               volume of 96.9 ± 10.7 mL per procedure. 9.45 ± 0.65 acquisitions per procedure were
               performed, with approximately 741 ± 101 frames per procedure. The mean number of
               frames per acquisition was 78 ± 10.</p>
				<p>The radiation exposure of patients involved in the study, as well that of healthcare
               professionals, is shown in <xref ref-type="table" rid="t04">Table 2</xref>. The
               correlation between dose effective of physicians and nurses/nursing technicians is
               shown in the Figure.</p>
				<fig id="f02">
					<label>Figure</label>
					<caption>
						<title>Occupational exposure correlation among healthcare professionals.</title>
					</caption>
					<graphic xlink:href="0104-1843-rbci-22-04-0320-gf01-en.tif"/>
				</fig>
				<table-wrap id="t04">
					<label>TABLE 2</label>
					<caption>
						<title>Mean radiological exposure parameters per procedure</title>
					</caption>
					<table frame="hsides" rules="groups">
						<thead>
							<tr>
								<th>
									<bold>Variable</bold>
								</th>
								<th align="center">
									<bold>Value</bold>
								</th>
							</tr>
						</thead>
						<tbody>
							<tr>
								<td>Radiological exposure of patient</td>
								<td align="center"/>
							</tr>
							<tr>
								<td>&#x00a0;&#x00a0;&#x00a0;&#x00a0;Air kerma, mGy</td>
								<td align="center">549 ± 220</td>
							</tr>
							<tr>
								<td>&#x00a0;&#x00a0;&#x00a0;&#x00a0;Dose-area product,
                           mGy.cm<sup>2</sup>
								</td>
								<td align="center">29,054 ± 14,696</td>
							</tr>
							<tr>
								<td>Radiological exposure of the operating physician</td>
								<td align="center"/>
							</tr>
							<tr>
								<td>&#x00a0;&#x00a0;&#x00a0;&#x00a0;Effective dose, μSv</td>
								<td align="center">0.47 ± 0.16</td>
							</tr>
							<tr>
								<td>Radiological exposure of the nurse/nursing technician</td>
								<td align="center"/>
							</tr>
							<tr>
								<td>&#x00a0;&#x00a0;&#x00a0;&#x00a0;Effective dose, Sv</td>
								<td align="center">0.28 ± 0.13</td>
							</tr>
						</tbody>
					</table>
				</table-wrap>
			</sec>
			<sec sec-type="discussion">
				<title>DISCUSSION</title>
				<p>This study aimed to determine the radiological exposure of healthcare professionals
               directly involved in invasive cardiac procedures using hemodynamics devices with
               flat-panel detectors. The flat-panel detector technology has been incorporated in
               modern hemodynamics devices because, according to the manufacturers, this technology
               promotes greater image quality and, theoretically, a lower radiation exposure.<xref ref-type="bibr" rid="B05">5</xref>
					<sup>,</sup>
					<xref ref-type="bibr" rid="B06">6</xref>
				</p>
				<p>Everyone who works with ionizing radiation should follow the "as low as reasonably
               achievable" (ALARA) principle.<xref ref-type="bibr" rid="B07">7</xref> In short, this
               principle states that radiation exposure should be kept as low as reasonably
               practicable. Although the ALARA concept is widely known, recent research has shown
               that approximately 80% of professionals working directly with ionizing radiation do
               not demonstrate adequate knowledge about its risks.<xref ref-type="bibr" rid="B05">5</xref> Therefore, the promotion of measures aimed at reducing the dose and to
               disseminate a consistent knowledge about its use is appropriate and relevant for all
               individuals exposed to this kind of biological effect.</p>
				<p>The authors have previously demonstrated the current patterns of radiological
               exposure during diagnostic and therapeutic procedures.<xref ref-type="bibr" rid="B01">1</xref> In addition, they determined that weight,<xref ref-type="bibr" rid="B08">8</xref> type of procedure,<xref ref-type="bibr" rid="B09">9</xref>
					<sup>,</sup>
					<xref ref-type="bibr" rid="B10">10</xref> and the radial
               access route<xref ref-type="bibr" rid="B11">11</xref> are important predictors of
               increased radiation exposure. However, until recently, individual occupational
               exposure with the use of flat-panel detector devices was unknown. It was observed
               that the mean individual effective doses per examination were relatively low during a
               diagnostic cardiac catheterization, both for physicians (0.47 &#181;Sv) and for
               nurses/nursing technicians (0.28 &#181;Sv). Nevertheless, the present findings
               demonstrate that nurses/nursing technicians are exposed to 60% of the radiation
               received by the operating physician. These are important findings, since the
               effective dose received by nurses/nursing technicians correlates directly with that
               received by the operating physician. This result is significant and confirms the need
               for the use of the maximum radiation protection possible when exposed to ionizing
                  radiation.<xref ref-type="bibr" rid="B12">12</xref>
				</p>
				<p>The ordinance 453 of the Brazilian Ministry of Health<xref ref-type="bibr" rid="B13">13</xref> determines that the average annual effective dose should not exceed 20
               mSv in any period of 5 consecutive years, and it cannot exceed 50 mSv in any one
               year. It is critical that measures are taken in order to promote a dose reduction for
               patients and healthcare professionals; such measures have been increasingly
               stimulated by scientific societies.<xref ref-type="bibr" rid="B12">12</xref>
					<sup>,</sup>
					<xref ref-type="bibr" rid="B14">14</xref>
					<sup>,</sup>
					<xref ref-type="bibr" rid="B15">15</xref> The international literature has shown that
               simple actions can promote a significant reduction in radiation exposure. Often,
               patients undergoing cardiac catheterization have their left-ventricular function
               assessed by echocardiography or other imaging method. Lin et al.<xref ref-type="bibr" rid="B16">16</xref> demonstrated that left-ventriculography suppression promotes a
               reduction of 10% in the dose-area product. In agreement with this finding, Abdelaal
               et al.<xref ref-type="bibr" rid="B17">17</xref> evaluated, in a randomized way, two
               image acquisition methods: with 7.5 and 15 frames/second. This simple reduction in
               exposure rate produced a significant 30% reduction in the dose for the operating
               physician and of 19% for the patient. The authors are not advocating a change in
               technique, but it is critical that all professionals involved in radiological
               examinations are aware that simple measures can reduce the dose in their procedures.
               Therefore, it is up to the professional to define the strategy to be used.</p>
				<p>The present study had limitations that should be considered. This was a single-center
               analysis, with a small number of patients. Patients undergoing coronary angioplasty,
               those who had undergone coronary artery bypass graft surgery or procedures by radial
               access route were not included. However, due to the lack of national data, this
               article can serve as a reference for future studies.</p>
			</sec>
			<sec sec-type="conclusions">
				<title>CONCLUSIONS</title>
				<p>Physicians and nurses/nursing technicians are exposed to small doses of ionizing
               radiation during diagnostic cardiac catheterization. Nurses/nursing technicians are
               exposed to approximately 60% of the dose of the operating physician.</p>
			</sec>
		</body>
	</sub-article>
</article>
