<?xml version="1.0" encoding="utf-8"?>
<!DOCTYPE article PUBLIC "-//NLM//DTD JATS (Z39.96) Journal Publishing DTD v1.0 20120330//EN" "JATS-journalpublishing1.dtd">
<article xmlns:xlink="http://www.w3.org/1999/xlink" xmlns:mml="http://www.w3.org/1998/Math/MathML" dtd-version="1.0" specific-use="sps-1.1" article-type="research-article" xml:lang="pt">
	<front>
		<journal-meta>
			<journal-id journal-id-type="publisher-id">rbci</journal-id>
			<journal-title-group>
				<journal-title>Revista Brasileira de Cardiologia Invasiva</journal-title>
				<abbrev-journal-title abbrev-type="publisher">Rev. Bras. Cardiol.
               Invasiva</abbrev-journal-title>
			</journal-title-group>
			<issn pub-type="ppub">0104-1843</issn>
			<issn pub-type="epub">2179-8397</issn>
			<publisher>
				<publisher-name>Sociedade Brasileira de Hemodinâmica e Cardiologia
               Intervencionista</publisher-name>
			</publisher>
		</journal-meta>
		<article-meta>
			<article-id pub-id-type="doi">10.1590/0104-1843000000056</article-id>
			<article-categories>
				<subj-group subj-group-type="heading">
					<subject>ARTIGOS ORIGINAIS</subject>
				</subj-group>
			</article-categories>
			<title-group>
				<article-title>Razões para Utilização da Via Femoral em Centro que Prioriza Técnica
               Radial em Procedimentos Cardiovasculares Invasivos</article-title>
			</title-group>
			<contrib-group>
				<contrib contrib-type="author">
					<name>
						<surname>Fossati</surname>
						<given-names>Marco Antonio Medeiros</given-names>
					</name>
					<xref ref-type="aff" rid="aff01"/>
					<xref ref-type="corresp" rid="c01"/>
				</contrib>
				<contrib contrib-type="author">
					<name>
						<surname>Arndt</surname>
						<given-names>Marcelo Emílio</given-names>
					</name>
					<xref ref-type="aff" rid="aff01"/>
				</contrib>
				<aff id="aff01">
					<institution content-type="orgname">Hospital Bruno Born</institution>
					<addr-line>
						<named-content content-type="city">Lajeado</named-content>
						<named-content content-type="state">RS</named-content>
					</addr-line>
					<country country="BR">Brasil</country>
					<institution content-type="original">Hospital Bruno Born, Lajeado, RS, Brasil.</institution>
				</aff>
			</contrib-group>
			<author-notes>
				<corresp id="c01">
					<bold>Correspondência:</bold> Marco Antonio Medeiros Fossati. Serviço
               de Hemodinâmica do Hospital Bruno Born − Avenida Benjamin Constant, 888, 2º andar −
               Centro − CEP: 95900-000 − Lajeado, RS, Brasil E-mail:
                  <email>mamfossati@yahoo.com.br</email>
				</corresp>
				<fn fn-type="conflict">
					<p>
						<bold>CONFLITO DE INTERESSES</bold>
					</p>
					<p>Não há.</p>
				</fn>
			</author-notes>
			<pub-date pub-type="epub-ppub">
				<season>Oct-Dec</season>
				<year>2015</year>
			</pub-date>
			<volume>22</volume>
			<issue>4</issue>
			<fpage>339</fpage>
			<lpage>342</lpage>
			<history>
				<date date-type="received">
					<day>01</day>
					<month>09</month>
					<year>2014</year>
				</date>
				<date date-type="accepted">
					<day>24</day>
					<month>11</month>
					<year>2014</year>
				</date>
			</history>
			<permissions>
				<license license-type="open-access" xlink:href="http://creativecommons.org/licenses/by-nc/3.0/">
					<license-p>Este é um artigo publicado em acesso aberto (Open Access) sob a licença
                  Creative Commons Attribution NonCommercial, que permite uso, distribuição e
                  reprodução em qualquer meio, sem restrições desde que sem fins comerciais e que o
                  trabalho original seja corretamente citado.</license-p>
				</license>
			</permissions>
			<abstract>
				<sec>
					<title>Introdução:</title>
					<p>A técnica de acesso arterial radial tem sido incorporada em muitos centros como
                  técnica de escolha para procedimentos invasivos cardíacos. No entanto, ainda há
                  resistências relacionadas principalmente a possibilidade de
                     <italic>crossover</italic> para via femoral, causadas por dificuldades técnicas
                  ou alterações anatômicas vasculares. O objetivo deste estudo foi identificar as
                  razões para a utilização da via femoral em um centro de médio volume de
                  intervenções, que recentemente adotou essa técnica como primeira escolha na
                  realização de procedimentos invasivos cardíacos.</p>
				</sec>
				<sec>
					<title>Métodos:</title>
					<p> Estudo prospectivo, que incluiu pacientes consecutivos submetidos a cateterismo
                  cardíaco e coronariografia de forma eletiva. O preenchimento de formulário foi
                  realizado com informações pré-, per- e pós-procedimento, e foi dada ênfase à
                  avaliação das causas da utilização da via femoral (<italic>crossover</italic> ou
                  por escolha primária do operador).</p>
				</sec>
				<sec>
					<title>Resultados:</title>
					<p>No período de novembro de 2013 a agosto de 2014, 1.290 pacientes foram submetidos
                  a procedimento diagnóstico eletivo. A via femoral foi utilizada em 10,9% dos
                  pacientes, por escolha do operador em 6,6% ou por <italic>crossover</italic> em
                  4,3% dos casos. O <italic>crossover</italic> ocorreu por punção inadequada (3,4%),
                  espasmo arterial (0,6%) ou tortuosidade vascular (0,3%). As complicações imediatas
                  foram observadas em seis pacientes (0,5%) que desenvolveram hematomas locais
                  (tipos I e II).</p>
				</sec>
				<sec>
					<title>Conclusões:</title>
					<p>Em um centro de moderado volume, a técnica radial foi incorporada como primeira
                  escolha com segurança e baixa incidência de <italic>crossover</italic> para a via
                  femoral.</p>
				</sec>
			</abstract>
			<kwd-group xml:lang="pt">
				<kwd>Artéria radial</kwd>
				<kwd>Artéria femoral</kwd>
				<kwd>Cateterismo cardíaco</kwd>
				<kwd>Intervenção coronária percutânea</kwd>
			</kwd-group>
			<counts>
				<fig-count count="0"/>
				<table-count count="4"/>
				<equation-count count="0"/>
				<ref-count count="14"/>
				<page-count count="4"/>
			</counts>
		</article-meta>
	</front>
	<body>
		<p>A utilização da via de acesso radial para realização de procedimentos cardiovasculares
         invasivos tem se mostrado altamente variável nos diversos centros especializados.<xref ref-type="bibr" rid="B01">1</xref> Observa-se uma crescente utilização dessa técnica,
         tanto para procedimentos diagnósticos como para terapêuticos. No entanto, na maioria dos
         centros, principalmente os norte-americanos, a via de acesso femoral ainda é a escolha
            preferencial.<xref ref-type="bibr" rid="B01">1</xref>
			<sup>,</sup>
			<xref ref-type="bibr" rid="B02">2</xref>
		</p>
		<p>A via de acesso radial tem se mostrado adequada, uma vez que diminui significativamente a
         ocorrência de complicações vasculares hemorrágicas, promove a rápida deambulação e diminui
         custos, quando comparada com a via femoral. Alguns estudos relacionaram a menor incidência
         das complicações hemorrágicas da técnica radial à diminuição da mortalidade.<xref ref-type="bibr" rid="B03">3</xref>
			<sup>-</sup>
			<xref ref-type="bibr" rid="B05">5</xref>
		</p>
		<p>A subutilização da via radial tem sido relacionada a dificuldades técnicas e desafios a
         serem vencidos, por variações anatômicas, espasmo vascular e alterações de trajeto
         vascular, incluindo do arco aórtico. A não utilização da via radial é frequentemente
         registrada em centros de baixo a moderado volume de procedimentos.<xref ref-type="bibr" rid="B06">6</xref>
			<sup>-</sup>
			<xref ref-type="bibr" rid="B08">8</xref>
		</p>
		<p>Estudos recentes em centros que têm a via radial como rotina mostraram 2% de
            <italic>crossover</italic> para a via femoral por falha na realização do procedimento
         programado por via radial e em torno de 3% para a incidência da escolha primária da via
         femoral pelo operador por motivos como história de cirurgia de revascularização prévia ou
         oclusão conhecida da artéria radial.<xref ref-type="bibr" rid="B04">4</xref> Intervenção em
         pacientes com choque cardiogênico por via femoral tem sido a preferência na maioria dos
            centros.<xref ref-type="bibr" rid="B06">6</xref>
			<sup>,</sup>
			<xref ref-type="bibr" rid="B09">9</xref>
		</p>
		<p>O objetivo deste trabalho foi identificar as razões para a utilização da via femoral em um
         centro de médio volume de intervenções, que recentemente adotou a via radial como primeira
         escolha na realização de procedimentos invasivos cardíacos.</p>
		<sec sec-type="methods">
			<title>MÉTODOS</title>
			<p>A população estudada consistiu de pacientes consecutivos, que se submeteram ao
            cateterismo cardíaco e à coronariografia eletiva no serviço de Hemodinâmica do Hospital
            Bruno Born, em Lajeado (RS). Foram excluídos os procedimentos de urgência em pacientes
            com síndrome coronariana aguda com e sem supradesnivelamento do segmento ST. O estudo
            foi realizado de acordo com as normas da Comissão de Ética em Pesquisa da instituição, e
            todos os pacientes assinaram um Termo de Consentimento para o procedimento.</p>
			<p>As informações pré-procedimento incluíram dados demográficos, fatores de risco para
            doença coronariana, indicação clínica para a realização do exame, procedimentos prévios
            e via de acesso utilizada. Durante o procedimento, foram coletadas informações da via de
            acesso, o calibre do introdutor utilizado, a necessidade da realização de teste de
            oximetria digital e a administração de medicação espasmolítica. Após o procedimento, foi
            registrada a ocorrência de complicações imediatas relacionadas ao sítio de punção
            (hematomas e pseudoaneurismas), à oclusão arterial assintomática ou à necessidade de
            reparo vascular cirúrgico.</p>
			<sec>
				<title>Definições</title>
				<p>As razões para a utilização da via femoral poderiam ocorrer por
                  <italic>crossover</italic> ou por escolha primária do operador. O
                  <italic>crossover</italic> para via femoral foi definido como todo procedimento em
               que a via radial não podia ser utilizada por falha da punção, espasmo arterial ou
               tortuosidade que não podia ser vencida. As razões para a escolha pelo operador da via
               femoral como primeira alternativa foram listadas como oclusão radial prévia,
               revascularização miocárdica, ou preferência do paciente.</p>
				<p>Os hematomas foram graduados de acordo com a classificação do estudo EASY
                  (<italic>Early Discharge After Transradial Stenting of Coronary
               Arteries</italic>): tipo I, &#x2264; 5 cm de diâmetro; tipo II, &#x2264; 10 cm de
               diâmetro; tipo III, &gt; 10 cm, sem atingir o cotovelo; tipo IV, hematoma
               estendendo-se além do cotovelo; tipo V, qualquer hematoma com injúria isquêmica à
                  mão.<xref ref-type="bibr" rid="B10">10</xref>
				</p>
			</sec>
			<sec>
				<title>Procedimento</title>
				<p>Todos os pacientes foram examinados pelo enfermeiro do serviço para presença de pulso
               radial e ulnar. Em caso de ausência ou diminuição de pulso, procedia-se ao teste de
               oximetria digital. Nesse protocolo, um oxímetro de pulso era colocado no polegar e a
               artéria ulnar ipsilateral era ocluída. Valores constantes da oximetria indicavam
               enchimento arterial ininterrupto durante a oclusão ulnar. Os pacientes eram revisados
               pelo médico operador.</p>
				<p>O paciente era posicionado com o pulso direito ou esquerdo com leve extensão e
               procedia-se à antissepsia com clorexidina 2%. Uma anestesia local com 2 a 3 mL de
               xilocaína 1% sem vasoconstritor era realizada. Para punção arterial, foi utilizado
                  Insyte<sup>&#x00AE;</sup> 20 e kit de punção radial 5 ou 6 F (Terumo Medical
               Corporation, Elkton, Estados Unidos). A escolha do cateter diagnóstico ficou a cargo
               do operador. Após a punção radial, solução com uma ampola de mononitrato de
               isossorbida (10 mg/mL) associada a 2.500 U de heparina sódica era administrada
               diretamente na via lateral do introdutor. Ao final do procedimento o introdutor era
               retirado pelo enfermeiro e procedia-se à compressão do sítio de punção por 3
               horas.</p>
			</sec>
		</sec>
		<sec sec-type="results">
			<title>RESULTADOS</title>
			<p>Um total de 1.290 pacientes se submeteu a cateterismo cardíaco e coronariografia
            eletivos em nosso serviço no período de novembro de 2013 a agosto de 2014. Prevaleceram
            os pacientes do sexo masculino (61,9%), com média de idades de 61,0 ± 12,5 anos, e 30,9%
            eram diabéticos. A maioria dos pacientes (98%) tinha como indicação clínica a
            investigação de cardiopatia isquêmica. Procedimentos diagnósticos prévios foram
            realizados em 21,9% dos pacientes e 6,6% tinham realizado a intervenção por via radial
               (<xref ref-type="table" rid="t01">Tabela 1</xref>).</p>
			<table-wrap id="t01">
				<label>TABELA 1</label>
				<caption>
					<title>Características clínicas basais</title>
				</caption>
				<table frame="hsides" rules="groups">
					<thead>
						<tr>
							<th>
								<bold>Características</bold>
							</th>
							<th align="center">
								<bold>n = 1.290</bold>
							</th>
						</tr>
					</thead>
					<tbody>
						<tr>
							<td>Idade, anos</td>
							<td align="center">61,0 &#x00B1; 12,5</td>
						</tr>
						<tr>
							<td>Sexo masculino, n (%)</td>
							<td align="center">799 (61,9)</td>
						</tr>
						<tr>
							<td>Hipertensão arterial, n (%)</td>
							<td align="center">890 (69,0)</td>
						</tr>
						<tr>
							<td>
								<italic>Diabetes mellitus</italic>, n (%)</td>
							<td align="center">399 (30,9)</td>
						</tr>
						<tr>
							<td>Dislipidemia, n (%)</td>
							<td align="center">387 (30,0)</td>
						</tr>
						<tr>
							<td>Tabagismo, n (%)</td>
							<td align="center">438 (34,0)</td>
						</tr>
						<tr>
							<td>Indicação para o procedimento, n (%)</td>
							<td align="center"/>
						</tr>
						<tr>
							<td>&#x00a0;&#x00a0;&#x00a0;&#x00a0;Cardiopatia isquêmica</td>
							<td align="center">1.265 (98,1)</td>
						</tr>
						<tr>
							<td>&#x00a0;&#x00a0;&#x00a0;&#x00a0;Valvopatia</td>
							<td align="center">25 (1,9)</td>
						</tr>
						<tr>
							<td>&#x00a0;&#x00a0;&#x00a0;&#x00a0;Cardiopatia congênita</td>
							<td align="center">0 (0)</td>
						</tr>
						<tr>
							<td>Procedimentos diagnósticos prévios, n (%)</td>
							<td align="center">283 (21,9)</td>
						</tr>
						<tr>
							<td>&#x00a0;&#x00a0;&#x00a0;&#x00a0;Por via radial</td>
							<td align="center">85 (6,6)</td>
						</tr>
					</tbody>
				</table>
			</table-wrap>
			<p>Os procedimentos foram realizados pelas vias padrão adotadas no serviço em 89,1% dos
            casos. A via radial direita foi utilizada em 86,1%, a via radial esquerda em 0,5% e a
            via ulnar em 2,5% dos procedimentos. A via femoral foi utilizada nos demais pacientes
            (10,9%). Essa via foi utilizada por escolha do operador em 85 casos (6,6%) e por motivos
            como revascularização prévia (5,4%), preferência do paciente (0,6%) ou oclusão da
            artéria radial (0,5%). O <italic>crossover</italic> ocorreu em 56 casos (4,3%), por
            punção inadequada (3,4%), espasmo arterial (0,6%) ou tortuosidade vascular (0,3%) (<xref ref-type="table" rid="t02">Tabela 2</xref>).</p>
			<table-wrap id="t02">
				<label>TABELA 2</label>
				<caption>
					<title>Características do procedimento</title>
				</caption>
				<table frame="hsides" rules="groups">
					<thead>
						<tr>
							<th>
								<bold>Características</bold>
							</th>
							<th align="center">
								<bold>n = 1.290</bold>
							</th>
						</tr>
					</thead>
					<tbody>
						<tr>
							<td>Via de acesso, n (%)</td>
							<td align="center"/>
						</tr>
						<tr>
							<td>&#x00a0;&#x00a0;&#x00a0;&#x00a0;Radial direita</td>
							<td align="center">1.111(86,1)</td>
						</tr>
						<tr>
							<td>&#x00a0;&#x00a0;&#x00a0;&#x00a0;Radial esquerda</td>
							<td align="center">6 (0,5)</td>
						</tr>
						<tr>
							<td>&#x00a0;&#x00a0;&#x00a0;&#x00a0;Ulnar direita</td>
							<td align="center">32 (2,5)</td>
						</tr>
						<tr>
							<td>&#x00a0;&#x00a0;&#x00a0;&#x00a0;Femoral</td>
							<td align="center">141 (10,9)</td>
						</tr>
						<tr>
							<td>Calibre do introdutor, n (%)</td>
							<td align="center"/>
						</tr>
						<tr>
							<td>&#x00a0;&#x00a0;&#x00a0;&#x00a0;5 F</td>
							<td align="center">447 (34,7)</td>
						</tr>
						<tr>
							<td>&#x00a0;&#x00a0;&#x00a0;&#x00a0;6 F</td>
							<td align="center">843 (65,3)</td>
						</tr>
						<tr>
							<td>Teste de oximetria digital, n (%)</td>
							<td align="center">90 (6,9)</td>
						</tr>
						<tr>
							<td>Motivos para a utilização da via femoral, n (%)</td>
							<td align="center"/>
						</tr>
						<tr>
							<td>&#x00a0;&#x00a0;&#x00a0;&#x00a0;<italic>Crossover</italic>
							</td>
							<td align="center">56 (4,3)</td>
						</tr>
						<tr>
							<td>&#x00a0;&#x00a0;&#x00a0;&#x00a0;&#x00a0;&#x00a0;&#x00a0;&#x00a0;Punção
                        inadequada</td>
							<td align="center">44 (3,4)</td>
						</tr>
						<tr>
							<td>&#x00a0;&#x00a0;&#x00a0;&#x00a0;&#x00a0;&#x00a0;&#x00a0;&#x00a0;Espasmo
                        arterial</td>
							<td align="center">8 (0,6)</td>
						</tr>
						<tr>
							<td>&#x00a0;&#x00a0;&#x00a0;&#x00a0;&#x00a0;&#x00a0;&#x00a0;&#x00a0;Tortuosidade
                        vascular</td>
							<td align="center">4 (0,3)</td>
						</tr>
						<tr>
							<td>&#x00a0;&#x00a0;&#x00a0;&#x00a0;Escolha primária do operador</td>
							<td align="center">85 (6,6)</td>
						</tr>
						<tr>
							<td>&#x00a0;&#x00a0;&#x00a0;&#x00a0;&#x00a0;&#x00a0;&#x00a0;&#x00a0;Cirurgia de
                        revascularização prévia</td>
							<td align="center">70 (5,4)</td>
						</tr>
						<tr>
							<td>&#x00a0;&#x00a0;&#x00a0;&#x00a0;&#x00a0;&#x00a0;&#x00a0;&#x00a0;Preferência
                        do paciente</td>
							<td align="center">8 (0,6)</td>
						</tr>
						<tr>
							<td>&#x00a0;&#x00a0;&#x00a0;&#x00a0;&#x00a0;&#x00a0;&#x00a0;&#x00a0;Oclusão
                        radial prévia</td>
							<td align="center">7 (0,5)</td>
						</tr>
						<tr>
							<td>Complicações imediatas, n (%)</td>
							<td align="center">6 (0,5)</td>
						</tr>
						<tr>
							<td>&#x00a0;&#x00a0;&#x00a0;&#x00a0;Hematoma</td>
							<td align="center">6 (0,5)</td>
						</tr>
						<tr>
							<td>&#x00a0;&#x00a0;&#x00a0;&#x00a0;Pseudoaneurisma, reparo vascular
                        cirúrgico</td>
							<td align="center">0 (0)</td>
						</tr>
					</tbody>
				</table>
			</table-wrap>
			<p>As complicações imediatas pós-procedimento foram observadas em seis pacientes (0,5%) que
            desenvolveram hematomas tipos I e II no antebraço. Não ocorreram pseudoaneurismas,
            oclusões da artéria radial assintomáticas ou necessidade de reparo vascular
            cirúrgico.</p>
		</sec>
		<sec sec-type="discussion">
			<title>DISCUSSÃO</title>
			<p>Apesar dos comprovados benefícios da utilização da via radial de acesso vascular para
            procedimentos invasivos coronarianos, sua aplicação ainda é variável nos diversos
            centros. Algumas justificativas para a subutilização são os desafios técnicos
            encontrados, a curva de aprendizado e o receio de <italic>crossover</italic> demonstrado
            em diversos trabalhos.<xref ref-type="bibr" rid="B06">6</xref>
				<sup>,</sup>
				<xref ref-type="bibr" rid="B11">11</xref>
				<sup>-</sup>
				<xref ref-type="bibr" rid="B13">13</xref>
			</p>
			<p>Em nosso estudo, demonstramos que em um serviço de médio volume de procedimentos (1.500
            procedimentos diagnósticos/ano e 500 procedimentos terapêuticos/ano), onde recentemente
            aderimos à técnica radial como escolha primária, o procedimento pode ser realizado com
            segurança e baixa incidência de complicações e de <italic>crossover</italic> para via
            femoral. A incidência de <italic>crossover</italic> foi de 4,3%, e a causa principal foi
            a punção inadequada, o que reflete basicamente uma questão técnica, uma vez que a
            artéria não foi abordada de forma correta. Esse achado é compatível com o encontrado na
               literatura.<xref ref-type="bibr" rid="B03">3</xref>
				<sup>,</sup>
				<xref ref-type="bibr" rid="B06">6</xref>
			</p>
			<p>Alterações anatômicas em pacientes submetidos a procedimentos pela via radial são
            estimadas em 20%,<xref ref-type="bibr" rid="B02">2</xref>
				<sup>,</sup>
				<xref ref-type="bibr" rid="B12">12</xref> entretanto elas não se mostraram um fator
            determinante de falha de utilização do acesso radial. Um explicação é a utilização mais
            frequente de alternativas de manipulação do acesso com guias mais finos, cateteres
            dedicados e guias com suporte maior. A utilização de um coquetel espasmolítico pode ter
            um papel importante coadjuvante no procedimento radial, como já demonstrado
               anteriormente.<xref ref-type="bibr" rid="B14">14</xref> O sexo feminino tem sido
            implicado como fator de risco para falha no acesso radial, entretanto, em nosso estudo,
            não foi possível verificar tal risco. O uso de heparina com infusão local é controverso
            e, neste estudo, utilizamos dose menor que a recomendada, por se tratar de procedimentos
            eletivos em pacientes estáveis.</p>
			<p>Uma preocupação em relação ao uso da técnica radial é a possibilidade de ausência de
            circulação dual nas mãos. Uma falha de acesso poderia acarretar oclusão da única artéria
            responsável pela circulação da mão.<xref ref-type="bibr" rid="B08">8</xref> Têm sido
            descritas algumas técnicas de verificação da presença de circulação adequada, sendo que
            a ausência da mesma contraindicaria o procedimento por essa via. Em um grande estudo
            retrospectivo sobre a prática radial, verificou-se que nenhum teste era aplicado
            preliminarmente ao exame em 23% dos centros.<xref ref-type="bibr" rid="B08">8</xref> Em
            nosso estudo deixamos a critério do enfermeiro a avaliação da circulação, sendo a
            simples palpação dos pulsos radial e ulnar o padrão estabelecido. O médico operador
            revisava os pulsos no momento da punção e foi pouco frequente a necessidade de
            realização da oximetria digital. Quando realizada a oximetria, esta demonstrou casos de
            oclusão radial com mudança da via de acesso. Acreditamos que a prática de avaliação pela
            equipe de enfermagem com revisão do médico operador é segura e com baixo risco de
            complicações.</p>
		</sec>
		<sec sec-type="conclusions">
			<title>CONCLUSÕES</title>
			<p>Em nosso serviço de cardiologia intervencionista, a técnica de acesso radial foi
            recentemente escolhida como a de primeira escolha e, com um volume de procedimentos
            médio, ainda estamos adquirindo experiência e vivência com ela, que já provou ser
            segura, eficaz e com impacto importante na diminuição de complicações hemorrágicas e
            mortalidade. Nossa incidência de <italic>crossover</italic> está próxima das dos grandes
            centros radialistas, o que nos encoraja a prosseguir ampliando a utilização dessa
            técnica.</p>
		</sec>
	</body>
	<back>
		<fn-group>
			<fn fn-type="financial-disclosure">
				<p>
					<bold>FONTE DE FINANCIAMENTO</bold>
				</p>
				<p>Não há.</p>
			</fn>
		</fn-group>
		<ack>
			<title>AGRADECIMENTOS</title>
			<p>À equipe do serviço de hemodinâmica do Hospital Bruno Born e à Dra. Anna C. Fossati,
            pelo auxílio na revisão bibliográfica.</p>
		</ack>
		<ref-list>
			<title>REFERÊNCIAS</title>
			<ref id="B01">
				<label>1</label>
				<mixed-citation>Valgimigli M, Saia F, Guastaroba P, Menozzi A, Magnavacchi P, Santarelli
               A, et al. Transradial versus transfemoral intervention for acute myocardial
               infarction: a propensity score-adjusted and -matched analysis from the REAL (REgistro
               regionale AngiopLastiche dell'Emilia-Romagna) multicenter registry. JACC Cardiovasc
               Interv. 2012;5(1):23-35.</mixed-citation>
				<element-citation publication-type="journal">
					<person-group person-group-type="author">
						<name>
							<surname>Valgimigli</surname>
							<given-names>M</given-names>
						</name>
						<name>
							<surname>Saia</surname>
							<given-names>F</given-names>
						</name>
						<name>
							<surname>Guastaroba</surname>
							<given-names>P</given-names>
						</name>
						<name>
							<surname>Menozzi</surname>
							<given-names>A</given-names>
						</name>
						<name>
							<surname>Magnavacchi</surname>
							<given-names>P</given-names>
						</name>
						<name>
							<surname>Santarelli</surname>
							<given-names>A</given-names>
						</name>
						<etal/>
					</person-group>
					<article-title>Transradial versus transfemoral intervention for acute myocardial
                  infarction: a propensity score-adjusted and -matched analysis from the REAL
                  (REgistro regionale AngiopLastiche dell'Emilia-Romagna) multicenter
                  registry</article-title>
					<source>JACC Cardiovasc Interv</source>
					<year>2012</year>
					<volume>5</volume>
					<issue>1</issue>
					<fpage>23</fpage>
					<lpage>35</lpage>
				</element-citation>
			</ref>
			<ref id="B02">
				<label>2</label>
				<mixed-citation>Valsecchi O, Vassileva A, Musumeci G, Rossini R, Tespili M, Guagliumi G,
               et al. Failure of transradial approach during coronary interventions: anatomic
               considerations.Catheter Cardiovasc Interv. 2006;67(6):870-8.</mixed-citation>
				<element-citation publication-type="journal">
					<person-group person-group-type="author">
						<name>
							<surname>Valsecchi</surname>
							<given-names>O</given-names>
						</name>
						<name>
							<surname>Vassileva</surname>
							<given-names>A</given-names>
						</name>
						<name>
							<surname>Musumeci</surname>
							<given-names>G</given-names>
						</name>
						<name>
							<surname>Rossini</surname>
							<given-names>R</given-names>
						</name>
						<name>
							<surname>Tespili</surname>
							<given-names>M</given-names>
						</name>
						<name>
							<surname>Guagliumi</surname>
							<given-names>G</given-names>
						</name>
						<etal/>
					</person-group>
					<article-title>Failure of transradial approach during coronary interventions:
                  anatomic considerations.</article-title>
					<source>Catheter Cardiovasc Interv</source>
					<year>2006</year>
					<volume>67</volume>
					<issue>6</issue>
					<fpage>870</fpage>
					<lpage>878</lpage>
				</element-citation>
			</ref>
			<ref id="B03">
				<label>3</label>
				<mixed-citation>Metha S, Jolly S, Cairns J, Niemeda K, Rao SV, Cheema AN, et al. Effects
               of radial versus femoral artery access in patients with acute coronary syndromes with
               or without ST-segment elevation. J Am Coll Cardiol.
               2012;60(24):490-9.</mixed-citation>
				<element-citation publication-type="journal">
					<person-group person-group-type="author">
						<name>
							<surname>Metha</surname>
							<given-names>S</given-names>
						</name>
						<name>
							<surname>Jolly</surname>
							<given-names>S</given-names>
						</name>
						<name>
							<surname>Cairns</surname>
							<given-names>J</given-names>
						</name>
						<name>
							<surname>Niemeda</surname>
							<given-names>K</given-names>
						</name>
						<name>
							<surname>Rao</surname>
							<given-names>SV</given-names>
						</name>
						<name>
							<surname>Cheema</surname>
							<given-names>AN</given-names>
						</name>
						<etal/>
					</person-group>
					<article-title>Effects of radial versus femoral artery access in patients with acute
                  coronary syndromes with or without ST-segment elevation</article-title>
					<source>J Am Coll Cardiol</source>
					<year>2012</year>
					<volume>60</volume>
					<issue>24</issue>
					<fpage>490</fpage>
					<lpage>499</lpage>
				</element-citation>
			</ref>
			<ref id="B04">
				<label>4</label>
				<mixed-citation>Abdelaal E, Brousseau-Provencher C, Montminy S, Plourde G, MacHaalany J,
               Bataille Y, et al. Risk score, causes and clinical impact of failure of transradial
               approach for percutaneous coronary interventions. JACC Cardiovasc Interv.
               2013;6(11):1129-37.</mixed-citation>
				<element-citation publication-type="journal">
					<person-group person-group-type="author">
						<name>
							<surname>Abdelaal</surname>
							<given-names>E</given-names>
						</name>
						<name>
							<surname>Brousseau-Provencher</surname>
							<given-names>C</given-names>
						</name>
						<name>
							<surname>Montminy</surname>
							<given-names>S</given-names>
						</name>
						<name>
							<surname>Plourde</surname>
							<given-names>G</given-names>
						</name>
						<name>
							<surname>MacHaalany</surname>
							<given-names>J</given-names>
						</name>
						<name>
							<surname>Bataille</surname>
							<given-names>Y</given-names>
						</name>
						<etal/>
					</person-group>
					<article-title>Risk score, causes and clinical impact of failure of transradial
                  approach for percutaneous coronary interventions</article-title>
					<source>JACC Cardiovasc Interv</source>
					<year>2013</year>
					<volume>6</volume>
					<issue>11</issue>
					<fpage>1129</fpage>
					<lpage>1137</lpage>
				</element-citation>
			</ref>
			<ref id="B05">
				<label>5</label>
				<mixed-citation>Bertrand O, Rao S, Pancholy S, Jolly S, Rodés-Cabau J, Larose E, et al.
               Transradial approach for coronary angiography and interventions. JACC Cardiovasc
               Interv. 2010;3(10):1022-31.</mixed-citation>
				<element-citation publication-type="journal">
					<person-group person-group-type="author">
						<name>
							<surname>Bertrand</surname>
							<given-names>O</given-names>
						</name>
						<name>
							<surname>Rao</surname>
							<given-names>S</given-names>
						</name>
						<name>
							<surname>Pancholy</surname>
							<given-names>S</given-names>
						</name>
						<name>
							<surname>Jolly</surname>
							<given-names>S</given-names>
						</name>
						<name>
							<surname>Rodés-Cabau</surname>
							<given-names>J</given-names>
						</name>
						<name>
							<surname>Larose</surname>
							<given-names>E</given-names>
						</name>
						<etal/>
					</person-group>
					<article-title>Transradial approach for coronary angiography and
                  interventions</article-title>
					<source>JACC Cardiovasc Interv</source>
					<year>2010</year>
					<volume>3</volume>
					<issue>10</issue>
					<fpage>1022</fpage>
					<lpage>1031</lpage>
				</element-citation>
			</ref>
			<ref id="B06">
				<label>6</label>
				<mixed-citation>Dehghani P, Mohammad A, Bajaj R, Hong T, Suen C, Sharieff W, et al.
               Mechanism and predictors of failed transradial approach for percutaneous coronary
               interventions. JACC Cardiovasc Interv. 2009;2(11):1057-64.</mixed-citation>
				<element-citation publication-type="journal">
					<person-group person-group-type="author">
						<name>
							<surname>Dehghani</surname>
							<given-names>P</given-names>
						</name>
						<name>
							<surname>Mohammad</surname>
							<given-names>A</given-names>
						</name>
						<name>
							<surname>Bajaj</surname>
							<given-names>R</given-names>
						</name>
						<name>
							<surname>Hong</surname>
							<given-names>T</given-names>
						</name>
						<name>
							<surname>Suen</surname>
							<given-names>C</given-names>
						</name>
						<name>
							<surname>Sharieff</surname>
							<given-names>W</given-names>
						</name>
						<etal/>
					</person-group>
					<article-title>Mechanism and predictors of failed transradial approach for
                  percutaneous coronary interventions</article-title>
					<source>JACC Cardiovasc Interv</source>
					<year>2009</year>
					<volume>2</volume>
					<issue>11</issue>
					<fpage>1057</fpage>
					<lpage>1064</lpage>
				</element-citation>
			</ref>
			<ref id="B07">
				<label>7</label>
				<mixed-citation>Rao SV, Ou FS, Wang TY, Roe MT, Brindis R, Rumsfeld JS, et al. Trends in
               the prevalence and outcomes of radial and femoral approaches to percutaneous coronary
               intervention: a report from the National Cardiovascular Data Registry. JACC
               Cardiovasc Inaterv. 2008;1(4):379-86.</mixed-citation>
				<element-citation publication-type="journal">
					<person-group person-group-type="author">
						<name>
							<surname>Rao</surname>
							<given-names>SV</given-names>
						</name>
						<name>
							<surname>Ou</surname>
							<given-names>FS</given-names>
						</name>
						<name>
							<surname>Wang</surname>
							<given-names>TY</given-names>
						</name>
						<name>
							<surname>Roe</surname>
							<given-names>MT</given-names>
						</name>
						<name>
							<surname>Brindis</surname>
							<given-names>R</given-names>
						</name>
						<name>
							<surname>Rumsfeld</surname>
							<given-names>JS</given-names>
						</name>
						<etal/>
					</person-group>
					<article-title>Trends in the prevalence and outcomes of radial and femoral approaches
                  to percutaneous coronary intervention: a report from the National Cardiovascular
                  Data Registry</article-title>
					<source>JACC Cardiovasc Inaterv</source>
					<year>2008</year>
					<volume>1</volume>
					<issue>4</issue>
					<fpage>379</fpage>
					<lpage>386</lpage>
				</element-citation>
			</ref>
			<ref id="B08">
				<label>8</label>
				<mixed-citation>Hamon M, Pristipino C, Di Mario C, Nolan S, Ludwig J, Tubaro M, et al.
               Consensus document on the radial approach in percutaneous cardiovascular
               intervention: position paper by European Association of Percutaneous Cardiovascular
               Interventions and Working Groups on Acute Cardiac Care and Thrombosis of the European
               Society of Cardiology. EuroIntervention. 2013;8(11):1242-51.</mixed-citation>
				<element-citation publication-type="journal">
					<person-group person-group-type="author">
						<name>
							<surname>Hamon</surname>
							<given-names>M</given-names>
						</name>
						<name>
							<surname>Pristipino</surname>
							<given-names>C</given-names>
						</name>
						<name>
							<surname>Di Mario</surname>
							<given-names>C</given-names>
						</name>
						<name>
							<surname>Nolan</surname>
							<given-names>S</given-names>
						</name>
						<name>
							<surname>Ludwig</surname>
							<given-names>J</given-names>
						</name>
						<name>
							<surname>Tubaro</surname>
							<given-names>M</given-names>
						</name>
						<etal/>
					</person-group>
					<article-title>Consensus document on the radial approach in percutaneous
                  cardiovascular intervention: position paper by European Association of
                  Percutaneous Cardiovascular Interventions and Working Groups on Acute Cardiac Care
                  and Thrombosis of the European Society of Cardiology</article-title>
					<source>EuroIntervention</source>
					<year>2013</year>
					<volume>8</volume>
					<issue>11</issue>
					<fpage>1242</fpage>
					<lpage>1251</lpage>
				</element-citation>
			</ref>
			<ref id="B09">
				<label>9</label>
				<mixed-citation>Jolly SS, Yusuf S, Cairns J, Niemela K, Xavier D, Widimsky P, et al.
               Radial versus femoral access for coronary angiography and intervention in patients
               with acute coronary syndromes (RIVAL): a randomised, parallel group, multicenter
               trial. Lancet. 2011;377(9775):1409-20.</mixed-citation>
				<element-citation publication-type="journal">
					<person-group person-group-type="author">
						<name>
							<surname>Jolly</surname>
							<given-names>SS</given-names>
						</name>
						<name>
							<surname>Yusuf</surname>
							<given-names>S</given-names>
						</name>
						<name>
							<surname>Cairns</surname>
							<given-names>J</given-names>
						</name>
						<name>
							<surname>Niemela</surname>
							<given-names>K</given-names>
						</name>
						<name>
							<surname>Xavier</surname>
							<given-names>D</given-names>
						</name>
						<name>
							<surname>Widimsky</surname>
							<given-names>P</given-names>
						</name>
						<etal/>
					</person-group>
					<article-title>Radial versus femoral access for coronary angiography and intervention
                  in patients with acute coronary syndromes (RIVAL): a randomised, parallel group,
                  multicenter trial</article-title>
					<source>Lancet</source>
					<year>2011</year>
					<volume>377</volume>
					<issue>9775</issue>
					<fpage>1409</fpage>
					<lpage>1420</lpage>
				</element-citation>
			</ref>
			<ref id="B10">
				<label>10</label>
				<mixed-citation>Bertrand OF, De Larochellière R, Cabau JR, Proulx G, Gleeton O, Nguyen
               CM, et al. A randomized study comparing same-day home discharge and abciximab bolus
               only to overnight hospitalization and abciximab bolus and infusion after transradial
               coronary stent implantation. Circulation. 2006;114(24):2636-43.</mixed-citation>
				<element-citation publication-type="journal">
					<person-group person-group-type="author">
						<name>
							<surname>Bertrand</surname>
							<given-names>OF</given-names>
						</name>
						<name>
							<surname>De Larochellière</surname>
							<given-names>R</given-names>
						</name>
						<name>
							<surname>Cabau</surname>
							<given-names>JR</given-names>
						</name>
						<name>
							<surname>Proulx</surname>
							<given-names>G</given-names>
						</name>
						<name>
							<surname>Gleeton</surname>
							<given-names>O</given-names>
						</name>
						<name>
							<surname>Nguyen</surname>
							<given-names>CM</given-names>
						</name>
						<etal/>
					</person-group>
					<article-title>A randomized study comparing same-day home discharge and abciximab
                  bolus only to overnight hospitalization and abciximab bolus and infusion after
                  transradial coronary stent implantation</article-title>
					<source>Circulation</source>
					<year>2006</year>
					<volume>114</volume>
					<issue>24</issue>
					<fpage>2636</fpage>
					<lpage>2643</lpage>
				</element-citation>
			</ref>
			<ref id="B11">
				<label>11</label>
				<mixed-citation>Kiemeneij F, Vajifdar B, Eccleshall S, Laarman G, Slagboom T, van der
               Wieken R. Evaluation of a spasmolytic cocktail to prevent radial artery spasm during
               coronary procedures. Catheter Cardiovasc Interv. 2003;58(3):281-4.</mixed-citation>
				<element-citation publication-type="journal">
					<person-group person-group-type="author">
						<name>
							<surname>Kiemeneij</surname>
							<given-names>F</given-names>
						</name>
						<name>
							<surname>Vajifdar</surname>
							<given-names>B</given-names>
						</name>
						<name>
							<surname>Eccleshall</surname>
							<given-names>S</given-names>
						</name>
						<name>
							<surname>Laarman</surname>
							<given-names>G</given-names>
						</name>
						<name>
							<surname>Slagboom</surname>
							<given-names>T</given-names>
						</name>
						<name>
							<surname>van der Wieken</surname>
							<given-names>R</given-names>
						</name>
					</person-group>
					<article-title>Evaluation of a spasmolytic cocktail to prevent radial artery spasm
                  during coronary procedures</article-title>
					<source>Catheter Cardiovasc Interv</source>
					<year>2003</year>
					<volume>58</volume>
					<issue>3</issue>
					<fpage>281</fpage>
					<lpage>284</lpage>
				</element-citation>
			</ref>
			<ref id="B12">
				<label>12</label>
				<mixed-citation>Romagnoli E, Biondi-Zoccai G, Sciahbasi A, Politi L, Rigattieri S,
               Pendenza G, et al. Radial versus femoral randomized investigation in ST-segment
               elevation acute coronary syndrome. J Am Coll Cardiol.
               2012;60(24):2481-9.</mixed-citation>
				<element-citation publication-type="journal">
					<person-group person-group-type="author">
						<name>
							<surname>Romagnoli</surname>
							<given-names>E</given-names>
						</name>
						<name>
							<surname>Biondi-Zoccai</surname>
							<given-names>G</given-names>
						</name>
						<name>
							<surname>Sciahbasi</surname>
							<given-names>A</given-names>
						</name>
						<name>
							<surname>Politi</surname>
							<given-names>L</given-names>
						</name>
						<name>
							<surname>Rigattieri</surname>
							<given-names>S</given-names>
						</name>
						<name>
							<surname>Pendenza</surname>
							<given-names>G</given-names>
						</name>
						<etal/>
					</person-group>
					<article-title>Radial versus femoral randomized investigation in ST-segment elevation
                  acute coronary syndrome</article-title>
					<source>J Am Coll Cardiol</source>
					<year>2012</year>
					<volume>60</volume>
					<issue>24</issue>
					<fpage>2481</fpage>
					<lpage>2489</lpage>
				</element-citation>
			</ref>
			<ref id="B13">
				<label>13</label>
				<mixed-citation>Kiemeneij F, Larrman G, Oderkerken D, Slagboom T, Wieken R, van der
               Wieken R. A randomized comparison of percutaneous transluminal coronary angioplasty
               by the radial, brachial and femoral approaches: the access study. J Am Coll Cardiol.
               1997;29(6):1269-75.</mixed-citation>
				<element-citation publication-type="journal">
					<person-group person-group-type="author">
						<name>
							<surname>Kiemeneij</surname>
							<given-names>F</given-names>
						</name>
						<name>
							<surname>Larrman</surname>
							<given-names>G</given-names>
						</name>
						<name>
							<surname>Oderkerken</surname>
							<given-names>D</given-names>
						</name>
						<name>
							<surname>Slagboom</surname>
							<given-names>T</given-names>
						</name>
						<name>
							<surname>Wieken</surname>
							<given-names>R</given-names>
						</name>
						<name>
							<surname>van der Wieken</surname>
							<given-names>R</given-names>
						</name>
					</person-group>
					<article-title>A randomized comparison of percutaneous transluminal coronary
                  angioplasty by the radial, brachial and femoral approaches: the access
                  study</article-title>
					<source>J Am Coll Cardiol</source>
					<year>1997</year>
					<volume>29</volume>
					<issue>6</issue>
					<fpage>1269</fpage>
					<lpage>1275</lpage>
				</element-citation>
			</ref>
			<ref id="B14">
				<label>14</label>
				<mixed-citation>Espírito Santo CVA, Melo PHMC, Takimura CK, Campos CAHM, Horta PE,
               Spadaro AG, et al. Tendências da utilização da via de acesso transradial em mais de
               uma década: a experiência do InCor. Rev Bras Cardiol Invasiva.
               2014;22(2):125-30.</mixed-citation>
				<element-citation publication-type="journal">
					<person-group person-group-type="author">
						<name>
							<surname>Espírito Santo</surname>
							<given-names>CVA</given-names>
						</name>
						<name>
							<surname>Melo</surname>
							<given-names>PHMC</given-names>
						</name>
						<name>
							<surname>Takimura</surname>
							<given-names>CK</given-names>
						</name>
						<name>
							<surname>Campos</surname>
							<given-names>CAHM</given-names>
						</name>
						<name>
							<surname>Horta</surname>
							<given-names>PE</given-names>
						</name>
						<name>
							<surname>Spadaro</surname>
							<given-names>AG</given-names>
						</name>
						<etal/>
					</person-group>
					<article-title>Tendências da utilização da via de acesso transradial em mais de uma
                  década: a experiência do InCor</article-title>
					<source>Rev Bras Cardiol Invasiva</source>
					<year>2014</year>
					<volume>22</volume>
					<issue>2</issue>
					<fpage>125</fpage>
					<lpage>130</lpage>
				</element-citation>
			</ref>
		</ref-list>
	</back>
	<sub-article article-type="translation" id="SA1" xml:lang="en">
		<front-stub>
			<title-group>
				<article-title>Reasons to Use the Femoral Access in a Center that Prioritizes the Radial
               Access in Invasive Cardiac Procedures</article-title>
			</title-group>
			<contrib-group>
				<contrib contrib-type="author">
					<name>
						<surname>Fossati</surname>
						<given-names>Marco Antonio Medeiros</given-names>
					</name>
					<xref ref-type="aff" rid="aff02"/>
					<xref ref-type="corresp" rid="c02"/>
				</contrib>
				<contrib contrib-type="author">
					<name>
						<surname>Arndt</surname>
						<given-names>Marcelo Emílio</given-names>
					</name>
					<xref ref-type="aff" rid="aff02"/>
				</contrib>
				<aff id="aff02">
					<institution content-type="original">Hospital Bruno Born, Lajeado, RS,
                  Brazil.</institution>
				</aff>
			</contrib-group>
			<author-notes>
				<corresp id="c02">
					<bold>Corresponding Author:</bold> Marco Antonio Medeiros Fossati.
               Serviço de Hemodinâmica do Hospital Bruno Born − Avenida Benjamin Constant, 888, 2º
               andar − Centro − CEP: 95900-000 − Lajeado, RS, Brazil Email:
                  <email>mamfossati@yahoo.com.br</email>
				</corresp>
				<fn fn-type="conflict">
					<p>
						<bold>CONFLICT OF INTERESTS</bold>
					</p>
					<p>The authors declare no conflicts of interest.</p>
				</fn>
			</author-notes>
			<abstract>
				<sec>
					<title>Background:</title>
					<p>The radial access has been incorporated in many centers as the technique of choice
                  for cardiac invasive procedures. However, there is still resistance to its use,
                  which is mainly related to the possibility of crossover to the femoral access,
                  caused by technical difficulties or vascular anatomic alterations. The aim of this
                  study was to identify the reasons for the use of the femoral access in a center
                  with moderate volume of interventions, which recently adopted it as the technique
                  of choice for invasive cardiac procedures.</p>
				</sec>
				<sec>
					<title>Methods:</title>
					<p>Prospective study including consecutive patients undergoing elective cardiac
                  catheterization and coronary angiography. A data form was filled out containing
                  pre-, peri-, and postprocedure information, with emphasis on the evaluation of the
                  causes to use the femoral access (crossover or first choice).</p>
				</sec>
				<sec>
					<title>Results:</title>
					<p>From November 2013 to August 2014, a total of 1,290 patients underwent an elective
                  diagnostic procedure. The femoral access was used in 10.9% of the patients, as the
                  operator's first choice in 6.6% and due to crossover in 4.3% of the cases.
                  Crossover resulted from puncture failure (3.4%), arterial spasm (0.6%), or
                  vascular tortuosity (0.3%). Immediate complications were observed in six patients
                  (0.5%) who developed local hematoma (type I and type II).</p>
				</sec>
				<sec>
					<title>Conclusions:</title>
					<p>In a moderate-volume center the radial access was incorporated as first choice
                  with safety and a low incidence of crossover to femoral access.</p>
				</sec>
			</abstract>
			<kwd-group xml:lang="pt">
				<kwd>Radial artery</kwd>
				<kwd>Femoral artery</kwd>
				<kwd>Cardiac catheterization</kwd>
				<kwd>Percutaneous coronary intervention</kwd>
			</kwd-group>
		</front-stub>
		<body>
			<p>The use of the radial approach for invasive cardiovascular procedures is highly variable
            in different specialized centers.<xref ref-type="bibr" rid="B01">1</xref> An increased
            use of this technique has been observed for both diagnostic and therapeutic procedures.
            However, in most centers, especially in the United States, the femoral access route is
            still the preferred choice.<xref ref-type="bibr" rid="B01">1</xref>
				<sup>,</sup>
				<xref ref-type="bibr" rid="B02">2</xref>
			</p>
			<p>The radial access route has been shown to be adequate, since it significantly reduces
            the occurrence of vascular bleeding complications, promotes rapid ambulation, and
            reduces costs when compared with the femoral approach. Some studies have associated the
            lower incidence of hemorrhagic complications of the radial route with a lower mortality
               rate.<xref ref-type="bibr" rid="B03">3</xref>
				<sup>-</sup>
				<xref ref-type="bibr" rid="B05">5</xref>
			</p>
			<p>Underutilization of the transradial approach has been related to technical difficulties
            and to challenges that must be overcome, due to anatomical variations, vascular spasm,
            and changes in vascular trajectory, including the aortic arch. The radial approach is
            often not used in centers with low- to moderate-volume of procedures.<xref ref-type="bibr" rid="B06">6</xref>
				<sup>-</sup>
				<xref ref-type="bibr" rid="B08">8</xref>
			</p>
			<p>Recent studies in centers that routinely use the radial route have observed a 2% rate of
            crossover to the femoral approach due to failure to perform the programmed procedure via
            the radial approach, and approximately 3% as incidence of femoral access as the primary
            choice, for reasons such as history of previous coronary artery bypass graft (CABG)
            surgery or known occlusion of the radial artery.<xref ref-type="bibr" rid="B04">4</xref>
            In most centers, in cases of intervention in patients with cardiogenic shock, the
            preferred approach has been the femoral route.<xref ref-type="bibr" rid="B06">6</xref>
				<sup>,</sup>
				<xref ref-type="bibr" rid="B09">9</xref>
			</p>
			<p>This study aimed to identify the reasons for using the femoral approach in a center with
            medium volume of interventions, which recently adopted the radial route as first choice
            in cardiac invasive procedures.</p>
			<sec sec-type="methods">
				<title>METHODS</title>
				<p>The study population consisted of consecutive patients who underwent elective cardiac
               catheterization and coronary angiography in the Interventional Cardiology Service,
               Hospital Bruno Born, city of Lajeado (RS). Emergency procedures in patients with
               acute coronary syndrome with and without ST-segment elevation were excluded. The
               study was conducted in accordance with the guidelines of the Ethics Committee of the
               institution, and all patients signed an informed consent form for the procedure.</p>
				<p>The pre-procedural information included demographics, risk factors for coronary heart
               disease, clinical indication for the examination, previous procedures, and access
               route used. During the procedure, information on access route was collected, as well
               as sheath caliber, need for digital oximetry, and administration of spasmolytic
               medication. After the procedure, the occurrence of immediate complications related to
               the puncture site (hematoma and pseudoaneurysm), asymptomatic arterial occlusion, or
               the need for surgical vascular repair was recorded.</p>
				<sec>
					<title>Definitions</title>
					<p>The reasons for using the femoral route could be crossover or primary choice of
                  the operating physician. Crossover to the femoral route was defined as any
                  procedure in which the radial approach could not be used due to puncture failure,
                  arterial spasm, or a tortuosity that could not be surpassed. The reasons for
                  choosing the femoral route as first choice were: previous radial occlusion, CABG,
                  or patient preference.</p>
					<p>Hematomata were graded according to the classification of the Early Discharge
                  After Transradial Stenting of Coronary Arteries (EASY) study: type I, &#x2264; 5
                  cm in diameter; type II, &#x2264; 10 cm in diameter; type III, &gt; 10 cm, without
                  reaching the elbow; type IV, hematoma extending beyond the elbow; and type V, any
                  hematoma with ischemic injury to the hand.<xref ref-type="bibr" rid="B10">10</xref>
					</p>
				</sec>
				<sec>
					<title>Procedure</title>
					<p>All patients were examined by the Interventional Cardiology Service nurse for the
                  presence of radial and ulnar pulses. In the case of an absent or decreased pulse,
                  a digital oximetry test was performed. In this protocol, a pulse oximeter was
                  placed on the patient's thumb and the ipsilateral ulnar artery was occluded.
                  Constant values for pulse oximetry indicated uninterrupted blood filling during
                  ulnar occlusion. These patients were reviewed by the operating physician.</p>
					<p>The patient was placed with the right or left wrist in slight extension, with
                  antisepsis with chlorhexidine 2%. A local anesthesia with 2-3 mL of 1% xylocaine
                  without vasoconstrictor was carried out. For arterial puncture,
                     Insyte<sup>&#x00AE;</sup> 20 and a 5 or 6F radial puncture kit (Terumo Medical
                  Corporation - Elkton, United States) were used. The choice of the diagnostic
                  catheter was at the operating physician&#x009B;s discretion. After the radial
                  puncture, a solution with an ampoule of isosorbide mononitrate (10 mg/mL) and
                  2,500 U of sodium heparin was administered directly through the side port of the
                  sheath. At the end of the procedure, the sheath was removed by the nurse, with
                  compression of the puncture site for 3 hours.</p>
				</sec>
			</sec>
			<sec sec-type="results">
				<title>RESULTS</title>
				<p>From November 2013 to August 2014, 1,290 patients underwent elective cardiac
               catheterization and coronary angiography procedures in this service. Male patients
               prevailed (61.9%), with a mean age of 61.0 ± 12.5 years; 30.9% were diabetic. Most
               patients (98%) had clinical indication for an investigation of ischemic heart
               disease. Previous diagnosis procedures were performed in 21.9% of patients and 6.6%
               had undergone intervention via the radial access (<xref ref-type="table" rid="t03">Table 1</xref>).</p>
				<table-wrap id="t03">
					<label>TABLE 1</label>
					<caption>
						<title>Baseline clinical characteristics</title>
					</caption>
					<table frame="hsides" rules="groups">
						<thead>
							<tr>
								<th>
									<bold>Characteristics</bold>
								</th>
								<th align="center">
									<bold>n = 1,290</bold>
								</th>
							</tr>
						</thead>
						<tbody>
							<tr>
								<td>Age, years</td>
								<td align="center">61.0 ± 12.5</td>
							</tr>
							<tr>
								<td>Male gender, n (%)</td>
								<td align="center">799 (61.9)</td>
							</tr>
							<tr>
								<td>Hypertension, n (%)</td>
								<td align="center">890 (69.0)</td>
							</tr>
							<tr>
								<td>Diabetes mellitus, n (%)</td>
								<td align="center">399 (30.9)</td>
							</tr>
							<tr>
								<td>Dyslipidemia, n (%)</td>
								<td align="center">387 (30.0)</td>
							</tr>
							<tr>
								<td>Smoking, n (%)</td>
								<td align="center">438 (34.0)</td>
							</tr>
							<tr>
								<td>Indication for the procedure, n (%)</td>
								<td align="center"/>
							</tr>
							<tr>
								<td>&#x00a0;&#x00a0;&#x00a0;&#x00a0;Ischemic heart disease</td>
								<td align="center">1.265 (98.1)</td>
							</tr>
							<tr>
								<td>&#x00a0;&#x00a0;&#x00a0;&#x00a0;Valve disease</td>
								<td align="center">25 (1.9)</td>
							</tr>
							<tr>
								<td>&#x00a0;&#x00a0;&#x00a0;&#x00a0;Congenital heart disease</td>
								<td align="center">0 (0)</td>
							</tr>
							<tr>
								<td>Previous diagnosis procedures, n (%)</td>
								<td align="center">283 (21.9)</td>
							</tr>
							<tr>
								<td>&#x00a0;&#x00a0;&#x00a0;&#x00a0;Via radial route</td>
								<td align="center">85 (6.6)</td>
							</tr>
						</tbody>
					</table>
				</table-wrap>
				<p>In 89.1% of cases, the procedures followed the routine access routes adopted in this
               service. The right radial route was utilized in 86.1%, the left radial route in 0.5%,
               and the transulnar route in 2.5% of procedures. The transfemoral approach was used in
               the other patients (10.9%). This route was used by operating physician&#x009B;s
               choice in 85 cases (6.6%), due to previous CABG (5.4%), patient preference (0.6%), or
               radial artery occlusion (0.5%). Crossover occurred in 56 cases (4.3%), due to
               inadequate puncture (3.4%), arterial spasm (0.6%), or vascular tortuosity (0.3%)
                  (<xref ref-type="table" rid="t04">Table 2</xref>).</p>
				<table-wrap id="t04">
					<label>TABLE 2</label>
					<caption>
						<title>Procedure characteristics</title>
					</caption>
					<table frame="hsides" rules="groups">
						<thead>
							<tr>
								<th>
									<bold>Characteristics</bold>
								</th>
								<th align="center">
									<bold>n = 1,290</bold>
								</th>
							</tr>
						</thead>
						<tbody>
							<tr>
								<td>Access route, n (%)</td>
								<td align="center"/>
							</tr>
							<tr>
								<td>&#x00a0;&#x00a0;&#x00a0;&#x00a0;Right radial</td>
								<td align="center">1,111 (86.1)</td>
							</tr>
							<tr>
								<td>&#x00a0;&#x00a0;&#x00a0;&#x00a0;Left radial</td>
								<td align="center">6 (0.5)</td>
							</tr>
							<tr>
								<td>&#x00a0;&#x00a0;&#x00a0;&#x00a0;Right ulnar</td>
								<td align="center">32 (2.5)</td>
							</tr>
							<tr>
								<td>&#x00a0;&#x00a0;&#x00a0;&#x00a0;Femoral</td>
								<td align="center">141 (10.9)</td>
							</tr>
							<tr>
								<td>Sheath caliber, n (%)</td>
								<td align="center"/>
							</tr>
							<tr>
								<td>&#x00a0;&#x00a0;&#x00a0;&#x00a0;5F</td>
								<td align="center">447 (34.7)</td>
							</tr>
							<tr>
								<td>&#x00a0;&#x00a0;&#x00a0;&#x00a0;6F</td>
								<td align="center">843 (65.3)</td>
							</tr>
							<tr>
								<td>Digital oximetry test, n (%)</td>
								<td align="center">90 (6.9)</td>
							</tr>
							<tr>
								<td>Reasons for using the femoral approach, n (%)</td>
								<td align="center"/>
							</tr>
							<tr>
								<td>&#x00a0;&#x00a0;&#x00a0;&#x00a0;Crossover</td>
								<td align="center">56 (4.3)</td>
							</tr>
							<tr>
								<td>&#x00a0;&#x00a0;&#x00a0;&#x00a0;Inadequate puncture</td>
								<td align="center">44 (3.4)</td>
							</tr>
							<tr>
								<td>&#x00a0;&#x00a0;&#x00a0;&#x00a0;Arterial spasm</td>
								<td align="center">8 (0.6)</td>
							</tr>
							<tr>
								<td>&#x00a0;&#x00a0;&#x00a0;&#x00a0;Vascular tortuosity</td>
								<td align="center">4 (0.3)</td>
							</tr>
							<tr>
								<td>Primary choice</td>
								<td align="center">85 (6.6)</td>
							</tr>
							<tr>
								<td>&#x00a0;&#x00a0;&#x00a0;&#x00a0;Previous coronary artery bypass graft
                           surgery</td>
								<td align="center">70 (5.4)</td>
							</tr>
							<tr>
								<td>&#x00a0;&#x00a0;&#x00a0;&#x00a0;Patient preference</td>
								<td align="center">8 (0.6)</td>
							</tr>
							<tr>
								<td>&#x00a0;&#x00a0;&#x00a0;&#x00a0;Previous radial occlusion</td>
								<td align="center">7 (0.5)</td>
							</tr>
							<tr>
								<td>Immediate complications, n (%)</td>
								<td align="center">6 (0.5)</td>
							</tr>
							<tr>
								<td>&#x00a0;&#x00a0;&#x00a0;&#x00a0;Hematoma</td>
								<td align="center">6 (0.5)</td>
							</tr>
							<tr>
								<td>&#x00a0;&#x00a0;&#x00a0;&#x00a0;Pseudoaneurysm, surgical vascular
                           repair</td>
								<td align="center">0 (0)</td>
							</tr>
						</tbody>
					</table>
				</table-wrap>
				<p>Immediate post-procedural complications were observed in six patients (0.5%) who
               developed type I and II hematomata on the forearm. There were no pseudoaneurysms,
               asymptomatic occlusion of the radial artery, nor need for surgical vascular
               repair.</p>
			</sec>
			<sec sec-type="discussion">
				<title>DISCUSSION</title>
				<p>Despite the proven benefits of using the radial approach in vascular access for
               coronary invasive procedures, its implementation remains variable in different
               centers. Some reasons for its sub-utilization are the technical challenges
               encountered, the learning curve, and the fear of crossover, demonstrated in numerous
                  studies.<xref ref-type="bibr" rid="B06">6</xref>
					<sup>,</sup>
					<xref ref-type="bibr" rid="B11">11</xref>
					<sup>-</sup>
					<xref ref-type="bibr" rid="B13">13</xref>
				</p>
				<p>In the present study, it was shown that, in a service with medium volume of
               procedures (1,500 diagnostic procedures/year and 500 therapeutic procedures/year),
               where the radial approach was recently adopted as first choice, the procedure can be
               performed safely and with a low incidence of complications and crossovers to the
               femoral approach. The incidence of crossovers was 4.3%, and their main cause was an
               inadequate puncture, reflecting primarily a technical issue, since the artery was not
               properly addressed. This finding is consistent with the literature.<xref ref-type="bibr" rid="B03">3</xref>
					<sup>,</sup>
					<xref ref-type="bibr" rid="B06">6</xref>
				</p>
				<p>The estimated rate of anatomical changes in patients undergoing radial procedures is
                  20%.<xref ref-type="bibr" rid="B02">2</xref>
					<sup>,</sup>
					<xref ref-type="bibr" rid="B12">12</xref> However, it was not shown that such changes are a key factor
               in the failure of the radial approach. One explanation is a more common use
               manipulation alternative for access with more delicate guides, dedicated catheters,
               and guides with more support. The use of a spasmolytic combination may have an
               important adjunct role in the radial procedure, as previously demonstrated.<xref ref-type="bibr" rid="B14">14</xref> Female gender has been implicated as a risk
               factor for failure in radial access procedures; however, in the present study, this
               risk was not verified. The use of heparin with local infusion is controversial and,
               in this study, a lower dose than recommended was used, as these were elective
               procedures in stable patients.</p>
				<p>One concern about the use of the radial technique is the possibility of a lack of
               dual circulation in the hands. An access failure could lead to occlusion of the
               single artery responsible for hand circulation.<xref ref-type="bibr" rid="B08">8</xref> Verification techniques for the presence of an adequate circulation have
               been described, and its absence would be a contraindication for the procedure with
               this approach. In a large retrospective study on radial approach use, it was found
               that no test was applied prior to the examination in 23% of the centers.<xref ref-type="bibr" rid="B08">8</xref> In the present study, the evaluation of blood
               circulation was left to the nurse's discretion. The established standard was the mere
               palpation of the radial and ulnar pulses. The operating physician revised the pulses
               at the time of puncture, and to digital oximetry was needed in only a few cases. When
               oximetry was necessary, the test revealed cases of radial occlusion, with crossing
               between access routes. The authors believe that the practice of evaluation by the
               nursing team, reviewed by the operating physician, is safe and with low risk of
               complications.</p>
			</sec>
			<sec sec-type="conclusions">
				<title>CONCLUSIONS</title>
				<p>In this interventional cardiology service, the radial access technique was recently
               chosen as the first choice and, due to the a medium volume of procedures, the team is
               still gaining experience and expertise with the technique, which has proven to be
               safe, effective, and had an important impact in decreasing bleeding complications and
               mortality. The crossover incidence was close to those of centers with a large use of
               the radial access, which encourages to the increased use of this technique.</p>
			</sec>
		</body>
		<back>
			<fn-group>
				<fn fn-type="financial-disclosure">
					<p>
						<bold>FUNDING SOURCE</bold>
					</p>
					<p>None.</p>
				</fn>
			</fn-group>
			<ack>
				<title>ACKNOWLEDGEMENTS</title>
				<p>To the staff of the Interventional Cardiology Service, Hospital Bruno Born; and to
               Dr. Anna C. Fossati, for her help in the literature review.</p>
			</ack>
		</back>
	</sub-article>
</article>
