<?xml version="1.0" encoding="utf-8"?>
<!DOCTYPE article PUBLIC "-//NLM//DTD JATS (Z39.96) Journal Publishing DTD v1.0 20120330//EN" "../JATS-journalpublishing1.dtd">
<article xmlns:xlink="http://www.w3.org/1999/xlink" xmlns:mml="http://www.w3.org/1998/Math/MathML" dtd-version="1.0" specific-use="sps-1.1" article-type="research-article" xml:lang="pt">
	<front>
		<journal-meta>
			<journal-id journal-id-type="publisher-id">rbci</journal-id>
			<journal-title-group>
				<journal-title>Revista Brasileira de Cardiologia Invasiva</journal-title>
				<abbrev-journal-title abbrev-type="publisher">Rev. Bras. Cardiol.
               Invasiva</abbrev-journal-title>
			</journal-title-group>
			<issn pub-type="ppub">0104-1843</issn>
			<issn pub-type="epub">2179-8397</issn>
			<publisher>
				<publisher-name>Sociedade Brasileira de Hemodinâmica e Cardiologia
               Intervencionista</publisher-name>
			</publisher>
		</journal-meta>
		<article-meta>
			<article-id pub-id-type="doi">10.1590/0104-1843000000060</article-id>
			<article-categories>
				<subj-group subj-group-type="heading">
					<subject>ARTIGOS ORIGINAIS</subject>
				</subj-group>
			</article-categories>
			<title-group>
				<article-title>Índice Tornozelo-Braquial como Preditor de Doença Coronariana
               Significativa em Pacientes Submetidos à Angiografia Coronária</article-title>
			</title-group>
			<contrib-group>
				<contrib contrib-type="author">
					<name>
						<surname>Sabedotti</surname>
						<given-names>Marcelo</given-names>
					</name>
					<xref ref-type="aff" rid="aff01">1</xref>
					<xref ref-type="corresp" rid="c01"/>
				</contrib>
				<contrib contrib-type="author">
					<name>
						<surname>Sarmento-Leite</surname>
						<given-names>Rogerio</given-names>
					</name>
					<xref ref-type="aff" rid="aff02">2</xref>
				</contrib>
				<contrib contrib-type="author">
					<name>
						<surname>Quadros</surname>
						<given-names>Alexandre Schaan de</given-names>
					</name>
					<xref ref-type="aff" rid="aff02">2</xref>
				</contrib>
			</contrib-group>
			<aff id="aff01">
				<label>1</label>
				<institution content-type="orgname">Universidade de Caxias do Sul</institution>
				<addr-line>
					<named-content content-type="city">Caxias do Sul</named-content>
					<named-content content-type="state">RS</named-content>
				</addr-line>
				<country country="BR">Brasil</country>
				<institution content-type="original">Universidade de Caxias do Sul, Caxias do Sul, RS,
               Brasil.</institution>
				<institution content-type="normalized">Universidade de Caxias do Sul</institution>
			</aff>
			<aff id="aff02">
				<label>2</label>
				<institution content-type="orgname">Instituto de Cardiologia do Rio Grande do
               Sul</institution>
				<addr-line>
					<named-content content-type="city">Porto Alegre</named-content>
					<named-content content-type="state">RS</named-content>
				</addr-line>
				<country country="BR">Brasil</country>
				<institution content-type="original">Instituto de Cardiologia do Rio Grande do Sul,
               Porto Alegre, RS, Brasil.</institution>
			</aff>
			<author-notes>
				<corresp id="c01">
					<bold>Correspondência:</bold> Marcelo Sabedotti. Rua Francisco Getúlio
               Vargas, 1.130 - Petrópolis - CEP: 95070-560 - Caxias do Sul, RS, Brasil E-mail:
                  <email>msabedotti@me.com</email>
				</corresp>
				<fn fn-type="conflict">
					<p>
						<bold>CONFLITO DE INTERESSES</bold>
					</p>
					<p>Não há.</p>
				</fn>
			</author-notes>
			<pub-date pub-type="epub-ppub">
				<season>Oct-Dec</season>
				<year>2015</year>
			</pub-date>
			<volume>22</volume>
			<issue>4</issue>
			<fpage>359</fpage>
			<lpage>363</lpage>
			<history>
				<date date-type="received">
					<day>02</day>
					<month>07</month>
					<year>2014</year>
				</date>
				<date date-type="accepted">
					<day>13</day>
					<month>11</month>
					<year>2014</year>
				</date>
			</history>
			<permissions>
				<license license-type="open-access" xlink:href="http://creativecommons.org/licenses/by-nc/3.0/">
					<license-p>Este é um artigo publicado em acesso aberto (Open Access) sob a licença
                  Creative Commons Attribution NonCommercial, que permite uso, distribuição e
                  reprodução em qualquer meio, sem restrições desde que sem fins comerciais e que o
                  trabalho original seja corretamente citado.</license-p>
				</license>
			</permissions>
			<abstract>
				<sec>
					<title>Introdução:</title>
					<p>O índice tornozelo-braquial é uma ferramenta simples e efetiva para diagnosticar
                  doença arterial periférica, porém não foi ainda validado para o diagnóstico de
                  doença arterial coronariana. O objetivo deste estudo foi avaliar o desempenho do
                  índice tornozelo-braquial em predizer doença arterial coronariana em pacientes
                  submetidos à angiografia coronária.</p>
				</sec>
				<sec>
					<title>Métodos:</title>
					<p>Pacientes com suspeita clínica de doença arterial coronariana e indicação de
                  angiografia coronária foram avaliados prospectivamente. Doença arterial
                  coronariana significativa foi definida como estenose &#x2265; 70% em pelo menos
                  uma coronária epicárdica maior ou ramo principal. Uma curva ROC foi construída
                  para definir o ponto de corte do índice tornozelo-braquial que melhor predizia
                  doença arterial coronariana.</p>
				</sec>
				<sec>
					<title>Resultados:</title>
					<p>Foram estudados 312 pacientes, cuja média de idades foi 57 &#x00B1; 11 anos e 50%
                  eram do sexo masculino. Tinham doença coronariana significativa 116 pacientes
                  (37,2%). A medida do índice tornozelo-braquial nestes pacientes foi
                  significativamente menor do que naqueles sem doença arterial coronariana (0,88
                  &#x00B1; 0,14 vs. 0,96 &#x00B1; 0,87; <italic>p</italic> &lt; 0,01). Índice
                  tornozelo-braquial &#x2264; 0,87 mostrou sensibilidade de 31%, especificidade de
                  95,4%, valor preditivo positivo de 75,9% e valor preditivo negativo de 71,6%. A
                  área da curva ROC foi 0,73 (intervalo de confiança de 95% 0,67-0,79).</p>
				</sec>
				<sec>
					<title>Conclusões:</title>
					<p>Índice tornozelo-braquial &#x2264; 0,87 teve alta especificidade para predizer
                  doença arterial coronariana significativa. Considerando o baixo custo e a fácil
                  utilização, a medida do índice tornozelo-braquial pode ser adicionada na prática
                  clínica para auxiliar no diagnóstico de doença arterial coronariana
                  significativa.</p>
				</sec>
			</abstract>
			<kwd-group xml:lang="pt">
				<kwd>Aterosclerose</kwd>
				<kwd>Doenças cardiovasculares</kwd>
				<kwd>Índice tornozelo-braço</kwd>
				<kwd>Fatores de risco</kwd>
				<kwd>Angiografia coronária</kwd>
			</kwd-group>
			<counts>
				<fig-count count="2"/>
				<table-count count="6"/>
				<equation-count count="0"/>
				<ref-count count="20"/>
				<page-count count="5"/>
			</counts>
		</article-meta>
	</front>
	<body>
		<p>A aterosclerose é uma doença sistêmica, que não está restrita somente a um território
         vascular. Doença arterial coronariana (DAC) e doença arterial periférica (DAP) são
         comumente encontradas no mesmo paciente,<xref ref-type="bibr" rid="B01">1</xref> sendo essa
         condição associada com alto risco de eventos cardiovasculares.<xref ref-type="bibr" rid="B02">2</xref>
			<sup>,</sup>
			<xref ref-type="bibr" rid="B03">3</xref>
		</p>
		<p>Na prática clínica, ações preventivas são recomendadas na cardiologia,<xref ref-type="bibr" rid="B04">4</xref>
			<sup>-</sup>
			<xref ref-type="bibr" rid="B07">7</xref> sendo a
         estratificação de risco e o tratamento precoce estratégias de grande importância para
         reduzir a doença cardiovascular e suas consequências.<xref ref-type="bibr" rid="B08">8</xref>
		</p>
		<p>O índice tornozelo-braquial (ITB) é uma ferramenta simples e efetiva utilizada como
         rastreamento de DAP.<xref ref-type="bibr" rid="B09">9</xref> Um ITB &lt; 0,90 é considerado
         alterado, tendo 95% de sensibilidade para predizer vasculopatia periférica com estenose
         significativa na arteriografia.<xref ref-type="bibr" rid="B10">10</xref> Além disso, o ITB
         &lt; 0,90 está relacionado a um pior prognóstico cardiovascular e ao aumento de mortalidade
         de todas as causas.<xref ref-type="bibr" rid="B11">11</xref>
			<sup>-</sup>
			<xref ref-type="bibr" rid="B15">15</xref> Embora o ITB seja útil para detectar DAP, sua
         validade em predizer DAC não está bem estabelecida.</p>
		<p>O objetivo deste estudo foi avaliar o desempenho do ITB em predizer DAC em pacientes
         submetidos à angiografia coronária.</p>
		<sec sec-type="methods">
			<title>MÉTODOS</title>
			<p>Este protocolo foi aprovado pelo comitê de ética e preencheu todos os critérios de
            pesquisa clínica em nosso país. Todos os pacientes analisados receberam informações
            sobre o estudo e assinaram o consentimento informado.</p>
			<p>Tratou-se de um estudo transversal, para o qual foram selecionados pacientes
            consecutivos, encaminhados para realização de angiografia coronária por suspeita de DAC.
            Foram excluídos da análise pacientes com angiografia coronária prévia, ITB &gt; 1,0,
            doença valvar grave, síndrome coronariana aguda e aqueles que não concordaram em assinar
            o consentimento informado.</p>
			<sec>
				<title>Avaliação clínica e mensuração do índice tornozelo-braquial</title>
				<p>Os pacientes foram avaliados clinicamente antes da angiografia coronária por meio de
               exame físico e anamnese com coleta de informações sobre os fatores de risco clássicos
               para cardiopatia isquêmica.</p>
				<p>O ITB foi medido como recomendado pelas diretrizes atuais.<xref ref-type="bibr" rid="B09">9</xref> A pressão sistólica foi medida nos membros superiores e
               inferiores com um aparelho Doppler vascular portátil DV610<sup>®</sup> (MEDMEGA,
               Franca, São Paulo). A razão da medida mais alta, obtida na artéria tibial anterior
               e/ou tibial posterior, e da pressão sistólica braquial foi utilizada para calcular o
               ITB. No caso de valores discordantes entre o lado esquerdo e o direito, o menor valor
               foi utilizado para a análise.</p>
			</sec>
			<sec>
				<title>Angiografia coronária</title>
				<p>O padrão para o diagnóstico de estenose coronariana utilizado foi a angiografia
               coronariana quantitativa. Após avaliação clínica, os pacientes foram submetidos à
               angiografia coronária pela técnica de Judkins por meio da artéria femoral.
               Angiografia coronariana quantitativa foi realizada por um investigador independente.
               Foi considerada doença coronariana significativa a presença de estenose &#x2265; 70%
               em pelo menos um segmento coronariano.</p>
			</sec>
			<sec>
				<title>Análise estatística</title>
				<p>As variáveis quantitativas foram apresentadas como média e desvio padrão e comparadas
               pelo teste <italic>t</italic> de Student. As variáveis qualitativas foram
               apresentadas como números absolutos e percentuais, e comparadas pelo teste qui
               quadrado ou exato de Fisher, quando apropriado. A determinação do ponto de corte do
               ITB foi realizado pela curva ROC (sigla do inglês <italic>receiver operating
                  curve</italic>). A análise estatística foi realizada com o programa
                  <italic>Statistical Package for the Social Sciences</italic> (SPSS) versão 15.0
               (Chicago, Illinois, Estados Unidos).</p>
			</sec>
		</sec>
		<sec sec-type="results">
			<title>RESULTADOS</title>
			<p>De março a dezembro de 2013, foram incluídos no estudo 312 pacientes. A média de idade
            foi 57 &#x00B1; 11 anos, sendo 50% do sexo masculino e 24,4% diabéticos (<xref ref-type="table" rid="t01">Tabela 1</xref>). Cento e dezesseis pacientes (37,2%)
            foram diagnosticados com DAC significativa. A medida do ITB, nesses indivíduos, foi
            significantemente menor do que naqueles sem DAC significativa (0,88 &#x00B1; 0,14 vs.
            0,96 &#x00B1; 0,87; <italic>p</italic> &lt; 0,01).</p>
			<table-wrap id="t01">
				<label>TABELA 1</label>
				<caption>
					<title>Características dos pacientes e fatores de risco para doença arterial
                  coronariana (DAC)</title>
				</caption>
				<table frame="hsides" rules="groups">
					<thead>
						<tr>
							<th>
								<bold>Características</bold>
							</th>
							<th align="center">
								<bold>Sem DAC significativa<xref ref-type="table-fn" rid="TFN01">*</xref> (n = 196)</bold>
							</th>
							<th align="center">
								<bold>DAC significativa (n = 116)</bold>
							</th>
							<th align="center">
								<bold>Valor de <italic>p</italic>
								</bold>
							</th>
						</tr>
					</thead>
					<tbody>
						<tr>
							<td>Idade, anos</td>
							<td align="center">56 &#x00B1; 11</td>
							<td align="center">61 &#x00B1; 11</td>
							<td align="center">&lt; 0,01</td>
						</tr>
						<tr>
							<td>Sexo masculino, n (%)</td>
							<td align="center">76 (38,8)</td>
							<td align="center">80 (69,0)</td>
							<td align="center">&lt; 0,01</td>
						</tr>
						<tr>
							<td>Fatores de risco para DAC, n (%)</td>
							<td colspan="3" align="center"/>
						</tr>
						<tr>
							<td>&#x00a0;&#x00a0;&#x00a0;&#x00a0;Hipertensão arterial</td>
							<td align="center">141 (71,9)</td>
							<td align="center">99 (85,3)</td>
							<td align="center">&lt; 0,01</td>
						</tr>
						<tr>
							<td>&#x00a0;&#x00a0;&#x00a0;&#x00a0;Diabetes</td>
							<td align="center">29 (14,8)</td>
							<td align="center">47 (40,5)</td>
							<td align="center">&lt; 0,01</td>
						</tr>
						<tr>
							<td>&#x00a0;&#x00a0;&#x00a0;&#x00a0;Hiperlipidemia</td>
							<td align="center">73 (37,2)</td>
							<td align="center">78(67,2)</td>
							<td align="center">&lt; 0,01</td>
						</tr>
						<tr>
							<td>&#x00a0;&#x00a0;&#x00a0;&#x00a0;Tabagismo atual</td>
							<td align="center">69 (35,2)</td>
							<td align="center">74 (63,8)</td>
							<td align="center">&lt; 0,01</td>
						</tr>
						<tr>
							<td>&#x00a0;&#x00a0;&#x00a0;&#x00a0;História familiar de DAC</td>
							<td align="center">78 (39,8)</td>
							<td align="center">50 (43,1)</td>
							<td align="center">0,63</td>
						</tr>
						<tr>
							<td>ITB &lt; 0,87, n (%)</td>
							<td align="center">13 (6,6)</td>
							<td align="center">44 (37,9)</td>
							<td align="center">&lt; 0,01</td>
						</tr>
					</tbody>
				</table>
				<table-wrap-foot>
					<fn id="TFN01">
						<label>*</label>
						<p>Presença de estenose &#x2265;70% em uma coronária ou ramo coronariano
                     principal. ITB: índice tornozelo-braquial.</p>
					</fn>
				</table-wrap-foot>
			</table-wrap>
			<p>A especificidade do ITB para predizer DAC significativa em pacientes com ITB &#x2264;
            0,87 foi de 95,4% (intervalo de confiança de 95% - IC 95% 91,7-97,7), com sensibilidade
            de 31% (IC 95% 23,1-39,9) (Figura), o valor preditivo positivo foi de 75,9% e o
            negativo, de 71,6%.</p>
			<fig id="f01">
				<label>Figura</label>
				<caption>
					<title>Curva ROC (receiver operating curve) do índice tornozelo-braquial (ITB),
                  relacionada com a presença de estenose &#x2265; 70% em uma coronária ou ramo
                  coronariano principal na angiografia coronária.</title>
				</caption>
				<graphic xlink:href="0104-1843-rbci-22-04-0359-gf01.tif"/>
			</fig>
			<p>A probabilidade de os pacientes submetidos à angiografia coronária apresentarem lesão
            coronariana significativa também pode ser predita pelo ITB. Quando ITB &#x2264; 0,87, a
            probabilidade de DAC significativa foi de 77,2%. Como mostrado na <xref ref-type="table" rid="t02">tabela 2</xref>, foi observado que, quanto menor o ITB, maior a
            probabilidade de DAC significativa.</p>
			<table-wrap id="t02">
				<label>TABELA 2</label>
				<caption>
					<title>Probabilidade de doença arterial coronariana (DAC) significativa em relação ao
                  índice tornozelo-braquial (ITB)</title>
				</caption>
				<table frame="hsides" rules="groups">
					<thead>
						<tr>
							<th>
								<bold>ITB</bold>
							</th>
							<th align="center">
								<bold>Sem DAC significativa (n = 196)</bold>
							</th>
							<th align="center">
								<bold>DAC significativa<xref ref-type="table-fn" rid="TFN02">*</xref> (n = 116) </bold>
							</th>
							<th align="center">
								<bold>Probabilidade de DAC significativa<xref ref-type="table-fn" rid="TFN02">*</xref>(%)</bold>
							</th>
							<th align="center">
								<bold>Razão de probabilidade</bold>
							</th>
						</tr>
					</thead>
					<tbody>
						<tr>
							<td>&#x2264;0,87</td>
							<td align="center">13</td>
							<td align="center">44</td>
							<td align="center">77,2</td>
							<td align="center">5,66</td>
						</tr>
						<tr>
							<td>0,88-0,92</td>
							<td align="center">32</td>
							<td align="center">30</td>
							<td align="center">48,4</td>
							<td align="center">1,58</td>
						</tr>
						<tr>
							<td>0,93-0,96</td>
							<td align="center">10</td>
							<td align="center">5</td>
							<td align="center">33,3</td>
							<td align="center">0,84</td>
						</tr>
						<tr>
							<td>&#x2265;0,97</td>
							<td align="center">141</td>
							<td align="center">37</td>
							<td align="center">20,9</td>
							<td align="center">0,44</td>
						</tr>
					</tbody>
				</table>
				<table-wrap-foot>
					<fn id="TFN02">
						<label>*</label>
						<p>Presença de estenose &#x2265;70% em uma coronária ou ramo coronariano
                     principal.</p>
					</fn>
				</table-wrap-foot>
			</table-wrap>
			<p>Foi criado também um modelo que permitiu predizer a ocorrência de DAC significativa
            associada aos fatores de risco para DAC com o ITB. Por exemplo, pacientes com ITB
            &#x2264; 0,87 com quatro fatores de risco tiveram uma probabilidade de 90,5% de DAC
            significativa (<xref ref-type="table" rid="t03">Tabela 3</xref>).</p>
			<table-wrap id="t03">
				<label>TABELA 3</label>
				<caption>
					<title>Probabilidade de doença coronariana significativa em relação ao índice
                  tornozelo-braquial (ITB) e os fatores de risco coronarianos<xref ref-type="table-fn" rid="TFN03">*</xref>
					</title>
				</caption>
				<table frame="hsides" rules="groups">
					<thead>
						<tr>
							<th rowspan="2">
								<bold>Número de fatores de risco</bold>
							</th>
							<th colspan="4" align="center" style="border-bottom-style:solid; border-bottom-width:thin">
								<bold>ITB</bold>
							</th>
						</tr>
						<tr>
							<th align="center">
								<bold>&#x2264;0,87</bold>
							</th>
							<th align="center">
								<bold>0,88-0,92</bold>
							</th>
							<th align="center">
								<bold>0,93-0,96</bold>
							</th>
							<th align="center">
								<bold>&#x2265;0,97</bold>
							</th>
						</tr>
					</thead>
					<tbody>
						<tr>
							<td>&#x2264;1</td>
							<td align="center">50% (n = 4)</td>
							<td align="center">0% (n = 12)</td>
							<td align="center">0% (n = 0)</td>
							<td align="center">3,6% (n = 55)</td>
						</tr>
						<tr>
							<td>2-3</td>
							<td align="center">70,6% (n = 34)</td>
							<td align="center">47,1% (n = 34)</td>
							<td align="center">36,4% (n = 11)</td>
							<td align="center">22,2% (n = 99)</td>
						</tr>
						<tr>
							<td>&#x2265;4</td>
							<td align="center">90,5% (n = 21)</td>
							<td align="center">87,5% (n = 16)</td>
							<td align="center">25% (n = 4)</td>
							<td align="center">56,5% (n = 22)</td>
						</tr>
					</tbody>
				</table>
				<table-wrap-foot>
					<fn id="TFN03">
						<label>*</label>
						<p>Presença de estenose &#x2265;70% em uma coronária ou ramo coronariano
                     principal; fatores de risco coronarianos corresponderam a hipertensão arterial,
                     tabagismo atual, dislipidemia, <italic>diabetes mellitus</italic> e história
                     familiar de doença arterial coronariana.</p>
					</fn>
				</table-wrap-foot>
			</table-wrap>
		</sec>
		<sec sec-type="discussion">
			<title>DISCUSSÃO</title>
			<p>Este estudo avaliou a sensibilidade e a especificidade do ITB para predizer DAC
            significativa em pacientes submetidos à angiografia coronária. A DAC e a DAP são dois
            grandes problemas da medicina moderna devido à alta mortalidade, à diminuição da
            expectativa de vida e aos impactos sociais e econômicos associados.<xref ref-type="bibr" rid="B16">16</xref> A DAC pode estar presente em 58% dos pacientes com DAP,<xref ref-type="bibr" rid="B17">17</xref> sendo tal associação relacionada com pior
            prognóstico. O diagnóstico e o tratamento precoces são importantes para reduzir os
            eventos cardiovasculares.</p>
			<p>O ITB é uma ferramenta útil para diagnosticar DAP, sendo que ITB &lt; 0,5 está
            relacionado com claudicação ao deambular 100 m.<xref ref-type="bibr" rid="B18">18</xref>
            Lee et al.<xref ref-type="bibr" rid="B19">19</xref> demonstraram previamente a
            associação de um ITB baixo com alto risco de eventos cardiovasculares, cerebrovasculares
            e morte. Pacientes com ITB &lt; 0,90 apresentam um aumento de risco de eventos
            cardiovasculares, e o ITB baixo foi preditor independente de risco de infarto fatal do
            miocárdio, mesmo após ajuste para os fatores de risco clássicos para DAC.
            Adicionalmente, o ITB aumentou significantemente (<italic>p</italic> &lt; 0,01) o valor
            preditivo para infarto do miocárdio fatal quando comparado com um modelo contendo
            somente os fatores de risco para DAC. No entanto, o ITB não é completamente validado
            para detectar DAC. Nosso estudo demonstrou sua utilidade em predizer lesões coronarianas
            significativas.</p>
			<p>Quando utilizado como único método diagnóstico, o ITB não apresenta boa sensibilidade
            para predizer DAC. Porém, quando consideramos um índice &#x2264; 0,87, a especificidade
            foi de 95,4%. Otah et al.<xref ref-type="bibr" rid="B20">20</xref> demonstraram que
            doença arterial de três vasos ou tronco de coronária esquerda podem ser preditas pelo
            ITB, com sensibilidade e especificidade de 85 e 77%, respectivamente. Em nosso estudo, a
            sensibilidade foi baixa, porém com especificidade maior. Provavelmente a principal razão
            para isso foi o critério de DAC utilizado. Nós consideramos como DAC significativa uma
            estenose &#x2265; 70%, enquanto no estudo de Otah et al.<xref ref-type="bibr" rid="B20">20</xref> qualquer lesão coronariana foi considerada. Talvez esses diferentes
            critérios tenham contribuído para essas diferenças de resultados.</p>
			<p>Embora o ITB, por si só, não tenha alta sensibilidade para detectar DAC, quando o índice
            é &#x2264; 0,87, a probabilidade do paciente ter DAC significativa é estimada em 77,2%.
            Associando o ITB com os fatores de risco para DAC, a probabilidade de lesões &#x2265;
            70% na angiografia coronária aumenta. Considerando pacientes com quatro ou mais fatores
            de risco com um ITB &#x2264; 0,87, cerca de 90% têm DAC significativa. Isso sugere que o
            ITB é mais útil quando associado à avaliação clínica. Assim, a combinação desses
            elementos permite uma razoável probabilidade de predizer DAC significativa.</p>
			<sec>
				<title>Limitações do estudo</title>
				<p>Nosso estudo teve algumas limitações, que devem ser mencionadas. Tratou-se de um
               estudo transversal com um pequeno número de pacientes. Além disso, a maioria dos
               pacientes apresentava fatores de risco para cardiopatia isquêmica estabelecidos e
               foram encaminhados para angiografia coronária por suspeita de DAC. Talvez esta
               amostra represente uma população de alto risco com elevada prevalência de DAC,
               podendo ter superestimado os valores preditivos do ITB.</p>
			</sec>
		</sec>
		<sec sec-type="conclusions">
			<title>CONCLUSÕES</title>
			<p>Índice tornozelo-braquial &#x2264; 0,87 apresentou alta especificidade para predizer
            doença arterial coronariana significativa. Considerando seu baixo custo e sua fácil
            utilização, o índice tornozelo-braquial deve ser adicionado ao exame físico como um
            método útil para estratificar o risco de doença arterial coronariana.</p>
		</sec>
	</body>
	<back>
		<fn-group>
			<fn fn-type="financial-disclosure">
				<p>
					<bold>FONTE DE FINANCIAMENTO</bold>
				</p>
				<p>Não há.</p>
			</fn>
		</fn-group>
		<ref-list>
			<title>REFERÊNCIAS</title>
			<ref id="B01">
				<label>1</label>
				<mixed-citation>Ness J, Aronow WS. Prevalence of coexistence of coronary artery disease,
               ischemic stroke, and peripheral arterial disease in older persons, mean age 80 years,
               in an academic hospital based geriatrics practice. J Am Geriatr Soc.
               1999;47(10):1255-6.</mixed-citation>
				<element-citation publication-type="journal">
					<person-group person-group-type="author">
						<name>
							<surname>Ness</surname>
							<given-names>J</given-names>
						</name>
						<name>
							<surname>Aronow</surname>
							<given-names>WS</given-names>
						</name>
					</person-group>
					<article-title>Prevalence of coexistence of coronary artery disease, ischemic stroke,
                  and peripheral arterial disease in older persons, mean age 80 years, in an
                  academic hospital based geriatrics practice</article-title>
					<source>J Am Geriatr Soc</source>
					<year>1999</year>
					<volume>47</volume>
					<issue>10</issue>
					<fpage>1255</fpage>
					<lpage>1256</lpage>
				</element-citation>
			</ref>
			<ref id="B02">
				<label>2</label>
				<mixed-citation>Hirsch AT, Haskal ZJ, Hertzer NR, Bakal CW, Creager MA, Halperin JL, et
               al. ACC/AHA 2005 Practice Guidelines for the management of patients with peripheral
               arterial disease (lower extremity, renal, mesenteric, and abdominal aortic): a
               collaborative report from the American Association for Vascular Surgery/Society for
               Vascular Surgery, Society for Cardiovascular Angiography and Interventions, Society
               for Vascular Medicine and Biology, Society of Interventional Radiology, and the
               ACC/AHA Task Force on Practice Guidelines (Writing Committee to Develop Guidelines
               for the Management of Patients With Peripheral Arterial Disease): endorsed by the
               American Association of Cardiovascular and Pulmonary Rehabilitation; National Heart,
               Lung, and Blood Institute; Society for Vascular Nursing; TransAtlantic Inter-Society
               Consensus; and Vascular Disease Foundation. Circulation.
               2006;113(11):e463-654.</mixed-citation>
				<element-citation publication-type="journal">
					<person-group person-group-type="author">
						<name>
							<surname>Hirsch</surname>
							<given-names>AT</given-names>
						</name>
						<name>
							<surname>Haskal</surname>
							<given-names>ZJ</given-names>
						</name>
						<name>
							<surname>Hertzer</surname>
							<given-names>NR</given-names>
						</name>
						<name>
							<surname>Bakal</surname>
							<given-names>CW</given-names>
						</name>
						<name>
							<surname>Creager</surname>
							<given-names>MA</given-names>
						</name>
						<name>
							<surname>Halperin</surname>
							<given-names>JL</given-names>
						</name>
						<etal/>
					</person-group>
					<article-title>ACC/AHA 2005 Practice Guidelines for the management of patients with
                  peripheral arterial disease (lower extremity, renal, mesenteric, and abdominal
                  aortic): a collaborative report from the American Association for Vascular
                  Surgery/Society for Vascular Surgery, Society for Cardiovascular Angiography and
                  Interventions, Society for Vascular Medicine and Biology, Society of
                  Interventional Radiology, and the ACC/AHA Task Force on Practice Guidelines
                  (Writing Committee to Develop Guidelines for the Management of Patients With
                  Peripheral Arterial Disease): endorsed by the American Association of
                  Cardiovascular and Pulmonary Rehabilitation; National Heart, Lung, and Blood
                  Institute; Society for Vascular Nursing; TransAtlantic Inter-Society Consensus;
                  and Vascular Disease Foundation</article-title>
					<source>Circulation</source>
					<year>2006</year>
					<volume>113</volume>
					<issue>11</issue>
					<fpage>e463</fpage>
					<lpage>e654</lpage>
				</element-citation>
			</ref>
			<ref id="B03">
				<label>3</label>
				<mixed-citation>Gibbons RJ, Abrams J, Chatterjee K, Daley J, Deedwania PC, Douglas JS,
               et al. ACC/AHA 2002 guideline update for the management of patients with chronic
               stable angina-summary article: a report of the American College of
               Cardiology/American Heart Association Task Force on practice guidelines (Committee on
               the Management of Patients With Chronic Stable Angina). J Am Coll Cardiol.
               2003;41(1):159-68.</mixed-citation>
				<element-citation publication-type="journal">
					<person-group person-group-type="author">
						<name>
							<surname>Gibbons</surname>
							<given-names>RJ</given-names>
						</name>
						<name>
							<surname>Abrams</surname>
							<given-names>J</given-names>
						</name>
						<name>
							<surname>Chatterjee</surname>
							<given-names>K</given-names>
						</name>
						<name>
							<surname>Daley</surname>
							<given-names>J</given-names>
						</name>
						<name>
							<surname>Deedwania</surname>
							<given-names>PC</given-names>
						</name>
						<name>
							<surname>Douglas</surname>
							<given-names>JS</given-names>
						</name>
						<etal/>
					</person-group>
					<article-title>ACC/AHA 2002 guideline update for the management of patients with
                  chronic stable angina-summary article: a report of the American College of
                  Cardiology/American Heart Association Task Force on practice guidelines (Committee
                  on the Management of Patients With Chronic Stable Angina) </article-title>
					<source>J Am Coll Cardiol</source>
					<year>2003</year>
					<volume>41</volume>
					<issue>1</issue>
					<fpage>159</fpage>
					<lpage>168</lpage>
				</element-citation>
			</ref>
			<ref id="B04">
				<label>4</label>
				<mixed-citation>Mendis S, Lindholm LH, Mancia G, Whitworth J, Alderman M, Lim S, et al.
               World Health Organization (WHO) and International Society of Hypertension (ISH) risk
               prediction charts: assessment of cardiovascular risk for prevention and control of
               cardiovascular disease in low and middle-income countries. J Hypertens.
               2007;25(8):1578-82.</mixed-citation>
				<element-citation publication-type="journal">
					<person-group person-group-type="author">
						<name>
							<surname>Mendis</surname>
							<given-names>S</given-names>
						</name>
						<name>
							<surname>Lindholm</surname>
							<given-names>LH</given-names>
						</name>
						<name>
							<surname>Mancia</surname>
							<given-names>G</given-names>
						</name>
						<name>
							<surname>Whitworth</surname>
							<given-names>J</given-names>
						</name>
						<name>
							<surname>Alderman</surname>
							<given-names>M</given-names>
						</name>
						<name>
							<surname>Lim</surname>
							<given-names>S</given-names>
						</name>
						<etal/>
					</person-group>
					<article-title>World Health Organization (WHO) and International Society of
                  Hypertension (ISH) risk prediction charts: assessment of cardiovascular risk for
                  prevention and control of cardiovascular disease in low and middle-income
                  countries</article-title>
					<source>J Hypertens</source>
					<year>2007</year>
					<volume>25</volume>
					<issue>8</issue>
					<fpage>1578</fpage>
					<lpage>1582</lpage>
				</element-citation>
			</ref>
			<ref id="B05">
				<label>5</label>
				<mixed-citation>Goldstein LB, Adams R, Alberts MJ, Appel LJ, Brass LM, Bushnell CD, et
               al. Primary prevention of ischemic stroke: a guideline from the American Heart
               Association/American Stroke Association Stroke Council: cosponsored by the
               Atherosclerotic Peripheral Vascular Disease Interdisciplinary Working Group;
               Cardiovascular Nursing Council; Clinical Cardiology Council; Nutrition, Physical
               Activity, and Metabolism Council; and the Quality of Care and Outcomes Research
               Interdisciplinary Working Group. Circulation. 2006;113(24):e873-923.</mixed-citation>
				<element-citation publication-type="journal">
					<person-group person-group-type="author">
						<name>
							<surname>Goldstein</surname>
							<given-names>LB</given-names>
						</name>
						<name>
							<surname>Adams</surname>
							<given-names>R</given-names>
						</name>
						<name>
							<surname>Alberts</surname>
							<given-names>MJ</given-names>
						</name>
						<name>
							<surname>Appel</surname>
							<given-names>LJ</given-names>
						</name>
						<name>
							<surname>Brass</surname>
							<given-names>LM</given-names>
						</name>
						<name>
							<surname>Bushnell</surname>
							<given-names>CD</given-names>
						</name>
						<etal/>
					</person-group>
					<article-title>Primary prevention of ischemic stroke: a guideline from the American
                  Heart Association/American Stroke Association Stroke Council: cosponsored by the
                  Atherosclerotic Peripheral Vascular Disease Interdisciplinary Working Group;
                  Cardiovascular Nursing Council; Clinical Cardiology Council; Nutrition, Physical
                  Activity, and Metabolism Council; and the Quality of Care and Outcomes Research
                  Interdisciplinary Working Group</article-title>
					<source>Circulation</source>
					<year>2006</year>
					<volume>113</volume>
					<issue>24</issue>
					<fpage>e873</fpage>
					<lpage>e923</lpage>
				</element-citation>
			</ref>
			<ref id="B06">
				<label>6</label>
				<mixed-citation>Preventive cardiology: how can we do better? Proceedings of the 33rd
               Bethesda Conference. Bethesda, Maryland, USA. December 18, 2001. J Am Coll Cardiol.
               2002;40(4):580-651.</mixed-citation>
				<element-citation publication-type="journal">
					<article-title>Preventive cardiology: how can we do better? Proceedings of the 33rd
                  Bethesda Conference. Bethesda, Maryland, USA. December 18, 2001</article-title>
					<source>J Am Coll Cardiol</source>
					<year>2002</year>
					<volume>40</volume>
					<issue>4</issue>
					<fpage>580</fpage>
					<lpage>651</lpage>
				</element-citation>
			</ref>
			<ref id="B07">
				<label>7</label>
				<mixed-citation>Smith SC Jr, Allen J, Blair SN, Bonow RO, Brass LM, Fonarow GC, et al.
               AHA/ACC guidelines for secondary prevention for patients with coronary and other
               atherosclerotic vascular disease: 2006 update endorsed by the National Heart, Lung,
               and Blood Institute. J Am Coll Cardiol. 2006;47(10):2130-9.</mixed-citation>
				<element-citation publication-type="journal">
					<person-group person-group-type="author">
						<name>
							<surname>Smith</surname>
							<given-names>SC</given-names>
							<suffix>Jr</suffix>
						</name>
						<name>
							<surname>Allen</surname>
							<given-names>J</given-names>
						</name>
						<name>
							<surname>Blair</surname>
							<given-names>SN</given-names>
						</name>
						<name>
							<surname>Bonow</surname>
							<given-names>RO</given-names>
						</name>
						<name>
							<surname>Brass</surname>
							<given-names>LM</given-names>
						</name>
						<name>
							<surname>Fonarow</surname>
							<given-names>GC</given-names>
						</name>
						<etal/>
					</person-group>
					<article-title>AHA/ACC guidelines for secondary prevention for patients with coronary
                  and other atherosclerotic vascular disease: 2006 update endorsed by the National
                  Heart, Lung, and Blood Institute</article-title>
					<source>J Am Coll Cardiol</source>
					<year>2006</year>
					<volume>47</volume>
					<issue>10</issue>
					<fpage>2130</fpage>
					<lpage>2139</lpage>
				</element-citation>
			</ref>
			<ref id="B08">
				<label>8</label>
				<mixed-citation>Gaziano JJ, Ridker MP. Primary and secondary prevention of coronary
               heart disease. In: Zipes D, editor. Heart disease: a textbook of cardiovascular
               medicine. Philadelphia: Elsevier; 2005. p. 1057-84.</mixed-citation>
				<element-citation publication-type="book">
					<person-group person-group-type="author">
						<name>
							<surname>Gaziano</surname>
							<given-names>JJ</given-names>
						</name>
						<name>
							<surname>Ridker</surname>
							<given-names>MP</given-names>
						</name>
					</person-group>
					<chapter-title>Primary and secondary prevention of coronary heart
                  disease</chapter-title>
					<person-group person-group-type="editor">
						<name>
							<surname>Zipes</surname>
							<given-names>D</given-names>
						</name>
					</person-group>
					<source>Heart disease: a textbook of cardiovascular medicine</source>
					<publisher-loc>Philadelphia</publisher-loc>
					<publisher-name>Elsevier</publisher-name>
					<fpage>1057</fpage>
					<lpage>1084</lpage>
					<year>2005</year>
				</element-citation>
			</ref>
			<ref id="B09">
				<label>9</label>
				<mixed-citation>White C. Clinical practice: intermittent claudication. N Engl J Med.
               2007;356(12):1241-50.</mixed-citation>
				<element-citation publication-type="journal">
					<person-group person-group-type="author">
						<name>
							<surname>White</surname>
							<given-names>C</given-names>
						</name>
					</person-group>
					<article-title>Clinical practice: intermittent claudication</article-title>
					<source>N Engl J Med</source>
					<year>2007</year>
					<volume>356</volume>
					<issue>12</issue>
					<fpage>1241</fpage>
					<lpage>1250</lpage>
				</element-citation>
			</ref>
			<ref id="B10">
				<label>10</label>
				<mixed-citation>Norgren L, Hiatt WR, Dormandy JA, Nehler MR, Harris KA, Fowkes FG; TASC
               II Working Group. Inter-society consensus for the management of peripheral arterial
               disease (TASC II). J Vasc Surg. 2007;45 Suppl S:S5-67.</mixed-citation>
				<element-citation publication-type="journal">
					<person-group person-group-type="author">
						<name>
							<surname>Norgren</surname>
							<given-names>L</given-names>
						</name>
						<name>
							<surname>Hiatt</surname>
							<given-names>WR</given-names>
						</name>
						<name>
							<surname>Dormandy</surname>
							<given-names>JA</given-names>
						</name>
						<name>
							<surname>Nehler</surname>
							<given-names>MR</given-names>
						</name>
						<name>
							<surname>Harris</surname>
							<given-names>KA</given-names>
						</name>
						<name>
							<surname>Fowkes</surname>
							<given-names>FG</given-names>
						</name>
						<collab>TASC II Working Group</collab>
					</person-group>
					<article-title>Inter-society consensus for the management of peripheral arterial
                  disease (TASC II)</article-title>
					<source>J Vasc Surg</source>
					<year>2007</year>
					<volume>45</volume>
					<supplement>Suppl</supplement>
					<fpage>S5</fpage>
					<lpage>67</lpage>
				</element-citation>
			</ref>
			<ref id="B11">
				<label>11</label>
				<mixed-citation>Newman AB, Shemanski L, Manolio TA, Cushman M, Mittelmark M, Polak JF,
               et al. Ankle-arm index as a predictor of cardiovascular disease and mortality in the
               Cardiovascular Health Study. The Cardiovascular Health Study Group. Arterioscler
               Thromb Vasc Biol. 1999;19(3):538-45.</mixed-citation>
				<element-citation publication-type="journal">
					<person-group person-group-type="author">
						<name>
							<surname>Newman</surname>
							<given-names>AB</given-names>
						</name>
						<name>
							<surname>Shemanski</surname>
							<given-names>L</given-names>
						</name>
						<name>
							<surname>Manolio</surname>
							<given-names>TA</given-names>
						</name>
						<name>
							<surname>Cushman</surname>
							<given-names>M</given-names>
						</name>
						<name>
							<surname>Mittelmark</surname>
							<given-names>M</given-names>
						</name>
						<name>
							<surname>Polak</surname>
							<given-names>JF</given-names>
						</name>
						<etal/>
					</person-group>
					<article-title>Ankle-arm index as a predictor of cardiovascular disease and mortality
                  in the Cardiovascular Health Study. The Cardiovascular Health Study
                  Group</article-title>
					<source>Arterioscler Thromb Vasc Biol</source>
					<year>1999</year>
					<volume>19</volume>
					<issue>3</issue>
					<fpage>538</fpage>
					<lpage>545</lpage>
				</element-citation>
			</ref>
			<ref id="B12">
				<label>12</label>
				<mixed-citation>Norman PE, Davis WA, Bruce DG, Davis TM. Peripheral arterial disease and
               risk of cardiac death in type 2 diabetes: the Fremantle Diabetes Study. Diabetes
               Care. 2006;29(3):575-80.</mixed-citation>
				<element-citation publication-type="journal">
					<person-group person-group-type="author">
						<name>
							<surname>Norman</surname>
							<given-names>PE</given-names>
						</name>
						<name>
							<surname>Davis</surname>
							<given-names>WA</given-names>
						</name>
						<name>
							<surname>Bruce</surname>
							<given-names>DG</given-names>
						</name>
						<name>
							<surname>Davis</surname>
							<given-names>TM</given-names>
						</name>
					</person-group>
					<article-title>Peripheral arterial disease and risk of cardiac death in type 2
                  diabetes: the Fremantle Diabetes Study</article-title>
					<source>Diabetes Care</source>
					<year>2006</year>
					<volume>29</volume>
					<issue>3</issue>
					<fpage>575</fpage>
					<lpage>580</lpage>
				</element-citation>
			</ref>
			<ref id="B13">
				<label>13</label>
				<mixed-citation>Papa ED, Helber I, Ehrlichmann MR, Alves CM, Makdisse M, Matos LN, et
               al. Ankle-brachial index as a predictor of coronary disease events in elderly
               patients submitted to coronary angiography. Clinics (São Paulo).
               2013;68(12):1481-7.</mixed-citation>
				<element-citation publication-type="journal">
					<person-group person-group-type="author">
						<name>
							<surname>Papa</surname>
							<given-names>ED</given-names>
						</name>
						<name>
							<surname>Helber</surname>
							<given-names>I</given-names>
						</name>
						<name>
							<surname>Ehrlichmann</surname>
							<given-names>MR</given-names>
						</name>
						<name>
							<surname>Alves</surname>
							<given-names>CM</given-names>
						</name>
						<name>
							<surname>Makdisse</surname>
							<given-names>M</given-names>
						</name>
						<name>
							<surname>Matos</surname>
							<given-names>LN</given-names>
						</name>
						<etal/>
					</person-group>
					<article-title>Ankle-brachial index as a predictor of coronary disease events in
                  elderly patients submitted to coronary angiography</article-title>
					<source>Clinics (São Paulo)</source>
					<year>2013</year>
					<volume>68</volume>
					<issue>12</issue>
					<fpage>1481</fpage>
					<lpage>1487</lpage>
				</element-citation>
			</ref>
			<ref id="B14">
				<label>14</label>
				<mixed-citation>Fowkes FG, Murray GD, Butcher I, Folsom AR, Hirsch AT, Couper DJ, et al.
               Development and validation of an ankle brachial index model for the prediction of
               cardiovascular events. Eur J Prev Cardiol. 2014;21(3):310-20.</mixed-citation>
				<element-citation publication-type="journal">
					<person-group person-group-type="author">
						<name>
							<surname>Fowkes</surname>
							<given-names>FG</given-names>
						</name>
						<name>
							<surname>Murray</surname>
							<given-names>GD</given-names>
						</name>
						<name>
							<surname>Butcher</surname>
							<given-names>I</given-names>
						</name>
						<name>
							<surname>Folsom</surname>
							<given-names>AR</given-names>
						</name>
						<name>
							<surname>Hirsch</surname>
							<given-names>AT</given-names>
						</name>
						<name>
							<surname>Couper</surname>
							<given-names>DJ</given-names>
						</name>
						<etal/>
					</person-group>
					<article-title>Development and validation of an ankle brachial index model for the
                  prediction of cardiovascular events</article-title>
					<source>Eur J Prev Cardiol</source>
					<year>2014</year>
					<volume>21</volume>
					<issue>3</issue>
					<fpage>310</fpage>
					<lpage>320</lpage>
				</element-citation>
			</ref>
			<ref id="B15">
				<label>15</label>
				<mixed-citation>Lin JS, Olson CM, Johnson ES, Whitlock EP. The ankle-brachial index for
               peripheral artery disease screening and cardiovascular disease prediction among
               asymptomatic adults: a systematic evidence review for the U.S. Preventive Services
               Task Force. Ann Intern Med. 2013;159(5):333-41.</mixed-citation>
				<element-citation publication-type="journal">
					<person-group person-group-type="author">
						<name>
							<surname>Lin</surname>
							<given-names>JS</given-names>
						</name>
						<name>
							<surname>Olson</surname>
							<given-names>CM</given-names>
						</name>
						<name>
							<surname>Johnson</surname>
							<given-names>ES</given-names>
						</name>
						<name>
							<surname>Whitlock</surname>
							<given-names>EP</given-names>
						</name>
					</person-group>
					<article-title>The ankle-brachial index for peripheral artery disease screening and
                  cardiovascular disease prediction among asymptomatic adults: a systematic evidence
                  review for the U.S. Preventive Services Task Force</article-title>
					<source>Ann Intern Med</source>
					<year>2013</year>
					<volume>159</volume>
					<issue>5</issue>
					<fpage>333</fpage>
					<lpage>341</lpage>
				</element-citation>
			</ref>
			<ref id="B16">
				<label>16</label>
				<mixed-citation>Whitfield MD, Gillett M, Holmes M, Ogden E. Predicting the impact of
               population level risk reduction in cardio-vascular disease and stroke on acute
               hospital admission rates over a 5 year period--a pilot study. Public Health.
               2006;120(12):1140-8.</mixed-citation>
				<element-citation publication-type="journal">
					<person-group person-group-type="author">
						<name>
							<surname>Whitfield</surname>
							<given-names>MD</given-names>
						</name>
						<name>
							<surname>Gillett</surname>
							<given-names>M</given-names>
						</name>
						<name>
							<surname>Holmes</surname>
							<given-names>M</given-names>
						</name>
						<name>
							<surname>Ogden</surname>
							<given-names>E</given-names>
						</name>
					</person-group>
					<article-title>Predicting the impact of population level risk reduction in
                  cardio-vascular disease and stroke on acute hospital admission rates over a 5 year
                  period--a pilot study</article-title>
					<source>Public Health</source>
					<year>2006</year>
					<volume>120</volume>
					<issue>12</issue>
					<fpage>1140</fpage>
					<lpage>1148</lpage>
				</element-citation>
			</ref>
			<ref id="B17">
				<label>17</label>
				<mixed-citation>Aronow WS, Ahn C. Prevalence of coexistence of coronary artery disease,
               peripheral arterial disease, and atherothrombotic brain infarction in men and women
               &gt; or = 62 years of age. Am J Cardiol. 1994;74(1):64-5.</mixed-citation>
				<element-citation publication-type="journal">
					<person-group person-group-type="author">
						<name>
							<surname>Aronow</surname>
							<given-names>WS</given-names>
						</name>
						<name>
							<surname>Ahn</surname>
							<given-names>C</given-names>
						</name>
					</person-group>
					<article-title>Prevalence of coexistence of coronary artery disease, peripheral
                  arterial disease, and atherothrombotic brain infarction in men and women &amp;gt;
                  or = 62 years of age</article-title>
					<source>Am J Cardiol</source>
					<year>1994</year>
					<volume>74</volume>
					<issue>1</issue>
					<fpage>64</fpage>
					<lpage>65</lpage>
				</element-citation>
			</ref>
			<ref id="B18">
				<label>18</label>
				<mixed-citation>McDermott MM, Greenland P, Liu K, Guralnik JM, Celic L, Criqui MH, et
               al. The ankle brachial index is associated with leg function and physical activity:
               the Walking and Leg Circulation Study. Ann Intern Med.
               2002;136(12):873-83.</mixed-citation>
				<element-citation publication-type="journal">
					<person-group person-group-type="author">
						<name>
							<surname>McDermott</surname>
							<given-names>MM</given-names>
						</name>
						<name>
							<surname>Greenland</surname>
							<given-names>P</given-names>
						</name>
						<name>
							<surname>Liu</surname>
							<given-names>K</given-names>
						</name>
						<name>
							<surname>Guralnik</surname>
							<given-names>JM</given-names>
						</name>
						<name>
							<surname>Celic</surname>
							<given-names>L</given-names>
						</name>
						<name>
							<surname>Criqui</surname>
							<given-names>MH</given-names>
						</name>
						<etal/>
					</person-group>
					<article-title>The ankle brachial index is associated with leg function and physical
                  activity: the Walking and Leg Circulation Study</article-title>
					<source>Ann Intern Med</source>
					<year>2002</year>
					<volume>136</volume>
					<issue>12</issue>
					<fpage>873</fpage>
					<lpage>883</lpage>
				</element-citation>
			</ref>
			<ref id="B19">
				<label>19</label>
				<mixed-citation>Lee AJ, Price JF, Russell MJ, Smith FB, van Wijk MC, Fowkes FG. Improved
               prediction of fatal myocardial infarction using the ankle brachial index in addition
               to conventional risk factors: the Edinburgh Artery Study. Circulation.
               2004;110(19):3075-80.</mixed-citation>
				<element-citation publication-type="journal">
					<person-group person-group-type="author">
						<name>
							<surname>Lee</surname>
							<given-names>AJ</given-names>
						</name>
						<name>
							<surname>Price</surname>
							<given-names>JF</given-names>
						</name>
						<name>
							<surname>Russell</surname>
							<given-names>MJ</given-names>
						</name>
						<name>
							<surname>Smith</surname>
							<given-names>FB</given-names>
						</name>
						<name>
							<surname>van Wijk</surname>
							<given-names>MC</given-names>
						</name>
						<name>
							<surname>Fowkes</surname>
							<given-names>FG</given-names>
						</name>
					</person-group>
					<article-title>Improved prediction of fatal myocardial infarction using the ankle
                  brachial index in addition to conventional risk factors: the Edinburgh Artery
                  Study</article-title>
					<source>Circulation</source>
					<year>2004</year>
					<volume>110</volume>
					<issue>19</issue>
					<fpage>3075</fpage>
					<lpage>3080</lpage>
				</element-citation>
			</ref>
			<ref id="B20">
				<label>20</label>
				<mixed-citation>Otah KE, Madan A, Otah E, Badero O, Clark LT, Salifu MO. Usefulness of
               an abnormal ankle-brachial index to predict presence of coronary artery disease in
               African-Americans. Am J Cardiol. 2004;93(4):481-3.</mixed-citation>
				<element-citation publication-type="journal">
					<person-group person-group-type="author">
						<name>
							<surname>Otah</surname>
							<given-names>KE</given-names>
						</name>
						<name>
							<surname>Madan</surname>
							<given-names>A</given-names>
						</name>
						<name>
							<surname>Otah</surname>
							<given-names>E</given-names>
						</name>
						<name>
							<surname>Badero</surname>
							<given-names>O</given-names>
						</name>
						<name>
							<surname>Clark</surname>
							<given-names>LT</given-names>
						</name>
						<name>
							<surname>Salifu</surname>
							<given-names>MO</given-names>
						</name>
					</person-group>
					<article-title>Usefulness of an abnormal ankle-brachial index to predict presence of
                  coronary artery disease in African-Americans</article-title>
					<source>Am J Cardiol</source>
					<year>2004</year>
					<volume>93</volume>
					<issue>4</issue>
					<fpage>481</fpage>
					<lpage>483</lpage>
				</element-citation>
			</ref>
		</ref-list>
	</back>
	<sub-article article-type="translation" id="SA1" xml:lang="en">
		<front-stub>
			<title-group>
				<article-title>Ankle-Brachial Index as a Predictor of Significant Coronary Artery
               Disease in Patients Undergoing Coronary Angiography</article-title>
			</title-group>
			<contrib-group>
				<contrib contrib-type="author">
					<name>
						<surname>Sabedotti</surname>
						<given-names>Marcelo</given-names>
					</name>
					<xref ref-type="aff" rid="aff03">1</xref>
					<xref ref-type="corresp" rid="c02"/>
				</contrib>
				<contrib contrib-type="author">
					<name>
						<surname>Sarmento-Leite</surname>
						<given-names>Rogerio</given-names>
					</name>
					<xref ref-type="aff" rid="aff04">2</xref>
				</contrib>
				<contrib contrib-type="author">
					<name>
						<surname>Quadros</surname>
						<given-names>Alexandre Schaan de</given-names>
					</name>
					<xref ref-type="aff" rid="aff04">2</xref>
				</contrib>
			</contrib-group>
			<aff id="aff03">
				<label>1</label>
				<institution content-type="original">Universidade de Caxias do Sul, Caxias do Sul, RS,
               Brazil.</institution>
			</aff>
			<aff id="aff04">
				<label>2</label>
				<institution content-type="original">Instituto de Cardiologia do Rio Grande do Sul,
               Porto Alegre, RS, Brazil.</institution>
			</aff>
			<author-notes>
				<corresp id="c02">
					<bold>Correspondence to:</bold> Marcelo Sabedotti. Rua Francisco
               Getúlio Vargas, 1.130 − Petrópolis − CEP: 95070-560 – Caxias do Sul, RS, Brazil
               E-mail: <email>msabedotti@me.com</email>
				</corresp>
				<fn fn-type="conflict">
					<p>
						<bold>CONFLICT OF INTERESTS</bold>
					</p>
					<p>The authors declare no conflicts of interest.</p>
				</fn>
			</author-notes>
			<abstract>
				<sec>
					<title>Background:</title>
					<p>The ankle-brachial index is a simple and effective tool for diagnosing peripheral
                  artery disease, but has not been validated for the diagnosis of coronary artery
                  disease. The aim of this study was to evaluate the ability of the ankle-brachial
                  index to predict coronary artery disease in patients undergoing coronary
                  angiography.</p>
				</sec>
				<sec>
					<title>Methods:</title>
					<p>Patients with clinical suspicion of coronary artery disease and indication for
                  coronary angiography were prospectively evaluated. Significant coronary artery
                  disease was defined as the presence of stenosis &gt; 70% of at least one major
                  epicardial coronary artery or any of their major branches. A ROC curve was
                  developed to define the ankle-brachial index cutoff that best predicts coronary
                  artery disease.</p>
				</sec>
				<sec>
					<title>Results:</title>
					<p>A total of 312 patients were evaluated: mean age was 57 &#x00B1; 11 years and 50%
                  were male. One hundred and sixteen (37.2%) patients had significant coronary
                  disease. Ankle-brachial index measurement in these patients was significantly
                  lower than in those without coronary artery disease (0.88 &#x00B1; 0.14 vs. 0.96
                  &#x00B1; 0.87; <italic>p</italic> &lt; 0.01). Ankle-brachial index &lt; 0.87
                  showed a sensitivity of 31%, specificity of 95.4%, positive predictive value of
                  75.9% and negative predictive value of 71.6%. The area under the ROC curve was
                  0.73 (95% confidence interval of 0.67-0.79).</p>
				</sec>
				<sec>
					<title>Conclusions:</title>
					<p>Ankle-brachial index &lt; 0.87 had a high specificity to predict significant
                  coronary disease. Considering its low cost and ease of use, measurement of
                  ankle-brachial index may be incorporated to daily clinical practice to help
                  diagnose significant coronary artery disease.</p>
				</sec>
			</abstract>
			<kwd-group xml:lang="en">
				<kwd>Atherosclerosis</kwd>
				<kwd>Cardiovascular diseases</kwd>
				<kwd>Ankle brachial index</kwd>
				<kwd>Risk factors</kwd>
				<kwd>Coronary angiography</kwd>
			</kwd-group>
		</front-stub>
		<body>
			<p>A therosclerosis is a systemic disease, which is not restricted only to a vascular
            territory. Coronary artery disease (CAD) and peripheral arterial disease (PAD) are
            commonly found in the same patient,<xref ref-type="bibr" rid="B01">1</xref> and this
            condition is associated with high risk of cardiovascular events.<xref ref-type="bibr" rid="B02">2</xref>
				<sup>,</sup>
				<xref ref-type="bibr" rid="B03">3</xref>
			</p>
			<p>In clinical practice, preventive actions are recommended in cardiology,<xref ref-type="bibr" rid="B04">4</xref>
				<sup>-</sup>
				<xref ref-type="bibr" rid="B07">7</xref> and risk stratification and early treatment are very important strategies
            to reduce cardiovascular disease and its consequences.<xref ref-type="bibr" rid="B08">8</xref>
			</p>
			<p>The ankle-brachial index (ABI) is a simple and effective tool for PAD screening.<xref ref-type="bibr" rid="B09">9</xref> ABI &lt; 0.90 is considered as altered, and has a
            95% sensitivity for predicting peripheral vascular disease with significant stenosis on
               angiography.<xref ref-type="bibr" rid="B10">10</xref> In addition, ABI &lt; 0.90 is
            associated with a worse cardiovascular prognosis and increased all-cause mortality.<xref ref-type="bibr" rid="B11">11</xref>
				<sup>-</sup>
				<xref ref-type="bibr" rid="B15">15</xref> Although ABI is useful for detecting PAD, its validity in predicting CAD
            is not well established.</p>
			<p>This study aimed to evaluate the performance of ABI as a predictor of CAD in patients
            undergoing coronary angiography.</p>
			<sec sec-type="methods">
				<title>METHODS</title>
				<p>This protocol was approved by the ethics committee and met all clinical research
               criteria in Brazil. All patients received information about the study and signed an
               informed consent.</p>
				<p>This was a cross-sectional study, for which consecutive patients referred for
               coronary angiography for suspected CAD were selected. Patients with previous coronary
               angiography, ABI &gt; 1.0, severe valve disease, acute coronary syndrome, and those
               who did not agree to sign the informed consent were excluded from this analysis.</p>
				<sec>
					<title>Clinical evaluation and measurement of ankle-brachial index</title>
					<p>Patients were clinically evaluated before their coronary angiography through
                  physical examination and medical history; information on the classic risk factors
                  for ischemic heart disease was collected.</p>
					<p>ABI was measured as recommended by current guidelines.<xref ref-type="bibr" rid="B09">9</xref> Systolic pressure was measured in upper and lower limbs with
                  a portable vascular Doppler device DV610<sup>®</sup> (Medmega - Franca, São Paulo,
                  Brazil). In the ABI calculation, the ratio between anterior and/or posterior
                  tibial artery pressure (the highest value was considered) and brachial systolic
                  pressure was used. In the case of differing values between left and right side,
                  the lowest value was used in this analysis.</p>
				</sec>
				<sec>
					<title>Coronary angiography</title>
					<p>Quantitative coronary angiography was the parameter used for diagnosis of coronary
                  stenosis. After clinical evaluation, the patients underwent coronary angiography
                  (Judkins technique) through the femoral artery. Quantitative coronary angiography
                  was performed by an independent investigator. Coronary disease was considered
                  significant in the presence of a stenosis &#x2265; 70% in at least one coronary
                  segment.</p>
				</sec>
				<sec>
					<title>Statistical analysis</title>
					<p>Quantitative variables were expressed as means &#x00B1; standard deviations and
                  compared using Student's <italic>t</italic>-test. Qualitative variables were
                  presented as absolute numbers and percentages and compared using the chi-squared
                  test or Fisher's exact test, as appropriate. The determination of the cutoff for
                  ABI was performed by receiver operating characteristic (ROC) curve. This
                  statistical analysis was performed with SPSS version 15.0 (Chicago, Illinois,
                  United States).</p>
				</sec>
			</sec>
			<sec sec-type="results">
				<title>RESULTS</title>
				<p>From March to December of 2013, 312 patients were included in this study. The mean
               age was 57 &#x00B1; 11 years, 50% were male, and 24.4% were diabetic (<xref ref-type="table" rid="t04">Table 1</xref>). One hundred and sixteen patients
               (37.2%) were diagnosed with significant CAD. In these individuals, ABI was
               significantly lower than in those patients without significant CAD (0.88 &#x00B1;
               0.14 vs. 0.96 &#x00B1; 0.87; <italic>p</italic> &lt; 0.01).</p>
				<table-wrap id="t04">
					<label>TABLE 1</label>
					<caption>
						<title>Patients' characteristics and risk factors for coronary arterial disease
                     (CAD)</title>
					</caption>
					<table frame="hsides" rules="groups">
						<thead>
							<tr>
								<th>
									<bold>Characteristics</bold>
								</th>
								<th align="center">
									<bold>Without significant CAD<xref ref-type="table-fn" rid="TFN04">*</xref> (n = 196)</bold>
								</th>
								<th align="center">
									<bold>With significant CAD (n = 116)</bold>
								</th>
								<th align="center">
									<bold>
										<italic>p-value</italic>
									</bold>
								</th>
							</tr>
						</thead>
						<tbody>
							<tr>
								<td>Age, years</td>
								<td align="center">56 ± 11</td>
								<td align="center">61 ± 11</td>
								<td align="center">&lt; 0.01</td>
							</tr>
							<tr>
								<td>Male gender, n (%)</td>
								<td align="center">76 (38.8)</td>
								<td align="center">80 (69.0)</td>
								<td align="center">&lt; 0.01</td>
							</tr>
							<tr>
								<td>Risk factors for CAD, n (%)</td>
								<td align="center"/>
								<td align="center"/>
								<td align="center"/>
							</tr>
							<tr>
								<td>&#x00a0;&#x00a0;&#x00a0;&#x00a0;Hypertension</td>
								<td align="center">141 (71.9)</td>
								<td align="center">99 (85.3)</td>
								<td align="center">&lt; 0.01</td>
							</tr>
							<tr>
								<td>&#x00a0;&#x00a0;&#x00a0;&#x00a0;Diabetes</td>
								<td align="center">29 (14.8)</td>
								<td align="center">47 (40.5)</td>
								<td align="center">&lt; 0.01</td>
							</tr>
							<tr>
								<td>&#x00a0;&#x00a0;&#x00a0;&#x00a0;Hyperlipidemia</td>
								<td align="center">73 (37.2)</td>
								<td align="center">78 (67.2)</td>
								<td align="center">&lt; 0.01</td>
							</tr>
							<tr>
								<td>&#x00a0;&#x00a0;&#x00a0;&#x00a0;Current smoking</td>
								<td align="center">69 (35.2)</td>
								<td align="center">74 (63.8)</td>
								<td align="center">&lt; 0.01</td>
							</tr>
							<tr>
								<td>&#x00a0;&#x00a0;&#x00a0;&#x00a0;Family history of CAD</td>
								<td align="center">78 (39.8)</td>
								<td align="center">50 (43.1)</td>
								<td align="center">0.63</td>
							</tr>
							<tr>
								<td>ABI &#x2264;0.87, n (%)</td>
								<td align="center">13 (6.6)</td>
								<td align="center">44 (37.9)</td>
								<td align="center">&lt; 0.01</td>
							</tr>
						</tbody>
					</table>
					<table-wrap-foot>
						<fn id="TFN04">
							<label>*</label>
							<p>Presence of stenosis &#x2265;70% in a coronary artery or main coronary
                        branch. ABI: ankle-brachial index.</p>
						</fn>
					</table-wrap-foot>
				</table-wrap>
				<p>The specificity of ABI for predicting significant CAD in patients with ABI &#x2264;
               0.87 was 95.4% (95% confidence interval - 95% CI, 91.7-97.7), with a sensitivity of
               31% (95% CI, 23.1-39.9) (Figure); the positive predictive value was 75.9% and the
               negative predictive value was 71.6%.</p>
				<fig id="f02">
					<label>Figure</label>
					<caption>
						<title>Receiver operating characteristic curve of ankle-brachial index (ABI)
                     determination, related to the presence of stenosis &#x2265; 70% in a coronary
                     artery or in a main coronary branch in angiography.</title>
					</caption>
					<graphic xlink:href="0104-1843-rbci-22-04-0359-gf01-en.tif"/>
				</fig>
				<p>The probability of a significant coronary lesion presentation for patients undergoing
               coronary angiography can also be predicted by ABI. With an ABI &#x2264; 0.87, the
               probability of significant CAD was 77.2%. As shown in <xref ref-type="table" rid="t05">Table 2</xref>, it was observed that the lower the ABI, the greater the
               likelihood of a significant CAD.</p>
				<table-wrap id="t05">
					<label>TABLE 2</label>
					<caption>
						<title>Probability of significant coronary artery disease (CAD) in relation to the
                     ankle-brachial index (ABI)</title>
					</caption>
					<table frame="hsides" rules="groups">
						<thead>
							<tr>
								<th>
									<bold>ABI</bold>
								</th>
								<th align="center">
									<bold>Without significant CAD (n = 196)</bold>
								</th>
								<th align="center">
									<bold>Chance of significant CAD<xref ref-type="table-fn" rid="TFN05">*</xref> (%)</bold>
								</th>
								<th align="center">
									<bold>Odds Ratio</bold>
								</th>
							</tr>
						</thead>
						<tbody>
							<tr>
								<td>&#x2264;0.87</td>
								<td align="center">13</td>
								<td align="center">77.2</td>
								<td align="center">5.66</td>
							</tr>
							<tr>
								<td>0.88-0.92</td>
								<td align="center">32</td>
								<td align="center">48.4</td>
								<td align="center">1.58</td>
							</tr>
							<tr>
								<td>0.93-0.96</td>
								<td align="center">10</td>
								<td align="center">33.3</td>
								<td align="center">0.84</td>
							</tr>
							<tr>
								<td>&#x2264;0.97</td>
								<td align="center">141</td>
								<td align="center">20.9</td>
								<td align="center">0.44</td>
							</tr>
						</tbody>
					</table>
					<table-wrap-foot>
						<fn id="TFN05">
							<label>*</label>
							<p>Presence of stenosis &#x2265;70% in a coronary or main coronary branch.</p>
						</fn>
					</table-wrap-foot>
				</table-wrap>
				<p>A model was created to predict the occurrence of significant CAD associated with risk
               factors for this disease with ABI. For example, patients with ABI &#x2264; 0.87 and
               four risk factors had a 90.5% probability of significant CAD (<xref ref-type="table" rid="t06">Table 3</xref>).</p>
				<table-wrap id="t06">
					<label>TABLE 3</label>
					<caption>
						<title>Probability of significant coronary artery disease (CAD) in relation to
                     ankle-brachial index (ABI) and coronary risk factors<xref ref-type="table-fn" rid="TFN06">*</xref>
						</title>
					</caption>
					<table frame="hsides" rules="groups">
						<thead>
							<tr>
								<th>
									<bold>Number</bold>
								</th>
								<th colspan="4" align="center" style="border-bottom-style:solid; border-bottom-width:thin">
									<bold>ABI</bold>
								</th>
							</tr>
							<tr>
								<th>
									<bold>of risk factors</bold>
								</th>
								<th align="center">
									<bold>&#x2264;0.87</bold>
								</th>
								<th align="center">
									<bold>0.88-0.92</bold>
								</th>
								<th align="center">
									<bold>0.93-0.96</bold>
								</th>
								<th align="center">
									<bold>&#x2265;0.97</bold>
								</th>
							</tr>
						</thead>
						<tbody>
							<tr>
								<td>&#x2264;1</td>
								<td align="center">50% (n = 4)</td>
								<td align="center">0% (n = 12)</td>
								<td align="center">0% (n = 0)</td>
								<td align="center">3.6% (n = 55)</td>
							</tr>
							<tr>
								<td>2-3</td>
								<td align="center">70.6%(n = 34)</td>
								<td align="center">47.1%(n = 34)</td>
								<td align="center">36.4% (n = 11)</td>
								<td align="center">22.2% (n = 99)</td>
							</tr>
							<tr>
								<td>&#x2265;4</td>
								<td align="center">90.5% (n = 21)</td>
								<td align="center">87.5% (n = 16)</td>
								<td align="center">25% (n = 4)</td>
								<td align="center">56.5% (n = 22)</td>
							</tr>
						</tbody>
					</table>
					<table-wrap-foot>
						<fn id="TFN06">
							<label>*</label>
							<p>Presence of stenosis &#x2265;70% in a coronary artery or main coronary
                        branch; coronary risk factors were hypertension, current smoking,
                        dyslipidemia, diabetes mellitus, and family history of coronary artery
                        disease.</p>
						</fn>
					</table-wrap-foot>
				</table-wrap>
			</sec>
			<sec sec-type="discussion">
				<title>DISCUSSION</title>
				<p>This study evaluated the sensitivity and specificity of ABI for predicting
               significant CAD in patients undergoing coronary angiography. CAD and PAD are two
               major problems of modern medicine, due to the mortality, reduced life expectancy, and
               social and economic impacts associated with these conditions.<xref ref-type="bibr" rid="B16">16</xref> CAD may be present in 58% of patients with PAD,<xref ref-type="bibr" rid="B17">17</xref> and such an association is related to a worse
               prognosis. The diagnosis and early treatment are critical in order to minimize
               cardiovascular events.</p>
				<p>ABI is a useful tool for diagnosing PAD, and ABI &lt; 0.5 is associated with
               claudication when walking 100 m.<xref ref-type="bibr" rid="B18">18</xref> Lee et
                  al.<xref ref-type="bibr" rid="B19">19</xref> have previously proved an association
               between low ABI with high risk of cardiovascular and cerebrovascular events and
               death. Patients with ABI &lt; 0.90 present an increased risk of cardiovascular
               events, and low ABI was an independent predictor of risk of fatal myocardial
               infarction, even after adjustment for traditional risk factors for CAD. Additionally,
               ABI increased significantly (<italic>p</italic> &lt; 0.01) the predictive value for
               fatal myocardial infarction, when compared with a model considering only risk factors
               for CAD. However, ABI is not fully validated for detecting CAD. The present study
               demonstrated the usefulness of this index in predicting significant coronary
               lesions.</p>
				<p>When used as a single diagnostic method, ABI does not have good sensitivity for
               predicting CAD. However, when indexes &#x2264; 0.87 were considered, the specificity
               was 95.4%. Otah et al.<xref ref-type="bibr" rid="B20">20</xref> demonstrated that
               three-vessel arterial disease or left main coronary artery disease can be predicted
               by the ITB, with sensitivity and specificity of 85% and 77%, respectively. In the
               present study, the sensitivity was low, but with higher specificity. Probably the
               main reason for this finding was the criterion used for CAD. In the present study,
               only cases of CAD with &#x2265; 70% stenosis were considered as significant, while
               Otah et al.<xref ref-type="bibr" rid="B20">20</xref> considered all coronary injuries
               that were diagnosed. Perhaps these different criteria have contributed to these
               differences in results.</p>
				<p>Although ABI <italic>per se</italic> does not have a high sensitivity to detect CAD,
               with an index &#x2264; 0.87 the probability of the patient having a significant CAD
               is estimated in 77.2%. When associating ABI with risk factors for CAD, the
               probability of lesions &#x2265; 70% in coronary angiography increases. Considering
               patients with four or more risk factors and an ABI &#x2264; 0.87, approximately 90%
               have a significant CAD. This suggests that ABI is most useful when combined with
               clinical assessment data. Thus, the combination of these elements allows fora
               reasonable probability of predicting significant CAD.</p>
				<sec>
					<title>Study limitations</title>
					<p>The present study had some limitations that should be mentioned. This was a
                  cross-sectional study with a small number of patients. In addition, most patients
                  had established risk factors for ischemic heart disease and were referred for
                  coronary angiography for suspected CAD. Perhaps this sample represents a high-risk
                  population with a high prevalence of CAD, and may have overestimated the
                  predictive values of ABI.</p>
				</sec>
			</sec>
			<sec sec-type="conclusions">
				<title>CONCLUSIONS</title>
				<p>ABI values &#x2264; 0.87 showed high specificity to predict significant coronary
               artery disease. Considering its low cost and ease of use, ABI should be added to the
               physical examination, as a useful method to stratify the risk of coronary artery
               disease.</p>
			</sec>
		</body>
		<back>
			<fn-group>
				<fn fn-type="financial-disclosure">
					<p>
						<bold>FUNDING SOURCE</bold>
					</p>
					<p>None.</p>
				</fn>
			</fn-group>
		</back>
	</sub-article>
</article>
