<?xml version="1.0" encoding="utf-8"?>
<!DOCTYPE article PUBLIC "-//NLM//DTD JATS (Z39.96) Journal Publishing DTD v1.0 20120330//EN" "JATS-journalpublishing1.dtd">
<article xmlns:xlink="http://www.w3.org/1999/xlink" xmlns:mml="http://www.w3.org/1998/Math/MathML" dtd-version="1.0" specific-use="sps-1.1" article-type="research-article" xml:lang="pt">
	<front>
		<journal-meta>
			<journal-id journal-id-type="publisher-id">rbci</journal-id>
			<journal-title-group>
				<journal-title>Revista Brasileira de Cardiologia Invasiva</journal-title>
				<abbrev-journal-title abbrev-type="publisher">Rev. Bras. Cardiol.
               Invasiva</abbrev-journal-title>
			</journal-title-group>
			<issn pub-type="ppub">0104-1843</issn>
			<issn pub-type="epub">2179-8397</issn>
			<publisher>
				<publisher-name>Sociedade Brasileira de Hemodinâmica e Cardiologia
               Intervencionista</publisher-name>
			</publisher>
		</journal-meta>
		<article-meta>
			<article-id pub-id-type="doi">10.1590/0104-1843000000052</article-id>
			<article-categories>
				<subj-group subj-group-type="heading">
					<subject>ARTIGOS ORIGINAIS</subject>
				</subj-group>
			</article-categories>
			<title-group>
				<article-title>Resultados Angiográficos e do Seguimento Clínico de 5 Anos Após Implante
               de Stents Farmacológicos com Revestimento Biodegradável em Pacientes com Alto Risco
               de Reestenose. Análise de Subgrupo do Estudo Randomizado PAINT</article-title>
			</title-group>
			<contrib-group>
				<contrib contrib-type="author">
					<name>
						<surname>Gomes</surname>
						<given-names>Wilton Francisco</given-names>
					</name>
					<xref ref-type="aff" rid="aff01">1</xref>
				</contrib>
				<contrib contrib-type="author">
					<name>
						<surname>Marchini</surname>
						<given-names>Julio F.</given-names>
					</name>
					<xref ref-type="aff" rid="aff01">1</xref>
				</contrib>
				<contrib contrib-type="author">
					<name>
						<surname>Moulin</surname>
						<given-names>Bruno</given-names>
					</name>
					<xref ref-type="aff" rid="aff02">2</xref>
				</contrib>
				<contrib contrib-type="author">
					<name>
						<surname>Perin</surname>
						<given-names>Marco A.</given-names>
					</name>
					<xref ref-type="aff" rid="aff03">3</xref>
				</contrib>
				<contrib contrib-type="author">
					<name>
						<surname>Oliveira</surname>
						<given-names>Ludmilla A.R.R.</given-names>
					</name>
					<xref ref-type="aff" rid="aff04">4</xref>
				</contrib>
				<contrib contrib-type="author">
					<name>
						<surname>Arruda</surname>
						<given-names>J. Airton</given-names>
					</name>
					<xref ref-type="aff" rid="aff05">5</xref>
				</contrib>
				<contrib contrib-type="author">
					<name>
						<surname>Lima</surname>
						<given-names>Valter C.</given-names>
					</name>
					<xref ref-type="aff" rid="aff06">6</xref>
				</contrib>
				<contrib contrib-type="author">
					<name>
						<surname>Lima</surname>
						<given-names>Antonio A.G.</given-names>
					</name>
					<xref ref-type="aff" rid="aff07">7</xref>
				</contrib>
				<contrib contrib-type="author">
					<name>
						<surname>Caramori</surname>
						<given-names>Paulo R.A.</given-names>
					</name>
					<xref ref-type="aff" rid="aff08">8</xref>
				</contrib>
				<contrib contrib-type="author">
					<name>
						<surname>Medeiros</surname>
						<given-names>Cesar R.</given-names>
					</name>
					<xref ref-type="aff" rid="aff09">9</xref>
				</contrib>
				<contrib contrib-type="author">
					<name>
						<surname>Barbosa</surname>
						<given-names>Mauricio R.</given-names>
					</name>
					<xref ref-type="aff" rid="aff10">10</xref>
				</contrib>
				<contrib contrib-type="author">
					<name>
						<surname>Brito</surname>
						<given-names>Fabio S.</given-names>
						<suffix>Jr.</suffix>
					</name>
					<xref ref-type="aff" rid="aff11">11</xref>
				</contrib>
				<contrib contrib-type="author">
					<name>
						<surname>Ribeiro</surname>
						<given-names>Expedito E.</given-names>
					</name>
					<xref ref-type="aff" rid="aff01">1</xref>
				</contrib>
				<contrib contrib-type="author">
					<name>
						<surname>Lemos</surname>
						<given-names>Pedro A.</given-names>
					</name>
					<xref ref-type="aff" rid="aff01">1</xref>
					<xref ref-type="corresp" rid="c01"/>
				</contrib>
			</contrib-group>
			<aff id="aff01">
				<label>1</label>
				<institution content-type="orgname">Universidade de São Paulo</institution>
				<institution content-type="orgdiv1">Hospital das Clínicas</institution>
				<institution content-type="orgdiv2">Instituto do Coração</institution>
				<addr-line>
					<named-content content-type="city">São Paulo</named-content>
					<named-content content-type="state">SP</named-content>
				</addr-line>
				<country country="BR">Brasil</country>
				<institution content-type="original">Instituto do Coração, Hospital das Clínicas,
               Universidade de São Paulo, São Paulo, SP, Brasil.</institution>
				<institution content-type="normalized">Universidade de São Paulo</institution>
			</aff>
			<aff id="aff02">
				<label>2</label>
				<institution content-type="orgname">Hospital Universitário Cassiano Antonio de Moraes</institution>
				<addr-line>
					<named-content content-type="city">Vitória</named-content>
					<named-content content-type="state">ES</named-content>
				</addr-line>
				<country country="BR">Brasil</country>
				<institution content-type="original">Hospital Universitário Cassiano Antonio de Moraes,
               Vitória, ES, Brasil.</institution>
			</aff>
			<aff id="aff03">
				<label>3</label>
				<institution content-type="orgname">Hospital Santa Marcelina</institution>
				<addr-line>
					<named-content content-type="city">São Paulo</named-content>
					<named-content content-type="state">SP</named-content>
				</addr-line>
				<country country="BR">Brasil</country>
				<institution content-type="original">Hospital Santa Marcelina, São Paulo, SP,
               Brasil.</institution>
			</aff>
			<aff id="aff04">
				<label>4</label>
				<institution content-type="orgname">Natal Hospital Center</institution>
				<addr-line>
					<named-content content-type="city">Natal</named-content>
					<named-content content-type="state">RN</named-content>
				</addr-line>
				<country country="BR">Brasil</country>
				<institution content-type="original">Natal Hospital Center, Natal, RN,
               Brasil.</institution>
			</aff>
			<aff id="aff05">
				<label>5</label>
				<institution content-type="orgname">Hospital Meridional</institution>
				<addr-line>
					<named-content content-type="city">Vitória</named-content>
					<named-content content-type="state">ES</named-content>
				</addr-line>
				<country country="BR">Brasil</country>
				<institution content-type="original">Hospital Meridional, Vitória, ES,
               Brasil.</institution>
			</aff>
			<aff id="aff06">
				<label>6</label>
				<institution content-type="orgname">Universidade Federal de São Paulo</institution>
				<institution content-type="orgdiv1">Escola Paulista de Medicina</institution>
				<addr-line>
					<named-content content-type="city">São Paulo</named-content>
					<named-content content-type="state">SP</named-content>
				</addr-line>
				<country country="BR">Brasil</country>
				<institution content-type="original">Escola Paulista de Medicina, Universidade Federal
               de São Paulo, São Paulo, SP, Brasil.</institution>
				<institution content-type="normalized">Universidade Federal de São Paulo</institution>
			</aff>
			<aff id="aff07">
				<label>7</label>
				<institution content-type="orgname">Hospital Universitário Walter Cantídio</institution>
				<addr-line>
					<named-content content-type="city">Fortaleza</named-content>
					<named-content content-type="state">CE</named-content>
				</addr-line>
				<country country="BR">Brasil</country>
				<institution content-type="original">Hospital Universitário Walter Cantídio, Fortaleza,
               CE, Brasil.</institution>
			</aff>
			<aff id="aff08">
				<label>8</label>
				<institution content-type="orgname">Pontifícia Universidade Católica do Rio Grande do
               Sul</institution>
				<institution content-type="orgdiv1">Hospital São Lucas</institution>
				<addr-line>
					<named-content content-type="city">Porto Alegre</named-content>
					<named-content content-type="state">RS</named-content>
				</addr-line>
				<country country="BR">Brasil</country>
				<institution content-type="original">Hospital São Lucas, Pontifícia Universidade
               Católica do Rio Grande do Sul, Porto Alegre, RS, Brasil.</institution>
				<institution content-type="normalized">Pontifícia Universidade Católica do Rio Grande do
               Sul</institution>
			</aff>
			<aff id="aff09">
				<label>9</label>
				<institution content-type="normalized">Instituto D'Or de Pesquisa e Ensino</institution>
				<institution content-type="orgname">Rede D’Or de Hospitais</institution>
				<addr-line>
					<named-content content-type="city">Rio de Janeiro</named-content>
					<named-content content-type="state">RJ</named-content>
				</addr-line>
				<country country="BR">Brasil</country>
				<institution content-type="original">Rede D’Or de Hospitais, Rio de Janeiro, RJ,
               Brasil.</institution>
			</aff>
			<aff id="aff10">
				<label>10</label>
				<institution content-type="orgname">Hospital Biocor</institution>
				<addr-line>
					<named-content content-type="city">Belo Horizonte</named-content>
					<named-content content-type="state">MG</named-content>
				</addr-line>
				<country country="BR">Brasil</country>
				<institution content-type="original">Hospital Biocor, Belo Horizonte, MG,
               Brasil.</institution>
			</aff>
			<aff id="aff11">
				<label>11</label>
				<institution content-type="orgname">Hospital São Camilo</institution>
				<addr-line>
					<named-content content-type="city">São Paulo</named-content>
					<named-content content-type="state">SP</named-content>
				</addr-line>
				<country country="BR">Brasil</country>
				<institution content-type="original">Hospital São Camilo, São Paulo, SP,
               Brasil.</institution>
			</aff>
			<author-notes>
				<corresp id="c01">
					<bold>Correspondência:</bold> Pedro A. Lemos. Avenida Dr. Enéas de
               Carvalho Aguiar, 44, bloco I, 3º andar, Hemodinâmica − Cerqueira César − CEP:
               05403-000 − São Paulo (SP), Brasil. E-mail:
               <email>pedro.lemos@incor.usp.br</email>
				</corresp>
				<fn fn-type="conflict">
					<p>
						<bold>CONFLITO DE INTERESSES</bold>
					</p>
					<p>Não há.</p>
				</fn>
			</author-notes>
			<pub-date pub-type="epub-ppub">
				<season>Oct-Dec</season>
				<year>2015</year>
			</pub-date>
			<volume>22</volume>
			<issue>4</issue>
			<fpage>315</fpage>
			<lpage>319</lpage>
			<history>
				<date date-type="received">
					<day>08</day>
					<month>09</month>
					<year>2014</year>
				</date>
				<date date-type="accepted">
					<day>15</day>
					<month>11</month>
					<year>2014</year>
				</date>
			</history>
			<permissions>
				<license license-type="open-access" xlink:href="http://creativecommons.org/licenses/by-nc/3.0/">
					<license-p>Este é um artigo publicado em acesso aberto (Open Access) sob a licença
                  Creative Commons Attribution NonCommercial, que permite uso, distribuição e
                  reprodução em qualquer meio, sem restrições desde que sem fins comerciais e que o
                  trabalho original seja corretamente citado.</license-p>
				</license>
			</permissions>
			<abstract>
				<sec>
					<title>Introdução:</title>
					<p>Polímeros biodegradáveis foram desenvolvidos para reduzir a reação de
                  hipersensibilidade associada aos polímeros duráveis dos stents farmacológicos de
                  primeira geração, mantendo sua eficácia antiproliferativa e aumentado sua
                  segurança. Avaliamos os resultados angiográficos de 9 meses e os resultados
                  clínicos de longo prazo dos stents farmacológicos com polímeros biodegradáveis em
                  pacientes com alto risco de reestenose.</p>
				</sec>
				<sec>
					<title>Métodos:</title>
					<p>Pacientes com diâmetro de referência &#x2264; 2,5 mm, extensão da lesão &#x2265;
                  15 mm, diabetes, ou uma combinação dessas características foram selecionados da
                  população do estudo PAINT. Esses pacientes foram previamente randomizados e
                  alocados para intervenção coronária percutânea recebendo os stents farmacológicos
                  com polímeros biodegradáveis com sirolimus ou com paclitaxel ou stents metálicos,
                  na razão 2:2:1.</p>
				</sec>
				<sec>
					<title>Resultados:</title>
					<p>Cento e setenta e oito pacientes foram tratados com stents farmacológicos com
                  polímeros biodegradáveis (n = 142) ou stents metálicos (n = 36). No acompanhamento
                  angiográfico de 9 meses, os primeiros mostraram menor perda tardia (0,40 ± 0,42 mm
                  vs. 0,90 ± 0,47 mm; <italic>p</italic> &lt; 0,01) e reestenose binária (7,4% vs.
                  25%; <italic>p</italic> &lt; 0,01). No acompanhamento clínico de 5 anos, o grupo
                  com stents farmacológicos com polímeros biodegradáveis mostrou menores taxas do
                  desfecho combinado de morte cardíaca, infarto do miocárdio e revascularização do
                  vaso-alvo (16,2% vs. 38,0%; <italic>p</italic> = 0,03), principalmente devido à
                  redução da revascularização do vaso-alvo (9,9% vs. 36,1%; <italic>p</italic> &lt;
                  0,01). Morte total, morte cardíaca e infarto do miocárdio não foram diferentes
                  entre os grupos. A trombose do stent, provável ou definitiva, ocorreu em 2,8% vs.
                  0% (<italic>p</italic> = 0,30).</p>
				</sec>
				<sec>
					<title>Conclusões:</title>
					<p>Os stents farmacológicos com polímeros biodegradáveis eluidores de paclitaxel ou
                  sirolimus foram eficazes na redução de reestenose angiográfica aos 9 meses e na
                  necessidade de reintervenção por reestenose clínica em 5 anos, sem aumentar o
                  risco de trombose do stent.</p>
				</sec>
			</abstract>
			<kwd-group xml:lang="pt">
				<kwd>Stents farmacológicos</kwd>
				<kwd>Polímeros</kwd>
				<kwd>Restenose coronária</kwd>
				<kwd>Trombose coronária</kwd>
			</kwd-group>
			<counts>
				<fig-count count="2"/>
				<table-count count="6"/>
				<equation-count count="0"/>
				<ref-count count="16"/>
				<page-count count="5"/>
			</counts>
		</article-meta>
	</front>
	<body>
		<p>Os stents farmacológicos (SF) surgiram como estratégia para aumentar a eficácia da
         intervenção coronária percutânea, reduzindo a reestenose e, consequentemente, a necessidade
         de nova revascularização, em comparação aos stents metálicos (SM). <xref ref-type="bibr" rid="B01">1</xref>
			<sup>,</sup>
			<xref ref-type="bibr" rid="B02">2</xref> Esse aspecto é
         especialmente importante no subgrupo de pacientes com maior risco de reestenose, como os
         diabéticos, pacientes com vasos de fino calibre e lesões longas. <xref ref-type="bibr" rid="B03">3</xref>
			<sup>-</sup>
			<xref ref-type="bibr" rid="B06">6</xref> O maior risco de
         reestenose, em geral, também vem acompanhado de maior risco de trombose do stent. Polímeros
         duráveis foram implicados, ao menos em parte, nesse fenômeno, já que evidências sugerem que
         a presença persistente do polímero estimula uma reação de hipersensibilidade. <xref ref-type="bibr" rid="B07">7</xref>
			<sup>,</sup>
			<xref ref-type="bibr" rid="B08">8</xref>
         Os polímeros biodegradáveis foram desenvolvidos para reduzir a resposta inflamatória,
         acelerando a cicatrização arterial e permitindo uma reendotelização completa das hastes do
         stent.</p>
		<p>Dados do acompanhamento clínico de longo prazo de SF com polímeros biodegradáveis (SF-PB)
         ainda são limitados. Além disso, as comparações com esses dispositivos são feitas entre
         diferentes stents, de forma que os resultados não podem ser explicados apenas por polímeros
         ou fármacos distintos, mas também por diferentes plataformas metálicas.</p>
		<p>O estudo PAINT (<italic>PercutAneous INTervention with biodegradable-polymer based
            paclitaxel-eluting or sirolimus-eluting versus bare stents for de novo coronary
            lesions</italic>), que utiliza a mesma plataforma metálica para SF e SM, permite uma
         comparação específica, avaliando a presença do polímero e os diferentes fármacos. O
         presente estudo teve como objetivo analisar os resultados angiográficos aos 9 meses e os
         resultados clínicos aos 5 anos dos SF-PB, em comparação com SM com plataforma idêntica, em
         pacientes com elevado risco de reestenose.</p>
		<sec sec-type="methods">
			<title>MÉTODOS</title>
			<p>O desfecho primário e os resultados de 3 anos do estudo PAINT foram publicados
            anteriormente. <xref ref-type="bibr" rid="B09">9</xref>
				<sup>-</sup>
				<xref ref-type="bibr" rid="B11">11</xref>
			</p>
			<p>Em resumo, o PAINT é um estudo randomizado, que alocou pacientes para intervenção
            coronária em lesões <italic>de novo</italic> para receber: (1) stent
               Infinium<sup>®</sup> eluidor de paclitaxel; (2) stent Supralimus<sup>®</sup> eluidor
            de sirolimus; ou (3) SM Millennium Matrix<sup>®</sup> (todos fabricados pela Sahajanand
            Medical Technologies Pvt. Ltd. , Surat, Índia) na razão de 2:2:1, respectivamente. Os
            stents foram construídos com a mesma plataforma metálica de aço inoxidável 316L e o
            mesmo sistema de liberação. O carreador de fármaco (espessura de 4 a 5 µm) para os dois
            SF consistiu de uma mistura de polímeros biodegradáveis, incluindo o poli(L-lactídeo),
            50/50 poli(D,L-lactídeo-co-glicolídeo), 71/25 poli(L-lactídeo-co-caprolactona) e
            polivinilpirrolidona. A matriz polimérica é biodegradada na forma de água e de dióxido
            de carbono. As duas formulações de SF liberam, aproximadamente, 50% do conteúdo do
            medicamento nos primeiros 9 a 11 dias, 90% em 38 dias, e 100% em 48 dias. Informações
            detalhadas sobre o protocolo podem ser obtidas em outra fonte. <xref ref-type="bibr" rid="B09">9</xref>
			</p>
			<p>Este estudo foi uma análise de um subgrupo de pacientes com alto risco de reestenose,
            definido como pacientes cujos vasos tratados tinham diâmetro de referência &#x2264; 2,5
            mm, ou lesão &#x2265; 15 mm de extensão, ou pacientes com diabetes ou qualquer
            combinação acima. O desfecho primário deste estudo foi definido como o desfecho
            combinado de morte cardíaca, infarto do miocárdio ou revascularização do vaso-alvo
            devido à isquemia. Outros eventos adversos, incluindo trombose do stent, de acordo com o
               <italic>Academic Research Consortium</italic> (ARC), também foram analisados.</p>
			<sec>
				<title>Análise estatística</title>
				<p>As variáveis categóricas foram apresentadas em números absolutos e porcentagens, e
               comparadas pelos testes qui quadrado ou exato de Fisher, quando apropriado. As
               variáveis contínuas foram apresentadas como médias e desvios padrão, e comparadas
               pelo teste <italic>t</italic>. A incidência de eventos adversos clínicos foi estimada
               pelo método de Kaplan-Meier e comparadas com o teste <italic>log-rank</italic>. Valor
               de <italic>p</italic> &lt; 0,05 foi considerado significativo. A análise estatística
               foi realizada utilizando o Stata, versão 12 (College Station, Estados Unidos).</p>
			</sec>
		</sec>
		<sec sec-type="results">
			<title>RESULTADOS</title>
			<p>A população total do estudo PAINT incluiu 274 pacientes, dos quais 178 (65%) tinham pelo
            menos uma das características para alto risco de reestenose. Esses pacientes foram
            alocados para receber SF-PB (n = 142) ou um SM (n = 36). O acompanhamento médio foi de
            4,6 ± 0,9 anos. As características clínicas, angiográficas e do procedimento (<xref ref-type="table" rid="t01">Tabela 1</xref>) foram similares entre os grupos.</p>
			<table-wrap id="t01">
				<label>TABELA 1</label>
				<caption>
					<title>Características clínicas e do procedimento</title>
				</caption>
				<table frame="hsides" rules="groups">
					<thead>
						<tr>
							<th>
								<bold>Variáveis</bold>
							</th>
							<th align="center">
								<bold>SF (n = 142)</bold>
							</th>
							<th align="center">
								<bold>SM (n = 36)</bold>
							</th>
							<th align="center">
								<bold>Valor de <italic>p</italic>
								</bold>
							</th>
						</tr>
					</thead>
					<tbody>
						<tr>
							<td>Idade, anos</td>
							<td align="center">60,4 &#x00B1; 9,5</td>
							<td align="center">57,8 &#x00B1; 10,2</td>
							<td align="center">0,85</td>
						</tr>
						<tr>
							<td>Sexo masculino, n (%)</td>
							<td align="center">87 (61,3)</td>
							<td align="center">23 (63,9)</td>
							<td align="center">0,08</td>
						</tr>
						<tr>
							<td>
								<italic>Diabetes melitlus</italic>, n (%)</td>
							<td align="center">69 (48,6)</td>
							<td align="center">15 (41,7)</td>
							<td align="center">0,46</td>
						</tr>
						<tr>
							<td>Tabagismo, n (%)</td>
							<td align="center">26 (18,3)</td>
							<td align="center">5 (13,9)</td>
							<td align="center">0,59</td>
						</tr>
						<tr>
							<td>Hipercolesterolemia, n (%)</td>
							<td align="center">108 (76,1)</td>
							<td align="center">29 (80,6)</td>
							<td align="center">0,57</td>
						</tr>
						<tr>
							<td>Hipertensão arterial, n (%)</td>
							<td align="center">124 (87,3)</td>
							<td align="center">33 (91,7)</td>
							<td align="center">0,47</td>
						</tr>
						<tr>
							<td>Infarto do miocárdio prévio, n (%)</td>
							<td align="center">38 (26,8)</td>
							<td align="center">12 (33,3)</td>
							<td align="center">0,43</td>
						</tr>
						<tr>
							<td>CRM prévia, n (%)</td>
							<td align="center">11 (7,8)</td>
							<td align="center">1 (2,8)</td>
							<td align="center">0,29</td>
						</tr>
						<tr>
							<td>ICP prévia, n (%)</td>
							<td align="center">22 (15,5)</td>
							<td align="center">7 (19,4)</td>
							<td align="center">0,57</td>
						</tr>
						<tr>
							<td>AVC prévio, n (%)</td>
							<td align="center">1 (1,4)</td>
							<td align="center">0</td>
							<td align="center">0,47</td>
						</tr>
						<tr>
							<td>Apresentação clínica, n (%)</td>
							<td align="center"/>
							<td align="center"/>
							<td align="center">0,61</td>
						</tr>
						<tr>
							<td>&#x00a0;&#x00a0;&#x00a0;&#x00a0;Isquemia silenciosa</td>
							<td align="center">6 (4,2)</td>
							<td align="center">3 (8,3)</td>
							<td align="center"/>
						</tr>
						<tr>
							<td>&#x00a0;&#x00a0;&#x00a0;&#x00a0;Angina estável</td>
							<td align="center">96 (67,6)</td>
							<td align="center">24 (66,7)</td>
							<td align="center"/>
						</tr>
						<tr>
							<td>&#x00a0;&#x00a0;&#x00a0;&#x00a0;Angina instável</td>
							<td align="center">34 (23,9)</td>
							<td align="center">7 (19,4)</td>
							<td align="center"/>
						</tr>
						<tr>
							<td>&#x00a0;&#x00a0;&#x00a0;&#x00a0;Infarto do miocárdio recente</td>
							<td align="center">6 (4,2)</td>
							<td align="center">2 (5,6)</td>
							<td align="center"/>
						</tr>
						<tr>
							<td>Vasos acometidos, n (%)</td>
							<td align="center"/>
							<td align="center"/>
							<td align="center">0,58</td>
						</tr>
						<tr>
							<td>&#x00a0;&#x00a0;&#x00a0;&#x00a0;1</td>
							<td align="center">87 (61,3)</td>
							<td align="center">18 (50,0)</td>
							<td align="center"/>
						</tr>
						<tr>
							<td>&#x00a0;&#x00a0;&#x00a0;&#x00a0;2</td>
							<td align="center">34 (23,9)</td>
							<td align="center">14 (38,9)</td>
							<td align="center"/>
						</tr>
						<tr>
							<td>&#x00a0;&#x00a0;&#x00a0;&#x00a0;3</td>
							<td align="center">21 (14,8)</td>
							<td align="center">4 (11,1)</td>
							<td align="center"/>
						</tr>
						<tr>
							<td>Vaso-alvo, n (%)</td>
							<td align="center"/>
							<td align="center"/>
							<td align="center">0,39</td>
						</tr>
						<tr>
							<td>&#x00a0;&#x00a0;&#x00a0;&#x00a0;Coronária direita</td>
							<td align="center">35 (24,6)</td>
							<td align="center">4 (11,1)</td>
							<td align="center"/>
						</tr>
						<tr>
							<td>&#x00a0;&#x00a0;&#x00a0;&#x00a0;Circunflexa</td>
							<td align="center">32 (22,5)</td>
							<td align="center">10 (27,8)</td>
							<td align="center"/>
						</tr>
						<tr>
							<td>&#x00a0;&#x00a0;&#x00a0;&#x00a0;Descendente anterior</td>
							<td align="center">75 (52,8)</td>
							<td align="center">22 (61,1)</td>
							<td align="center"/>
						</tr>
						<tr>
							<td>Diâmetro de referência, mm</td>
							<td align="center">2,5 &#x00B1; 0,54</td>
							<td align="center">2,6 &#x00B1; 0,49</td>
							<td align="center">0,68</td>
						</tr>
						<tr>
							<td>Extensão da lesão, mm</td>
							<td align="center">13,6 &#x00B1; 5,7</td>
							<td align="center">13,7 &#x00B1; 4,9</td>
							<td align="center">0,69</td>
						</tr>
						<tr>
							<td>&gt; 1 stent implantado</td>
							<td align="center">4 (2,8)</td>
							<td align="center">2 (5,6)</td>
							<td align="center">0,42</td>
						</tr>
						<tr>
							<td>Diâmetro do stent, mm</td>
							<td align="center">3,0 &#x00B1; 0,3</td>
							<td align="center">3,0 &#x00B1; 0,4</td>
							<td align="center">0,85</td>
						</tr>
						<tr>
							<td>Extensão total do stent, mm</td>
							<td align="center">22,6 &#x00B1; 5,0</td>
							<td align="center">23,2 &#x00B1; 5,1</td>
							<td align="center">0,40</td>
						</tr>
						<tr>
							<td>Implante direto do stent, n (%)</td>
							<td align="center"/>
							<td align="center"/>
							<td align="center">0,23</td>
						</tr>
						<tr>
							<td>&#x00a0;&#x00a0;&#x00a0;&#x00a0;Com sucesso</td>
							<td align="center">73 (51,4)</td>
							<td align="center">24 (66,7)</td>
							<td align="center"/>
						</tr>
						<tr>
							<td>&#x00a0;&#x00a0;&#x00a0;&#x00a0;Sem sucesso</td>
							<td align="center">10 (7,0)</td>
							<td align="center">1 (2,8)</td>
							<td align="center"/>
						</tr>
						<tr>
							<td>&#x00a0;&#x00a0;&#x00a0;&#x00a0;Não realizado</td>
							<td align="center">59 (41,6)</td>
							<td align="center">11 (30,6)</td>
							<td align="center"/>
						</tr>
					</tbody>
				</table>
				<table-wrap-foot>
					<fn>
						<p>SF: stent farmacológico; SM: stent metálico; CRM: cirurgia de revascularização
                     do miocárdio; ICP: intervenção coronária percutânea; AVC: acidente vascular
                     cerebral.</p>
					</fn>
				</table-wrap-foot>
			</table-wrap>
			<p>Os diâmetros angiográficos pré e logo após o procedimento não mostraram diferenças entre
            os grupos (<xref ref-type="table" rid="t02">Tabela 2</xref>). No acompanhamento
            angiográfico de 9 meses, os SF-PB mostraram maior diâmetro luminal mínimo (1,9 ± 0,5 mm
            vs. 1,4 ± 0,65 mm; <italic>p</italic> &lt; 0,01), menor perda tardia (0,40 ± 0,42 mm vs.
            0,90 ± 0,47 mm; <italic>p</italic> &lt; 0,01) e menor reestenose binária (7,4% vs. 25%;
               <italic>p</italic> &lt; 0,01) em comparação aos SM.</p>
			<table-wrap id="t02">
				<label>TABELA 2</label>
				<caption>
					<title>Angiografia coronária quantitativa</title>
				</caption>
				<table frame="hsides" rules="groups">
					<thead>
						<tr>
							<th>
								<bold>Variáveis</bold>
							</th>
							<th align="center">
								<bold>SF-PB (n = 142)</bold>
							</th>
							<th align="center">
								<bold>SM (n = 36)</bold>
							</th>
							<th align="center">
								<bold>Valor de <italic>p</italic>
								</bold>
							</th>
						</tr>
					</thead>
					<tbody>
						<tr>
							<td>Pré-procedimento</td>
							<td colspan="3" align="center"/>
						</tr>
						<tr>
							<td>&#x00a0;&#x00a0;&#x00a0;&#x00a0;Diâmetro de referência, mm</td>
							<td align="center">2,60 &#x00B1; 0,49</td>
							<td align="center">2,50 &#x00B1; 0,54</td>
							<td align="center">0,68</td>
						</tr>
						<tr>
							<td>&#x00a0;&#x00a0;&#x00a0;&#x00a0;Diâmetro luminal mínimo, mm</td>
							<td align="center">1,10 &#x00B1; 0,24</td>
							<td align="center">1,10 &#x00B1; 0,24</td>
							<td align="center">0,66</td>
						</tr>
						<tr>
							<td>Pós-procedimento</td>
							<td>&#x00a0;</td>
							<td>&#x00a0;</td>
							<td>&#x00a0;</td>
						</tr>
						<tr>
							<td>&#x00a0;&#x00a0;&#x00a0;&#x00a0;Diâmetro luminal mínimo, mm</td>
							<td align="center">2,30 &#x00B1; 0,35</td>
							<td align="center">2,30 &#x00B1; 0,42</td>
							<td align="center">0,96</td>
						</tr>
						<tr>
							<td>Seguimento tardio (9 meses)</td>
							<td>&#x00a0;</td>
							<td>&#x00a0;</td>
							<td>&#x00a0;</td>
						</tr>
						<tr>
							<td>&#x00a0;&#x00a0;&#x00a0;&#x00a0;Diâmetro luminal mínimo, mm</td>
							<td align="center">1,90 &#x00B1; 0,50</td>
							<td align="center">1,40 &#x00B1; 0,65</td>
							<td align="center">&lt; 0,01</td>
						</tr>
						<tr>
							<td>&#x00a0;&#x00a0;&#x00a0;&#x00a0;Diâmetro da estenose, %</td>
							<td align="center">25,5 &#x00B1; 14,5</td>
							<td align="center">42,2 &#x00B1; 23,1</td>
							<td align="center">&lt; 0,01</td>
						</tr>
						<tr>
							<td>&#x00a0;&#x00a0;&#x00a0;&#x00a0;Perda tardia, mm</td>
							<td align="center">0,40 &#x00B1; 0,42</td>
							<td align="center">0,90 &#x00B1; 0,47</td>
							<td align="center">&lt; 0,01</td>
						</tr>
						<tr>
							<td>&#x00a0;&#x00a0;&#x00a0;&#x00a0;Ganho líquido, mm</td>
							<td align="center">0,90 &#x00B1; 0,51</td>
							<td align="center">0,30 &#x00B1; 0,60</td>
							<td align="center">&lt; 0,01</td>
						</tr>
						<tr>
							<td>&#x00a0;&#x00a0;&#x00a0;&#x00a0;Reestenose binária, %</td>
							<td align="center">7,4</td>
							<td align="center">25</td>
							<td align="center">&lt; 0,01</td>
						</tr>
					</tbody>
				</table>
				<table-wrap-foot>
					<fn>
						<p>SF-PB: stent farmacológico com polímeros biodegradáveis; SM: stent
                     metálico.</p>
					</fn>
				</table-wrap-foot>
			</table-wrap>
			<p>A figura apresenta os eventos cumulativos em 5 anos de acompanhamento clínico. O grupo
            com SF-PB mostrou menores taxas do desfecho combinado de morte cardíaca, infarto do
            miocárdio e revascularização do vaso-alvo (16,2% vs. 38,9%; <italic>p</italic> &lt;
            0,01), à custa de menores taxas de revascularização do vaso-alvo (9,9% vs. 36,1%;
               <italic>p</italic> &lt; 0,01). Não houve diferença na taxas de morte cardíaca e
            infarto do miocárdio entre os grupos. Também não houve diferença na incidência de
            trombose do stent provável ou definitiva (2,8% vs. 0%; <italic>p</italic> = 0,30) (<xref ref-type="table" rid="t03">Tabela 3</xref>).</p>
			<fig id="f01">
				<label>Figura</label>
				<caption>
					<title>Curvas de Kaplan-Meier para eventos cardíacos adversos maiores (A),
                  revascularização do vaso-alvo (B) e trombose de stent (C). SM: stent metálico;
                  SF-PB: stents farmacológicos com polímeros biodegradáveis.</title>
				</caption>
				<graphic xlink:href="http://localhost:5555/assets/images/0104-1843-rbci-22-04-0390-gf03-en.jpg"/>
			</fig>
			<table-wrap id="t03">
				<label>TABELA 3</label>
				<caption>
					<title>Eventos clínicos em 5 anos de acompanhamento</title>
				</caption>
				<table frame="hsides" rules="groups">
					<thead>
						<tr>
							<th>
								<bold>Desfechos</bold>
							</th>
							<th align="center">
								<bold>SF-PB (n = 142)</bold>
							</th>
							<th align="center">
								<bold>SM (n = 36)</bold>
							</th>
							<th align="center">
								<bold>Valor de <italic>p</italic>
								</bold>
							</th>
						</tr>
					</thead>
					<tbody>
						<tr>
							<td>Morte, n (%)</td>
							<td align="center">17 (12,0)</td>
							<td align="center">1 (2,8)</td>
							<td align="center">0,10</td>
						</tr>
						<tr>
							<td>&#x00a0;&#x00a0;&#x00a0;&#x00a0;Cardíaca</td>
							<td align="center">7 (4,9)</td>
							<td align="center">0</td>
							<td align="center"/>
						</tr>
						<tr>
							<td>&#x00a0;&#x00a0;&#x00a0;&#x00a0;Não cardíaca</td>
							<td align="center">10 (7,0)</td>
							<td align="center">1 (2,8)</td>
							<td align="center"/>
						</tr>
						<tr>
							<td>Infarto do miocárdio, n (%)</td>
							<td align="center">15 (10,6)</td>
							<td align="center">4 (11,1)</td>
							<td align="center">0,92</td>
						</tr>
						<tr>
							<td>&#x00a0;&#x00a0;&#x00a0;&#x00a0;Onda Q</td>
							<td align="center">9 (6,3)</td>
							<td align="center">1 (2,8)</td>
							<td align="center"/>
						</tr>
						<tr>
							<td>&#x00a0;&#x00a0;&#x00a0;&#x00a0;Sem onda Q</td>
							<td align="center">6 (4,2)</td>
							<td align="center">3 (8,3)</td>
							<td align="center"/>
						</tr>
						<tr>
							<td>Revascularização da lesão-alvo, n (%)</td>
							<td align="center">10 (7,0)</td>
							<td align="center">13 (36,1)</td>
							<td align="center">&lt; 0,01</td>
						</tr>
						<tr>
							<td>&#x00a0;&#x00a0;&#x00a0;&#x00a0;Cirúrgica</td>
							<td align="center">0</td>
							<td align="center">2 (5,6)</td>
							<td align="center"/>
						</tr>
						<tr>
							<td>&#x00a0;&#x00a0;&#x00a0;&#x00a0;Percutânea</td>
							<td align="center">10 (7,0)</td>
							<td align="center">11 (30,6)</td>
							<td align="center"/>
						</tr>
						<tr>
							<td>Revascularização do vaso-alvo, n (%)</td>
							<td align="center">14 (9,9)</td>
							<td align="center">13 (36,1)</td>
							<td align="center">&lt; 0,01</td>
						</tr>
						<tr>
							<td>&#x00a0;&#x00a0;&#x00a0;&#x00a0;Cirúrgica</td>
							<td align="center">1 (0,7)</td>
							<td align="center">2 (5,6)</td>
							<td align="center"/>
						</tr>
						<tr>
							<td>&#x00a0;&#x00a0;&#x00a0;&#x00a0;Percutânea</td>
							<td align="center">13 (9,2)</td>
							<td align="center">11 (30,6)</td>
							<td align="center"/>
						</tr>
						<tr>
							<td>ECAM, n (%)</td>
							<td align="center">23 (16,2)</td>
							<td align="center">14 (38,9)</td>
							<td align="center">&lt; 0,01</td>
						</tr>
						<tr>
							<td>Trombose do stent, n (%)</td>
							<td colspan="3" align="center"/>
						</tr>
						<tr>
							<td>&#x00a0;&#x00a0;&#x00a0;&#x00a0;Definitiva</td>
							<td align="center">3 (2,1)</td>
							<td align="center">0</td>
							<td align="center">0,37</td>
						</tr>
						<tr>
							<td>&#x00a0;&#x00a0;&#x00a0;&#x00a0;Provável</td>
							<td align="center">1 (0,7)</td>
							<td align="center">0</td>
							<td align="center">0,61</td>
						</tr>
						<tr>
							<td>&#x00a0;&#x00a0;&#x00a0;&#x00a0;Possível</td>
							<td align="center">3 (2,1)</td>
							<td align="center">0</td>
							<td align="center">0,37</td>
						</tr>
						<tr>
							<td>&#x00a0;&#x00a0;&#x00a0;&#x00a0;Definitiva ou provável</td>
							<td align="center">4 (2,8)</td>
							<td align="center">0</td>
							<td align="center">0,30</td>
						</tr>
						<tr>
							<td>&#x00a0;&#x00a0;&#x00a0;&#x00a0;Definitiva, provável ou possível</td>
							<td align="center">7 (4,9)</td>
							<td align="center">0</td>
							<td align="center">0,17</td>
						</tr>
					</tbody>
				</table>
				<table-wrap-foot>
					<fn>
						<p>SF-PB: stent farmacológico com polímeros biodegradáveis; SM: stent metálico;
                     ECAM: eventos cardíacos adversos maiores.</p>
					</fn>
				</table-wrap-foot>
			</table-wrap>
		</sec>
		<sec sec-type="discussion">
			<title>DISCUSSÃO</title>
			<p>O uso de SF-PB em comparação com SM de mesma plataforma foi eficaz na redução de
            reestenose angiográfica no acompanhamento de 9 meses e na incidência de eventos
            cardíacos adversos maiores no acompanhamento de 5 anos em uma população de alto risco
            para reestenose. O benefício de longo prazo foi obtido pela redução da necessidade de
            revascularização do vaso-alvo, traduzido em menor reestenose clínica. Além disso, os
            SF-PB demonstraram ser seguros, sem diferença na ocorrência de trombose do stent,
            definida pelo ARC, comparados aos SM.</p>
			<p>Os SF demonstraram reduzir a taxa de reestenose,<xref ref-type="bibr" rid="B02">2</xref>
            com algumas questões remanescentes relacionadas à segurança, particularmente a
            incidência de trombose tardia e muito tardia. <xref ref-type="bibr" rid="B07">7</xref>
				<sup>,</sup>
				<xref ref-type="bibr" rid="B08">8</xref>
				<sup>,</sup>
				<xref ref-type="bibr" rid="B12">12</xref> Os SF-PB foram desenvolvidos para reduzir esse
            problema, facilitando a reendotelização das hastes do stent, tornando-o semelhante a um
            SM, após a liberação de fármaco, e com menor tendência à trombose do stent. Outra
            condição observada em alguns estudos no acompanhamento de longo prazo é o fenômeno
               <italic>catchup</italic>, uma redução tardia na área luminal do stent, que poderia
            ser causada por uma resposta inflamatória produzida pelo polímero do stent. <xref ref-type="bibr" rid="B13">13</xref>
				<sup>,</sup>
				<xref ref-type="bibr" rid="B14">14</xref> Esse problema poderia ser reduzido, teoricamente, pelo uso de polímeros
            biodegradáveis.</p>
			<p>Faltam informações sobre a eficácia e a segurança de muito longo prazo desses
            dispositivos, especialmente no subgrupo de pacientes com alto risco de reestenose, ou
            seja, o subgrupo de maior benefício teórico dessa estratégia. Por um lado, diabetes,
            vasos de fino calibre e lesões longas aumentam a ocorrência de reestenose, complicação
            esta que o SF, em geral, demonstrou reduzir;<xref ref-type="bibr" rid="B03">3</xref>
				<sup>-</sup>
				<xref ref-type="bibr" rid="B05">5</xref> mas, por outro lado,
            essas características também são descritas como preditores de trombose de stent, o que
            vem a ser uma preocupação para o uso de SF. <xref ref-type="bibr" rid="B15">15</xref>
            Este estudo demonstrou a eficácia dos SF-PB na redução de reestenose angiográfica aos 9
            meses e a redução de eventos clínicos, em comparação com o SM, no acompanhamento clínico
            de longo prazo, sem aumento significativo de trombose do stent provável ou definitiva,
            de acordo com o ARC.</p>
			<p>Recente metanálise com 258.544 paciente-anos de acompanhamento comparou vários tipos de
            SF com polímeros duráveis com os SF-PB e observou que os stents eluidores de sirolimus
            com polímeros biodegradáveis foram superiores à primeira geração de stents eluidores de
            paclitaxel (risco relativo - RR de 0,66; intervalo de confiança de 95% - IC 95% de
            0,57-0,78) e ao stent Endeavor<sup>®</sup> eluidor de zotarolimus (RR: 0,69; IC 95%:
            0,56-0,84), mas não aos SF com polímero durável de nova geração (por exemplo: RR: 1,03;
            IC 95%: 0,89-1,21 vs. stents eluidores de everolimus com plataforma de cromo-cobalto).
            Entretanto, em relação à trombose do stent, os SF-PB foram superiores aos farmacológicos
            eluidores de sirolimus para trombose definitiva do stent (RR: 0,29; IC 95%: 0,10-0,92),
            mas estiveram associados a maior mortalidade em comparação aos stents eluidores de
            everolimus com polímero durável de cromo-cobalto de nova geração (RR: 1,52; IC 95%:
            1,02-2,22). <xref ref-type="bibr" rid="B16">16</xref> Nenhum desses estudos, porém, foi
            desenhado especificamente para pacientes com alto risco de reestenose.</p>
		</sec>
		<sec sec-type="conclusions">
			<title>CONCLUSÕES</title>
			<p>O presente estudo sustentou evidências de que os stents farmacológcos com polímeros
            biodegradáveis são eficazes na redução de reestenose sem aumentar o risco de trombose do
            stent no acompanhamento de longo prazo, em comparação com stents metálicos de mesma
            plataforma, em uma população de alto risco para reestenose.</p>
		</sec>
	</body>
	<back>
		<fn-group>
			<fn fn-type="financial-disclosure">
				<p>
					<bold>FONTE DE FINANCIAMENTO</bold>
				</p>
				<p>Não há.</p>
			</fn>
		</fn-group>
		<ref-list>
			<title>REFERÊNCIAS</title>
			<ref id="B01">
				<element-citation publication-type="journal">
					<person-group person-group-type="author">
						<name>
							<surname>Kastrati</surname>
							<given-names>A</given-names>
						</name>
						<name>
							<surname>Mehilli</surname>
							<given-names>J</given-names>
						</name>
						<name>
							<surname>Pache</surname>
							<given-names>J</given-names>
						</name>
						<name>
							<surname>Kaiser</surname>
							<given-names>C</given-names>
						</name>
						<name>
							<surname>Valgimigli</surname>
							<given-names>M</given-names>
						</name>
						<name>
							<surname>Kelbaek</surname>
							<given-names>H</given-names>
						</name>
						<etal/>
					</person-group>
					<article-title>Analysis of 14 trials comparing sirolimus-eluting stents with
                  bare-metal stents</article-title>
					<source>Engl J Med</source>
					<year>2007</year>
					<volume>356</volume>
					<issue>10</issue>
					<fpage>1030</fpage>
					<lpage>1039</lpage>
				</element-citation>
			</ref>
		</ref-list>
	</back>
	<sub-article article-type="translation" id="SA1" xml:lang="en">
		<front-stub>
			<title-group>
				<article-title>Angiographic and 5-Year Clinical Follow-Up After Implantation of
               Drug-Eluting Stents with Biodegradable Coating in Patients at High Risk of
               Restenosis: The PAINT Randomized Trial</article-title>
			</title-group>
			<contrib-group>
				<contrib contrib-type="author">
					<name>
						<surname>Gomes</surname>
						<given-names>Wilton Francisco</given-names>
					</name>
					<xref ref-type="aff" rid="aff12">1</xref>
				</contrib>
				<contrib contrib-type="author">
					<name>
						<surname>Marchini</surname>
						<given-names>Julio F.</given-names>
					</name>
					<xref ref-type="aff" rid="aff12">1</xref>
				</contrib>
				<contrib contrib-type="author">
					<name>
						<surname>Moulin</surname>
						<given-names>Bruno</given-names>
					</name>
					<xref ref-type="aff" rid="aff13">2</xref>
				</contrib>
				<contrib contrib-type="author">
					<name>
						<surname>Perin</surname>
						<given-names>Marco A.</given-names>
					</name>
					<xref ref-type="aff" rid="aff14">3</xref>
				</contrib>
				<contrib contrib-type="author">
					<name>
						<surname>Oliveira</surname>
						<given-names>Ludmilla A.R.R.</given-names>
					</name>
					<xref ref-type="aff" rid="aff15">4</xref>
				</contrib>
				<contrib contrib-type="author">
					<name>
						<surname>Arruda</surname>
						<given-names>J. Airton</given-names>
					</name>
					<xref ref-type="aff" rid="aff16">5</xref>
				</contrib>
				<contrib contrib-type="author">
					<name>
						<surname>Lima</surname>
						<given-names>Valter C.</given-names>
					</name>
					<xref ref-type="aff" rid="aff17">6</xref>
				</contrib>
				<contrib contrib-type="author">
					<name>
						<surname>Lima</surname>
						<given-names>Antonio A.G.</given-names>
					</name>
					<xref ref-type="aff" rid="aff18">7</xref>
				</contrib>
				<contrib contrib-type="author">
					<name>
						<surname>Caramori</surname>
						<given-names>Paulo R.A.</given-names>
					</name>
					<xref ref-type="aff" rid="aff19">8</xref>
				</contrib>
				<contrib contrib-type="author">
					<name>
						<surname>Medeiros</surname>
						<given-names>Cesar R.</given-names>
					</name>
					<xref ref-type="aff" rid="aff20">9</xref>
				</contrib>
				<contrib contrib-type="author">
					<name>
						<surname>Barbosa</surname>
						<given-names>Mauricio R.</given-names>
					</name>
					<xref ref-type="aff" rid="aff21">10</xref>
				</contrib>
				<contrib contrib-type="author">
					<name>
						<surname>Brito Jr.</surname>
						<given-names>Fabio S.</given-names>
					</name>
					<xref ref-type="aff" rid="aff22">11</xref>
				</contrib>
				<contrib contrib-type="author">
					<name>
						<surname>Ribeiro</surname>
						<given-names>Expedito E.</given-names>
					</name>
					<xref ref-type="aff" rid="aff12">1</xref>
				</contrib>
				<contrib contrib-type="author">
					<name>
						<surname>Lemos</surname>
						<given-names>Pedro A.</given-names>
					</name>
					<xref ref-type="aff" rid="aff12">1</xref>
					<xref ref-type="corresp" rid="c02"/>
				</contrib>
			</contrib-group>
			<aff id="aff12">
				<label>1</label>
				<institution content-type="original">Instituto do Coração, Hospital das Clínicas,
               Universidade de São Paulo, São Paulo, SP, Brazil.</institution>
			</aff>
			<aff id="aff13">
				<label>2</label>
				<institution content-type="original">Hospital Universitário Cassiano Antonio de Moraes,
               Vitória, ES, Brazil.</institution>
			</aff>
			<aff id="aff14">
				<label>3</label>
				<institution content-type="original">Hospital Santa Marcelina, São Paulo, SP,
               Brazil.</institution>
			</aff>
			<aff id="aff15">
				<label>4</label>
				<institution content-type="original">Natal Hospital Center, Natal, RN,
               Brazil.</institution>
			</aff>
			<aff id="aff16">
				<label>5</label>
				<institution content-type="original">Hospital Meridional, Vitória, ES,
               Brazil.</institution>
			</aff>
			<aff id="aff17">
				<label>6</label>
				<institution content-type="original">Escola Paulista de Medicina, Universidade Federal
               de São Paulo, São Paulo, SP, Brazil.</institution>
				<institution content-type="normalized">Universidade Federal de São Paulo</institution>
			</aff>
			<aff id="aff18">
				<label>7</label>
				<institution content-type="original">Hospital Universitário Walter Cantídio, Fortaleza,
               CE, Brazil.</institution>
			</aff>
			<aff id="aff19">
				<label>8</label>
				<institution content-type="original">Hospital São Lucas, Pontifícia Universidade
               Católica do Rio Grande do Sul, Porto Alegre, RS, Brazil.</institution>
			</aff>
			<aff id="aff20">
				<label>9</label>
				<institution content-type="original">Rede D’Or de Hospitais, Rio de Janeiro, RJ,
               Brazil.</institution>
			</aff>
			<aff id="aff21">
				<label>10</label>
				<institution content-type="original">Hospital Biocor, Belo Horizonte, MG,
               Brazil.</institution>
			</aff>
			<aff id="aff22">
				<label>11</label>
				<institution content-type="original">Hospital São Camilo, São Paulo, SP,
               Brazil.</institution>
			</aff>
			<author-notes>
				<corresp id="c02">
					<bold>Corresponding Author:</bold> Pedro A. Lemos. Avenida Dr. Enéas
               de Carvalho Aguiar, 44, bloco I, 3º andar, Hemodinâmica - Cerqueira César - CEP:
               05403-000 - São Paulo (SP), Brazil E-mail:
               <email>pedro.lemos@incor.usp.br</email>
				</corresp>
				<fn fn-type="conflict">
					<p>
						<bold>CONFLICTS OF INTEREST</bold>
					</p>
					<p>The authors declare no conflicts of interest.</p>
				</fn>
			</author-notes>
			<abstract>
				<sec>
					<title>Background:</title>
					<p>Biodegradable polymers were developed to reduce the hypersensitivity reaction
                  associated to durable polymers found with the first generation drug-eluting
                  stents, while maintaining antiproliferative efficacy and increasing safety. This
                  study evaluated the 9-month angiographic follow-up and long-term clinical outcomes
                  of biodegradable polymer-coated drug-eluting stents compared with identical
                  platform metallic stents in patients with high-risk for restenosis.</p>
				</sec>
				<sec>
					<title>Methods:</title>
					<p>Patients with a reference diameter &#x2264; 2.5 mm, lesion length &#x2265; 15 mm,
                  diabetes, or a combination of these characteristics were selected from the
                  population of the PAINT trial. These patients were previously randomized and
                  allocated for percutaneous coronary intervention with either a sirolimus-eluting
                  biodegradable polymer-coated stent, a paclitaxel-eluting biodegradable
                  polymer-coated stent, or an identical metallic platform stent, at a ratio of
                  2:2:1.</p>
				</sec>
				<sec>
					<title>Results:</title>
					<p>One hundred and seventy-eight patients were treated with biodegradable
                  polymer-coated drug-eluting stents (n = 142) or bare metal stents (n = 36). At the
                  9-month angiographic follow-up, biodegradable polymercoated drug-eluting stents
                  had lower rates of late loss (0.40 ± 0.42 mm vs. 0.90 ± 0.47 mm;
                     <italic>p</italic> &lt; 0.01) and binary restenosis (7.4% vs. 25%;
                     <italic>p</italic> &lt;0.01). In the 5-year clinical follow-up, the group with
                  biodegradable polymer-coated drug-eluting stents had lower rates of the composite
                  endpoint of cardiac death, myocardial infarction, and target vessel
                  revascularization (16.2% vs. 38.0%; <italic>p</italic> = 0.03), especially due to
                  the reduction of target vessel revascularization (9.9% vs. 36.1%;
                     (<italic>p</italic> 0.01). Total death, cardiac death and myocardial infarction
                  were not different among groups. 0% (<italic>p</italic> = 0.30).</p>
				</sec>
				<sec>
					<title>Conclusions:</title>
					<p>Paclitaxel or sirolimus-eluting biodegradable polymer-coated stents were effective
                  in reducing angiographic restenosis at 9 months and the need of reintervention for
                  clinical restenosis in 5 years, without increasing the risk of stent
                  thrombosis.</p>
				</sec>
			</abstract>
			<kwd-group xml:lang="en">
				<kwd>Drug-eluting stents</kwd>
				<kwd>Polymers</kwd>
				<kwd>Coronary restenosis</kwd>
				<kwd>Coronary thrombosis</kwd>
			</kwd-group>
		</front-stub>
		<body>
			<p>Drug-eluting stents (DES) have emerged as a strategy for increasing the effectiveness of
            percutaneous coronary intervention, reducing restenosis and therefore the need for
            repeat revascularization, compared to bare metal stents (BMS). <xref ref-type="bibr" rid="B01">1</xref>
				<sup>,</sup>
				<xref ref-type="bibr" rid="B02">2</xref> This is
            particularly important in the subgroup of patients with higher risk of restenosis, such
            as diabetics, patients with small-caliber vessels, and patients with extensive lesions.
               <xref ref-type="bibr" rid="B03">3</xref>
				<sup>-</sup>
				<xref ref-type="bibr" rid="B06">6</xref> The greatest risk of restenosis, in general, is also associated with a
            greater risk of stent thrombosis. Durable polymers have been implicated in this
            phenomenon, at least in part, since evidence suggests that the continued presence of the
            polymer stimulates a hypersensitivity reaction. <xref ref-type="bibr" rid="B07">7</xref>
				<sup>,</sup>
				<xref ref-type="bibr" rid="B08">8</xref> Biodegradable polymers
            have been developed to reduce the inflammatory response, by accelerating arterial
            healing and allowing for a complete re-endothelialization of stent struts.</p>
			<p>Data from long-term clinical follow-up of biodegradable-polymer drug-eluting stents
            (BP-DES) are still limited. Moreover, comparisons of these devices have been performed
            among different stents, such that the results cannot be explained only by different
            polymers or drugs, but also by the variable metallic platforms used.</p>
			<p>The PercutAneous INTervention with biodegradable-polymer based paclitaxel-eluting or
            sirolimus-eluting versus bare stents for <italic>de novo</italic> coronary lesions
            (PAINT) study, which uses the same metallic platform for DES and BMS, allows for a
            specific comparison, by evaluating the presence of the polymer and the different drugs.
            This study aimed to analyze the angiographic results at 9 months and clinical outcomes
            at 5 years of BP-DES, compared to BMS with identical platform, in patients at high risk
            of restenosis.</p>
			<sec sec-type="methods">
				<title>METHODS</title>
				<p>The primary outcome and the 3-year results of PAINT study were previously published.
                  <xref ref-type="bibr" rid="B09">9</xref>
					<sup>-</sup>
					<xref ref-type="bibr" rid="B11">11</xref> In summary, PAINT is a randomized study which allocated
               patients to coronary intervention in <italic>de novo</italic> lesions to receive: (1)
                  Infinium<sup>®</sup> paclitaxel-eluting stent; (2) Supralimus<sup>®</sup>
               sirolimus-eluting stent; or (3) SM Millennium Matrix<sup>®</sup> (all manufactured by
               Sahajanand Medical Technologies Pvt. Ltd. - Surat, India) at a ratio of 2:2:1,
               respectively. Stents were manufactured with the same metal platform of 316L stainless
               steel and the same delivery system. The drug carrier (thickness: 4-5 µm) for the two
               DES used consisted of a mixture of biodegradable polymers, including poly(L-lactide)
               50/50 poly(D,L-lactide-coglycolide), 71/25 poly(L-lactide-co-caprolactone), and
               polyvinylpyrrolidone. The polymeric matrix is biodegraded into water and carbon
               dioxide. The two DES formulations release approximately 50% of the drug content in
               the first 9 to 11 days, 90% in 38 days, and 100% at 48 days. Detailed information
               about the protocol can be obtained from another source. <xref ref-type="bibr" rid="B09">9</xref>
				</p>
				<p>This study is an analysis of a subgroup of patients at high risk of restenosis,
               defined as patients whose treated vessels had a reference diameter ≤ 2.5 mm, or with
               an injury ≥ 15 mm in length; or patients with diabetes or any combination of the
               above. The primary endpoint of this study was defined as the combined endpoint of
               cardiac death, myocardial infarction, or target vessel revascularization due to
               ischemia. Other adverse events, including stent thrombosis, according to the Academic
               Research Consortium (ARC), were also analyzed.</p>
				<sec>
					<title>Statistical analysis</title>
					<p>Categorical variables were expressed as absolute numbers and percentages, and
                  compared by chi-squared test or Fisher's exact test, as appropriate. Continuous
                  variables were presented as means and standard deviations, and compared by
                  Student's <italic>t</italic>-test. The incidence of clinical adverse events was
                  estimated by Kaplan-Meier method and compared with log-rank test. <italic>P
                     values</italic> &lt; 0.05 were considered significant. In the statistical
                  analysis, Stata v. 12 (College Station, United States) was used.</p>
				</sec>
			</sec>
			<sec sec-type="results">
				<title>RESULTS</title>
				<p>The PAINT study total population included 274 patients, of whom 178 (65%) had at
               least one of the features implying high risk of restenosis. These patients were
               allocated to receive BP-DES (n = 142) or BMS (n = 36). The mean follow-up was 4.6 ±
               0.9 years. The clinical, angiographic, and procedural characteristics (<xref ref-type="table" rid="t04">Table 1</xref>) were similar between groups.</p>
				<table-wrap id="t04">
					<label>TABLE 1</label>
					<caption>
						<title>Clinical and procedural characteristics</title>
					</caption>
					<table frame="hsides" rules="groups">
						<thead>
							<tr>
								<th>
									<bold>Variables</bold>
								</th>
								<th align="center">
									<bold>(n = 142)</bold>
								</th>
								<th align="center">
									<bold>(n = 36)</bold>
								</th>
								<th align="center">
									<bold>
										<italic>p value</italic>
									</bold>
								</th>
							</tr>
						</thead>
						<tbody>
							<tr>
								<td>Age, years</td>
								<td align="center">60.4 ± 9.5</td>
								<td align="center">57.8 ± 10.2</td>
								<td align="center">0.85</td>
							</tr>
							<tr>
								<td>Male gender, n (%)</td>
								<td align="center">87 (61.3)</td>
								<td align="center">23 (63.9)</td>
								<td align="center">0.08</td>
							</tr>
							<tr>
								<td>
									<italic>Diabetes mellitus</italic>, n (%)</td>
								<td align="center">69 (48.6)</td>
								<td align="center">15 (41.7)</td>
								<td align="center">0.46</td>
							</tr>
							<tr>
								<td>Smoking, n (%)</td>
								<td align="center">26 (18.3)</td>
								<td align="center">5 (13.9)</td>
								<td align="center">0.59</td>
							</tr>
							<tr>
								<td>Hypercholesterolemia, n (%)</td>
								<td align="center">108 (76.1)</td>
								<td align="center">29 (80.6)</td>
								<td align="center">0.57</td>
							</tr>
							<tr>
								<td>Hypertension, n (%)</td>
								<td align="center">124 (87.3)</td>
								<td align="center">33 (91.7)</td>
								<td align="center">0.47</td>
							</tr>
							<tr>
								<td>Previous myocardial infarction, n (%)</td>
								<td align="center">38 (26.8)</td>
								<td align="center">12 (33.3)</td>
								<td align="center">0.43</td>
							</tr>
							<tr>
								<td>Prior CABG, n (%)</td>
								<td align="center">11 (7.8)</td>
								<td align="center">1 (2.8)</td>
								<td align="center">0.29</td>
							</tr>
							<tr>
								<td>Prior PCI, n (%)</td>
								<td align="center">22 (15.5)</td>
								<td align="center">7 (19.4)</td>
								<td align="center">0.57</td>
							</tr>
							<tr>
								<td>Previous stroke, n (%)</td>
								<td align="center">1 (1.4)</td>
								<td align="center">0</td>
								<td align="center">0.47</td>
							</tr>
							<tr>
								<td>Clinical presentation, n (%)</td>
								<td align="center"/>
								<td align="center"/>
								<td align="center">0.61</td>
							</tr>
							<tr>
								<td>&#x00a0;&#x00a0;&#x00a0;&#x00a0;Silent ischemia</td>
								<td align="center">6 (4.2)</td>
								<td align="center">3 (8.3)</td>
								<td align="center"/>
							</tr>
							<tr>
								<td>&#x00a0;&#x00a0;&#x00a0;&#x00a0;Stable angina</td>
								<td align="center">96 (67.6)</td>
								<td align="center">24 (66.7)</td>
								<td align="center"/>
							</tr>
							<tr>
								<td>&#x00a0;&#x00a0;&#x00a0;&#x00a0;Unstable angina</td>
								<td align="center">34 (23.9)</td>
								<td align="center">7 (19.4)</td>
								<td align="center"/>
							</tr>
							<tr>
								<td>&#x00a0;&#x00a0;&#x00a0;&#x00a0;Recent myocardial infarction</td>
								<td align="center">6 (4.2)</td>
								<td align="center">2 (5.6)</td>
								<td align="center"/>
							</tr>
							<tr>
								<td>Affected vessels, n (%)</td>
								<td align="center"/>
								<td align="center"/>
								<td align="center">0.58</td>
							</tr>
							<tr>
								<td>&#x00a0;&#x00a0;&#x00a0;&#x00a0;1</td>
								<td align="center">87 (61.3)</td>
								<td align="center">18 (50.0)</td>
								<td align="center"/>
							</tr>
							<tr>
								<td>&#x00a0;&#x00a0;&#x00a0;&#x00a0;2</td>
								<td align="center">34 (23.9)</td>
								<td align="center">14 (38.9)</td>
								<td align="center"/>
							</tr>
							<tr>
								<td>&#x00a0;&#x00a0;&#x00a0;&#x00a0;3</td>
								<td align="center">21 (14.8)</td>
								<td align="center">4 (11.1)</td>
								<td align="center"/>
							</tr>
							<tr>
								<td>Target vessel, n (%)</td>
								<td align="center"/>
								<td align="center"/>
								<td align="center">0.39</td>
							</tr>
							<tr>
								<td>&#x00a0;&#x00a0;&#x00a0;&#x00a0;Right coronary</td>
								<td align="center">35 (24.6)</td>
								<td align="center">4 (11.1)</td>
								<td align="center"/>
							</tr>
							<tr>
								<td>&#x00a0;&#x00a0;&#x00a0;&#x00a0;Circumflex</td>
								<td align="center">32 (22.5)</td>
								<td align="center">10 (27.8)</td>
								<td align="center"/>
							</tr>
							<tr>
								<td>&#x00a0;&#x00a0;&#x00a0;&#x00a0;Anterior descending</td>
								<td align="center">75 (52.8)</td>
								<td align="center">22 (61.1)</td>
								<td align="center"/>
							</tr>
							<tr>
								<td>Reference diameter, mm</td>
								<td align="center">2.5 ± 0.54</td>
								<td align="center">2.6 ± 0.49</td>
								<td align="center">0.68</td>
							</tr>
							<tr>
								<td>Lesion length, mm</td>
								<td align="center">13.6 ± 5.7</td>
								<td align="center">13.7 ± 4.9</td>
								<td align="center">0.69</td>
							</tr>
							<tr>
								<td>&gt; 1 stent implanted</td>
								<td align="center">4 (2.8)</td>
								<td align="center">2 (5.6)</td>
								<td align="center">0.42</td>
							</tr>
							<tr>
								<td>Stent diameter, mm</td>
								<td align="center">3.0 ± 0.3</td>
								<td align="center">3.0 ± 0.4</td>
								<td align="center">0.85</td>
							</tr>
							<tr>
								<td>Total length of the stent, mm</td>
								<td align="center">22.6 ± 5.0</td>
								<td align="center">23.2 ± 5.1</td>
								<td align="center">0.40</td>
							</tr>
							<tr>
								<td>Direct stenting, n (%)</td>
								<td align="center"/>
								<td align="center"/>
								<td align="center">0.23</td>
							</tr>
							<tr>
								<td>&#x00a0;&#x00a0;&#x00a0;&#x00a0;Successful</td>
								<td align="center">73 (51.4)</td>
								<td align="center">24 (66.7)</td>
								<td align="center"/>
							</tr>
							<tr>
								<td>&#x00a0;&#x00a0;&#x00a0;&#x00a0;Unsuccessful</td>
								<td align="center">10 (7.0)</td>
								<td align="center">1 (2.8)</td>
								<td align="center"/>
							</tr>
							<tr>
								<td>&#x00a0;&#x00a0;&#x00a0;&#x00a0;Unrealized</td>
								<td align="center">59 (41.6)</td>
								<td align="center">11 (30.6)</td>
								<td align="center"/>
							</tr>
						</tbody>
					</table>
					<table-wrap-foot>
						<fn>
							<p>DES, drug-eluting stent; BMS, bare-metal stent; CABG, coronary artery bypass
                        graft; PCI, percutaneous coronary intervention.</p>
						</fn>
					</table-wrap-foot>
				</table-wrap>
				<p>The angiographic diameters pre- and immediately post-procedure showed no differences
               between groups (<xref ref-type="table" rid="t05">Table 2</xref>). In the angiographic
               follow-up of 9 months, BP-DES showed a greater minimum lumen diameter (1.9 ± 0.5 mm
               vs. 1.4 ± 0.65 mm, <italic>p</italic> &lt; 0.01), less late loss (0.40 mm ± 0.42 vs.
               0.90 ± 0.47 mm; <italic>p</italic> &lt; 0.01), and less binary restenosis (7.4% vs.
               25%, <italic>p</italic> &lt; 0.01), compared to BMS.</p>
				<table-wrap id="t05">
					<label>TABLE 2</label>
					<caption>
						<title>Quantitative coronary angiography</title>
					</caption>
					<table frame="hsides" rules="groups">
						<thead>
							<tr>
								<th>
									<bold>Variables</bold>
								</th>
								<th align="center">
									<bold>BP-DES (n = 142)</bold>
								</th>
								<th align="center">
									<bold>BMS (n = 36)</bold>
								</th>
								<th align="center">
									<bold>
										<italic>p value</italic>
									</bold>
								</th>
							</tr>
						</thead>
						<tbody>
							<tr>
								<td>Pre-procedure</td>
								<td align="center"/>
								<td align="center"/>
								<td align="center"/>
							</tr>
							<tr>
								<td>&#x00a0;&#x00a0;&#x00a0;&#x00a0;Reference diameter, mm</td>
								<td align="center">2.60 ± 0.49</td>
								<td align="center">2.50 ± 0.54</td>
								<td align="center">0.68</td>
							</tr>
							<tr>
								<td>&#x00a0;&#x00a0;&#x00a0;&#x00a0;Minimal luminal diameter, mm</td>
								<td align="center">1.10 ± 0.24</td>
								<td align="center">1.10 ± 0.24</td>
								<td align="center">0.66</td>
							</tr>
							<tr>
								<td>Post-procedure</td>
								<td align="center"/>
								<td align="center"/>
								<td align="center"/>
							</tr>
							<tr>
								<td>&#x00a0;&#x00a0;&#x00a0;&#x00a0;Minimal luminal diameter, mm</td>
								<td align="center">2.30 ± 0.35</td>
								<td align="center">2.30 ± 0.42</td>
								<td align="center">0.96</td>
							</tr>
							<tr>
								<td>Late follow-up (nine months)</td>
								<td align="center"/>
								<td align="center"/>
								<td align="center"/>
							</tr>
							<tr>
								<td>&#x00a0;&#x00a0;&#x00a0;&#x00a0;Minimal luminal diameter, mm</td>
								<td align="center">1.90 ± 0.50</td>
								<td align="center">1.40 ± 0.65</td>
								<td align="center">&lt; 0.01</td>
							</tr>
							<tr>
								<td>&#x00a0;&#x00a0;&#x00a0;&#x00a0;Stenosis diameter, %</td>
								<td align="center">25.5 ± 14.5</td>
								<td align="center">42.2 ± 23.1</td>
								<td align="center">&lt; 0.01</td>
							</tr>
							<tr>
								<td>&#x00a0;&#x00a0;&#x00a0;&#x00a0;Late loss, mm</td>
								<td align="center">0.40 ± 0.42</td>
								<td align="center">0.90 ± 0.47</td>
								<td align="center">&lt; 0.01</td>
							</tr>
							<tr>
								<td>&#x00a0;&#x00a0;&#x00a0;&#x00a0;Net gain, mm</td>
								<td align="center">0.90 ± 0.51</td>
								<td align="center">0.30 ± 0.60</td>
								<td align="center">&lt; 0.01</td>
							</tr>
							<tr>
								<td>&#x00a0;&#x00a0;&#x00a0;&#x00a0;Binary restenosis, %</td>
								<td align="center">7.4</td>
								<td align="center">25</td>
								<td align="center">&lt; 0.01</td>
							</tr>
						</tbody>
					</table>
					<table-wrap-foot>
						<fn>
							<p>BP-DES, Biodegradable-polymer drug-eluting stents; BMS, bare-metal
                        stent.</p>
						</fn>
					</table-wrap-foot>
				</table-wrap>
				<p>The figure shows the cumulative events through 5 years of follow-up. BP-DES group
               showed lower rates of combined endpoint of cardiac death, myocardial infarction, and
               target vessel revascularization (16.2% vs. 38.9%; <italic>p</italic> &lt; 0.01) at
               the expense of lower rates of target vessel revascularization (9.9% vs. 36.1%;
                  <italic>p</italic> &lt; 0.01). There was no difference in cardiac death and
               myocardial infarction rates between groups. There was also no difference in the
               incidence of probable or definite stent thrombosis (2.8% vs. 0%, <italic>p</italic> =
               0.30; <xref ref-type="table" rid="t06">Table 3</xref>).</p>
				<fig id="f02">
					<label>Figure</label>
					<caption>
						<title>Kaplan-Meier curves for major adverse cardiac events (A), target-vessel
                     revascularization (B) and stent thrombosis (C). BMS, bare metal stent; BP-DES,
                     biodegradable-polymer drug-eluting stent.</title>
					</caption>
					<graphic xlink:href="http://localhost:5555/assets/images/0104-1843-rbci-22-04-0390-gf03-en.jpg"/>
				</fig>
				<table-wrap id="t06">
					<label>TABLE 3</label>
					<caption>
						<title>Clinical events at 5-year follow-up</title>
					</caption>
					<table frame="hsides" rules="groups">
						<thead>
							<tr>
								<th>
									<bold>Outcomes</bold>
								</th>
								<th align="center">
									<bold>BP-DES (n = 142)</bold>
								</th>
								<th align="center">
									<bold>BMS (n = 36)</bold>
								</th>
								<th align="center">
									<bold>
										<italic>p value</italic>
									</bold>
								</th>
							</tr>
						</thead>
						<tbody>
							<tr>
								<td>Death, n (%)</td>
								<td align="center">17 (12.0)</td>
								<td align="center">1 (2.8)</td>
								<td align="center">0.10</td>
							</tr>
							<tr>
								<td>&#x00a0;&#x00a0;&#x00a0;&#x00a0;Cardiac</td>
								<td align="center">7 (4.9)</td>
								<td align="center">0</td>
								<td align="center"/>
							</tr>
							<tr>
								<td>&#x00a0;&#x00a0;&#x00a0;&#x00a0;Non-cardiac</td>
								<td align="center">10 (7.0)</td>
								<td align="center">1 (2.8)</td>
								<td align="center"/>
							</tr>
							<tr>
								<td>Myocardial infarction, n (%)</td>
								<td align="center">15 (10.6)</td>
								<td align="center">4 (11.1)</td>
								<td align="center">0.92</td>
							</tr>
							<tr>
								<td>&#x00a0;&#x00a0;&#x00a0;&#x00a0;Q-wave</td>
								<td align="center">9 (6.3)</td>
								<td align="center">1 (2.8)</td>
								<td align="center"/>
							</tr>
							<tr>
								<td>&#x00a0;&#x00a0;&#x00a0;&#x00a0;No Q-wave</td>
								<td align="center">6 (4.2)</td>
								<td align="center">3 (8.3)</td>
								<td align="center"/>
							</tr>
							<tr>
								<td>Target-lesion revascularization, n (%)</td>
								<td align="center">10 (7.0)</td>
								<td align="center">13 (36.1)</td>
								<td align="center">&lt; 0.01</td>
							</tr>
							<tr>
								<td>&#x00a0;&#x00a0;&#x00a0;&#x00a0;Surgical</td>
								<td align="center">0</td>
								<td align="center">2 (5.6)</td>
								<td align="center"/>
							</tr>
							<tr>
								<td>&#x00a0;&#x00a0;&#x00a0;&#x00a0;Percutaneous</td>
								<td align="center">10 (7.0)</td>
								<td align="center">11 (30.6)</td>
								<td align="center"/>
							</tr>
							<tr>
								<td>Target-vessel revascularization, n (%)</td>
								<td align="center">14 (9.9)</td>
								<td align="center">13 (36.1)</td>
								<td align="center">&lt; 0.01</td>
							</tr>
							<tr>
								<td>&#x00a0;&#x00a0;&#x00a0;&#x00a0;Surgical</td>
								<td align="center">1 (0.7)</td>
								<td align="center">2 (5.6)</td>
								<td align="center"/>
							</tr>
							<tr>
								<td>&#x00a0;&#x00a0;&#x00a0;&#x00a0;Percutaneous</td>
								<td align="center">13 (9.2)</td>
								<td align="center">11 (30.6)</td>
								<td align="center"/>
							</tr>
							<tr>
								<td>MACE, n (%)</td>
								<td align="center">23 (16.2)</td>
								<td align="center">14 (38.9)</td>
								<td align="center">&lt; 0.01</td>
							</tr>
							<tr>
								<td>Stent thrombosis, n (%)</td>
								<td colspan="3" align="center"/>
							</tr>
							<tr>
								<td>&#x00a0;&#x00a0;&#x00a0;&#x00a0;Final</td>
								<td align="center">3 (2.1)</td>
								<td align="center">0</td>
								<td align="center">0.37</td>
							</tr>
							<tr>
								<td>&#x00a0;&#x00a0;&#x00a0;&#x00a0;Probable</td>
								<td align="center">1 (0.7)</td>
								<td align="center">0</td>
								<td align="center">0.61</td>
							</tr>
							<tr>
								<td>&#x00a0;&#x00a0;&#x00a0;&#x00a0;Probable</td>
								<td align="center">3 (2.1)</td>
								<td align="center">0</td>
								<td align="center">0.37</td>
							</tr>
							<tr>
								<td>&#x00a0;&#x00a0;&#x00a0;&#x00a0;Definite or probable</td>
								<td align="center">4 (2.8)</td>
								<td align="center">0</td>
								<td align="center">0.30</td>
							</tr>
							<tr>
								<td>&#x00a0;&#x00a0;&#x00a0;&#x00a0;Definite, probable, or possible</td>
								<td align="center">7 (4.9)</td>
								<td align="center">0</td>
								<td align="center">0.17</td>
							</tr>
						</tbody>
					</table>
					<table-wrap-foot>
						<fn>
							<p>BP-DES, biodegradable-polymer drug-eluting stents; BMS, bare-metal stent;
                        MACE, major adverse cardiac events.</p>
						</fn>
					</table-wrap-foot>
				</table-wrap>
			</sec>
			<sec sec-type="discussion">
				<title>DISCUSSION</title>
				<p>The use of BP-DES compared to BMS with the same platform was effective in reducing
               angiographic restenosis after 9 months of follow-up and the incidence of major
               adverse cardiac events in the 5-year follow-up in a population at high risk for
               restenosis. A long-term benefit was obtained by reducing the need for target vessel
               revascularization, which translated into less clinical restenosis. Furthermore,
               BP-DES demonstrated good safety, with no difference in the occurrence of stent
               thrombosis according to the ARC definition when compared to BMS.</p>
				<p>It has been shown that DES reduce the restenosis rate,<xref ref-type="bibr" rid="B02">2</xref> with some remaining issues related to safety, particularly the incidence
               of late and very late thrombosis. <xref ref-type="bibr" rid="B07">7</xref>
					<sup>,</sup>
					<xref ref-type="bibr" rid="B08">8</xref>
					<sup>,</sup>
					<xref ref-type="bibr" rid="B12">12</xref> BP-DES devices were developed to reduce this
               problem, thus facilitating stent strut re-endothelialization, making them similar to
               BMS after drug delivery, and with less tendency towards stent thrombosis. Another
               condition observed in some studies with long-term follow-up is the catch-up
               phenomenon, that is, a delayed reduction in the luminal area of the stent, which
               could be caused by an inflammatory response produced by the polymer in the
                  stent.<xref ref-type="bibr" rid="B13">13</xref>
					<sup>,</sup>
					<xref ref-type="bibr" rid="B14">14</xref> Theoretically, this problem could be minimized by the use of
               biodegradable polymers.</p>
				<p>There is no information on the effectiveness and safety of these devices in the very
               long-term, especially in the subgroup of patients at high risk of restenosis, that
               is, the subgroup theoretically more benefited by this strategy. While diabetes,
               small-caliber vessels, and extensive lesions increase the occurrence of restenosis, a
               complication which, arguably, is generally minimized with the use of DES;<xref ref-type="bibr" rid="B03">3</xref>
					<sup>-</sup>
					<xref ref-type="bibr" rid="B05">5</xref> these features are also described as predictors of stent thrombosis,
               which is a concern when using DES. <xref ref-type="bibr" rid="B15">15</xref> This
               study demonstrated the effectiveness of BP-DES in reducing angiographic restenosis at
               9 months and in diminishing clinical events compared with BMS in a long-term clinical
               follow-up, with no significant increase in probable or definite stent thrombosis,
               according to ARC.</p>
				<p>A recent meta-analysis covering 258,544 patient-years of follow-up compared various
               types of DES with durable polymers with BP-DES. In that study, the authors noted that
               sirolimus-eluting stents with biodegradable polymers were superior to the
               first-generation of paclitaxel-eluting stents (relative risk [RR] = 0.66; 95%
               confidence interval [95% CI]: 0.57-0.78) and to Endeavor<sup>®</sup>
               zotarolimus-eluting stent (RR = 0.69; 95% CI: 0.56-0.84), but not superior to the
               new-generation DES with durable polymer (e.g. , RR = 1.03; 95% CI: 0.89 = 1.21) vs.
               everolimus-eluting stents with chromium-cobalt platform. However, in relation to
               stent thrombosis, BP-DES were superior to sirolimus-eluting stents for definite stent
               thrombosis (RR = 0.29; 95% CI: 0.10-0.92), but the use of that device was associated
               with greater mortality, compared with new-generation everolimus-eluting stents with
               durable polymer and a chromium-cobalt platform (RR = 1.52; 95% CI: 1.02-2.22). <xref ref-type="bibr" rid="B16">16</xref> None of these studies, however, was designed
               specifically for patients at high risk of restenosis.</p>
			</sec>
			<sec sec-type="conclusions">
				<title>CONCLUSIONS</title>
				<p>This study supported the evidence that drug-eluting stents with biodegradable
               polymers are effective in reducing restenosis, without increasing the risk of stent
               thrombosis in long-term follow-up, compared to bare metal stents with the same
               platform, in a population at high risk of restenosis.</p>
			</sec>
		</body>
		<back>
			<fn-group>
				<fn fn-type="financial-disclosure">
					<p>
						<bold>FUNDING SOURCE</bold>
					</p>
					<p>None.</p>
				</fn>
			</fn-group>
		</back>
	</sub-article>
</article>
